Reactive,Active,Time
485.21241760253906,-157.21972274780273,0
480.5169982910156,-165.7804412841797,1
478.75364685058594,-168.0351676940918,2
482.1020050048828,-161.49554443359375,3
484.0648498535156,-158.74376678466797,4
486.321533203125,-154.24796676635742,5
480.3091278076172,-164.4821662902832,6
481.842041015625,-158.98249053955078,7
492.0370788574219,-137.27331161499023,8
475.08265686035156,-169.3513641357422,9
484.1209259033203,-146.795654296875,10
477.68101501464844,-157.83895111083984,11
479.64793395996094,-152.58531188964844,12
478.1393280029297,-154.57483291625977,13
474.21922302246094,-161.7066650390625,14
474.9619903564453,-159.78468704223633,15
475.0242462158203,-161.0921401977539,16
479.95509338378906,-153.5994987487793,17
475.2208557128906,-165.19049835205078,18
479.8992004394531,-156.5170783996582,19
478.8424987792969,-159.6599578857422,20
477.0808868408203,-163.6658477783203,21
480.0867919921875,-157.62873458862305,22
477.21478271484375,-164.11100006103516,23
476.95188903808594,-164.77267456054688,24
479.6147918701172,-159.94173431396484,25
482.06483459472656,-155.66690826416016,26
476.65562438964844,-165.92890548706055,27
479.4348449707031,-158.91879272460938,28
478.55213928222656,-160.11639404296875,29
481.12696838378906,-154.07321548461914,30
475.6153106689453,-163.7318572998047,31
473.14892578125,-166.96893310546875,32
474.2801055908203,-164.65033721923828,33
473.12457275390625,-168.82129669189453,34
476.3341827392578,-164.8985252380371,35
474.1647033691406,-172.05085372924805,36
478.4220428466797,-165.20955276489258,37
481.04310607910156,-160.99386978149414,38
478.5542907714844,-165.37033081054688,39
476.1058044433594,-168.06646728515625,40
470.318115234375,-178.11125564575195,41
479.77684020996094,-159.0439796447754,42
473.962646484375,-172.22731018066406,43
476.42738342285156,-166.8182373046875,44
473.0587463378906,-172.96393203735352,45
479.56480407714844,-160.01504516601562,46
475.1605224609375,-169.61701583862305,47
473.15533447265625,-172.95101165771484,48
477.8352355957031,-162.89422988891602,49
474.29644775390625,-170.06427383422852,50
477.76812744140625,-162.52102661132812,51
468.4058532714844,-180.91057205200195,52
472.7729187011719,-171.98247528076172,53
478.4941864013672,-162.49652481079102,54
476.5870056152344,-168.00891494750977,55
472.79933166503906,-174.98864364624023,56
471.7187805175781,-176.60982513427734,57
473.19744873046875,-175.36652755737305,58
475.0337677001953,-174.28899765014648,59
473.1532745361328,-180.3856315612793,60
470.89324951171875,-186.7965316772461,61
477.34043884277344,-176.3671646118164,62
471.901611328125,-190.8551025390625,63
479.09193420410156,-178.9317283630371,64
474.3069305419922,-191.5000762939453,65
484.0670928955078,-173.3459930419922,66
485.56883239746094,-171.50968551635742,67
482.32054138183594,-176.1624870300293,68
479.57936096191406,-176.89078521728516,69
473.2371368408203,-185.24864959716797,70
476.21356201171875,-176.72284698486328,71
470.6648254394531,-188.05645751953125,72
475.87229919433594,-178.9189453125,73
477.3428649902344,-178.85133361816406,74
474.0355682373047,-187.46713256835938,75
480.77439880371094,-174.40070343017578,76
473.2288055419922,-190.6626319885254,77
474.95960998535156,-186.8627471923828,78
474.5701446533203,-188.72264099121094,79
473.7435607910156,-193.10472106933594,80
475.27162170410156,-193.10874938964844,81
481.50453186035156,-183.76337814331055,82
475.19970703125,-198.86260986328125,83
479.353271484375,-191.05546188354492,84
477.6133575439453,-196.4285888671875,85
480.72825622558594,-192.65789794921875,86
483.8139953613281,-188.52843475341797,87
480.7321472167969,-195.55451202392578,88
482.95225524902344,-190.43639755249023,89
478.6409454345703,-198.69637298583984,90
482.72447204589844,-190.58228302001953,91
475.2422332763672,-207.15847778320312,92
479.6966857910156,-199.89562225341797,93
482.53871154785156,-197.6301727294922,94
483.4438934326172,-198.9386444091797,95
484.0924987792969,-199.0675506591797,96
479.4394226074219,-209.12484741210938,97
482.29925537109375,-204.4797134399414,98
485.4628601074219,-200.76947021484375,99
531.1668548583984,-159.95478057861328,100
604.6799011230469,-103.76213455200195,101
626.0550384521484,-78.04775619506836,102
580.0980377197266,-81.58090209960938,103
512.3107452392578,-94.05168914794922,104
448.2985382080078,-117.48952102661133,105
446.2273406982422,-108.6364631652832,106
510.15074157714844,-69.07051849365234,107
583.0592193603516,-23.93037700653076,108
594.3126525878906,-21.74544048309326,109
550.9368896484375,-32.09782791137695,110
489.4306640625,-52.120805740356445,111
435.91868591308594,-71.84866333007812,112
423.9144287109375,-86.76829147338867,113
488.73619079589844,-47.43869876861572,114
569.7566070556641,-1.893446147441864,115
578.5691528320312,-22.11580181121826,116
543.7534790039062,-27.927815437316895,117
483.0856475830078,-55.471750259399414,118
435.6995086669922,-72.70361709594727,119
435.8445281982422,-74.80605125427246,120
498.5215301513672,-44.36667442321777,121
573.4454040527344,-7.900413751602173,122
589.2848052978516,-5.401391506195068,123
543.6548767089844,-25.238571166992188,124
485.389892578125,-50.005937576293945,125
444.2652282714844,-55.552791595458984,126
428.9248352050781,-74.20743942260742,127
477.6422424316406,-59.78001022338867,128
554.6816711425781,-25.41020107269287,129
597.54638671875,-3.480872392654419,130
561.2762145996094,-36.194915771484375,131
510.0150146484375,-53.78552055358887,132
464.59693908691406,-72.64909172058105,133
446.78411865234375,-84.84493446350098,134
482.43479919433594,-84.60582733154297,135
566.8720092773438,-40.876094818115234,136
608.3392639160156,-32.95686149597168,137
586.5179901123047,-50.77779579162598,138
539.8510437011719,-66.41431045532227,139
496.44122314453125,-82.48124885559082,140
463.62652587890625,-100.58633422851562,141
481.19517517089844,-97.0147819519043,142
546.2124481201172,-79.28348922729492,143
619.6192932128906,-41.153340339660645,144
619.5142364501953,-50.60899543762207,145
572.5421905517578,-74.39380645751953,146
525.4144592285156,-99.91739273071289,147
498.71282958984375,-98.52116775512695,148
483.0941619873047,-120.48345565795898,149
523.0177459716797,-112.87527465820312,150
591.7025299072266,-95.03013610839844,151
627.7213439941406,-87.85890197753906,152
599.2026214599609,-114.97428131103516,153
562.5396423339844,-121.60536575317383,154
529.1441802978516,-129.21660232543945,155
512.0348052978516,-133.44594955444336,156
528.7925720214844,-139.06061553955078,157
578.9539489746094,-136.9031753540039,158
629.1992797851562,-122.42199325561523,159
630.4260406494141,-127.0718765258789,160
592.4462127685547,-144.5994758605957,161
554.9766998291016,-155.8861427307129,162
526.69921875,-166.95608139038086,163
536.4575042724609,-169.32870483398438,164
596.7643890380859,-148.89052963256836,165
647.4759521484375,-143.2983627319336,166
651.5130157470703,-142.19435119628906,167
613.2206268310547,-156.23717880249023,168
570.7167205810547,-173.4389533996582,169
541.5283355712891,-178.5080337524414,170
542.9255676269531,-184.1297149658203,171
597.1406707763672,-163.65359115600586,172
652.7291564941406,-151.51558685302734,173
663.1978912353516,-147.66815185546875,174
627.4590911865234,-160.66647720336914,175
584.3616027832031,-178.86540985107422,176
556.6268463134766,-177.40856552124023,177
545.4065551757812,-187.31865692138672,178
576.6967620849609,-184.8636932373047,179
640.4283142089844,-155.45134735107422,180
661.8088073730469,-156.42874145507812,181
643.3928833007812,-156.8246955871582,182
606.0107574462891,-171.32477188110352,183
576.5343017578125,-176.28086471557617,184
554.18115234375,-185.3060646057129,185
559.9106140136719,-194.24839782714844,186
612.4203186035156,-176.02779006958008,187
659.8098449707031,-168.86656951904297,188
659.8379058837891,-179.52051544189453,189
636.6361541748047,-173.5521583557129,190
606.7456512451172,-174.95756149291992,191
581.6827697753906,-174.6493377685547,192
550.0813293457031,-207.56641387939453,193
567.5034027099609,-205.0810775756836,194
628.5261840820312,-188.77985000610352,195
690.6611938476562,-162.44303512573242,196
687.6457672119141,-170.66777801513672,197
655.4250640869141,-170.60429763793945,198
620.0568695068359,-176.82435607910156,199
585.5899658203125,-190.93497848510742,200
565.7366638183594,-194.95584869384766,201
578.1069030761719,-191.18177032470703,202
617.35693359375,-197.6602020263672,203
662.2811279296875,-188.43384552001953,204
668.0322875976562,-191.4938507080078,205
643.9316253662109,-198.44689178466797,206
617.3564758300781,-199.35658264160156,207
593.3599548339844,-203.4246597290039,208
582.8387603759766,-210.28953552246094,209
605.0703277587891,-207.49964904785156,210
643.4030456542969,-209.56040954589844,211
671.4117279052734,-205.23914337158203,212
664.2900238037109,-209.14290618896484,213
639.1434173583984,-212.95626068115234,214
611.6787872314453,-219.22570037841797,215
604.5291137695312,-206.17112731933594,216
608.0309600830078,-214.04871368408203,217
635.1627502441406,-206.5213165283203,218
649.2659912109375,-218.54576110839844,219
650.8327331542969,-219.74024963378906,220
637.4905242919922,-222.24781036376953,221
629.4914703369141,-210.87201690673828,222
619.0961151123047,-214.0326919555664,223
616.2226409912109,-216.2390899658203,224
624.5063323974609,-216.43439483642578,225
635.7797698974609,-225.30162048339844,226
652.9637145996094,-217.16748046875,227
653.2636871337891,-220.04173278808594,228
648.403564453125,-207.5027618408203,229
621.7483978271484,-226.36875915527344,230
609.1529388427734,-224.00017547607422,231
617.6805267333984,-216.32272338867188,232
633.9255981445312,-229.60450744628906,233
660.2477874755859,-222.04351043701172,234
670.1466064453125,-215.5088882446289,235
653.8333740234375,-221.35480499267578,236
623.197998046875,-237.17887115478516,237
618.1048736572266,-215.66212463378906,238
619.5508117675781,-221.6066436767578,239
642.2265014648438,-212.92005157470703,240
651.9015655517578,-221.05355072021484,241
650.4393310546875,-220.95181274414062,242
636.9546203613281,-222.44522094726562,243
625.6804962158203,-218.29440307617188,244
614.2362670898438,-230.30509185791016,245
626.5501098632812,-225.78021240234375,246
649.2481384277344,-225.48831939697266,247
662.9436492919922,-230.08271026611328,248
666.7662048339844,-215.53141021728516,249
647.8134613037109,-217.73677825927734,250
622.4507904052734,-224.48632049560547,251
605.6628112792969,-229.406982421875,252
613.0783996582031,-230.4074249267578,253
652.7335968017578,-214.75392150878906,254
678.8541870117188,-216.11105346679688,255
671.3153686523438,-222.15000915527344,256
648.6811981201172,-216.64576721191406,257
621.7177734375,-219.23748779296875,258
601.1542510986328,-225.5342788696289,259
604.2068481445312,-231.3988494873047,260
646.4901580810547,-218.95578002929688,261
688.5463714599609,-209.0551986694336,262
686.9283142089844,-214.8501205444336,263
659.6939392089844,-215.09127044677734,264
631.1353454589844,-212.49478912353516,265
604.0251159667969,-217.63236236572266,266
590.9138946533203,-225.75416564941406,267
618.7222595214844,-216.12577056884766,268
665.2690887451172,-209.3943099975586,269
684.0884857177734,-209.80318450927734,270
664.1760864257812,-216.6398162841797,271
638.3432006835938,-213.46309661865234,272
610.9714050292969,-220.27597045898438,273
599.3353729248047,-218.08248138427734,274
607.9708557128906,-226.4037322998047,275
644.942138671875,-225.608642578125,276
673.9602355957031,-233.92648315429688,277
691.250244140625,-210.73514556884766,278
663.8192138671875,-225.8557891845703,279
638.7373809814453,-220.93666076660156,280
612.1906585693359,-226.8841323852539,281
598.8367767333984,-232.43108367919922,282
620.3347320556641,-225.0347900390625,283
660.3006134033203,-223.91699981689453,284
682.8873138427734,-227.12010955810547,285
679.5591888427734,-216.38397216796875,286
646.9263610839844,-230.9575653076172,287
621.6163330078125,-230.80792236328125,288
611.2982025146484,-220.2249984741211,289
612.4373474121094,-230.23997497558594,290
636.1925811767578,-235.02978515625,291
669.767578125,-226.76046752929688,292
675.9070587158203,-235.88790893554688,293
665.7763824462891,-228.22277069091797,294
640.3699493408203,-232.47978973388672,295
615.6356964111328,-241.2883529663086,296
608.5037384033203,-245.2764129638672,297
637.877197265625,-232.73162841796875,298
671.7196655273438,-238.1334686279297,299
690.5224914550781,-228.95018005371094,300
671.1880187988281,-237.53219604492188,301
643.7884368896484,-241.7996063232422,302
621.9570922851562,-242.62085723876953,303
611.5170135498047,-251.0899200439453,304
634.9140014648438,-246.95457458496094,305
675.0200958251953,-243.40930938720703,306
700.7020568847656,-233.53424835205078,307
684.2931518554688,-243.32503509521484,308
657.6865081787109,-244.2912826538086,309
625.43115234375,-260.81854248046875,310
618.4998321533203,-251.52335357666016,311
637.8633728027344,-246.78137969970703,312
670.5218811035156,-252.11089324951172,313
695.8976898193359,-242.74758911132812,314
688.3278350830078,-243.56121826171875,315
659.4896392822266,-254.6246337890625,316
633.8470916748047,-260.05126190185547,317
624.7137908935547,-257.18701171875,318
637.6685028076172,-259.13291931152344,319
670.3053131103516,-257.55615234375,320
692.5835266113281,-259.9123992919922,321
689.8298950195312,-264.3438491821289,322
672.3279876708984,-263.92771911621094,323
651.0172119140625,-267.24000549316406,324
638.3064880371094,-270.42716217041016,325
645.2372131347656,-274.36070251464844,326
680.3061218261719,-263.13773345947266,327
710.7869567871094,-254.23784637451172,328
704.8112182617188,-260.2971725463867,329
678.4872436523438,-266.63724517822266,330
644.6949005126953,-287.0329284667969,331
637.7379455566406,-274.5197525024414,332
652.9898071289062,-272.36224365234375,333
683.9018096923828,-279.71763610839844,334
714.3940887451172,-267.20056915283203,335
707.6603851318359,-275.4696807861328,336
685.1721038818359,-277.7471466064453,337
663.9383697509766,-274.74229431152344,338
642.1414031982422,-286.2136917114258,339
651.6634368896484,-273.67476654052734,340
681.4109344482422,-268.5486145019531,341
703.4595336914062,-273.3347854614258,342
702.8072662353516,-274.4695129394531,343
680.0540771484375,-286.9248504638672,344
662.0639190673828,-286.36839294433594,345
652.8343048095703,-291.5486526489258,346
671.0401153564453,-283.82503509521484,347
698.3048400878906,-282.2113037109375,348
707.2655639648438,-289.3680953979492,349
703.2810974121094,-280.36244201660156,350
684.2675628662109,-283.79736328125,351
662.0014343261719,-294.7359924316406,352
655.8212127685547,-296.6549377441406,353
680.8419799804688,-281.69105529785156,354
702.6045684814453,-294.03865814208984,355
716.0575103759766,-290.2207489013672,356
708.6053466796875,-288.25646209716797,357
693.0626220703125,-283.30870056152344,358
668.1545562744141,-296.6842575073242,359
658.2389831542969,-296.6788330078125,360
671.2332916259766,-294.46852111816406,361
700.2794494628906,-297.2066116333008,362
725.6962280273438,-294.6757278442383,363
725.7837066650391,-295.405517578125,364
706.6346740722656,-298.2304000854492,365
686.0258331298828,-297.8818359375,366
668.5548248291016,-303.69239044189453,367
670.9631652832031,-300.66442108154297,368
695.8352508544922,-288.68719482421875,369
711.9570922851562,-295.2966613769531,370
712.7896728515625,-296.8008499145508,371
695.5672302246094,-306.4468231201172,372
685.3903198242188,-298.1569519042969,373
680.8451385498047,-295.10984802246094,374
681.654052734375,-302.51497650146484,375
695.2063293457031,-299.84568786621094,376
705.7413940429688,-304.74034881591797,377
718.2441101074219,-289.0912170410156,378
699.2682952880859,-312.5024871826172,379
688.6723937988281,-306.1721878051758,380
683.0366821289062,-304.5999526977539,381
692.7776184082031,-296.73900604248047,382
703.2906646728516,-297.0372848510742,383
710.0356292724609,-291.9953842163086,384
703.3229827880859,-292.47122955322266,385
683.3963012695312,-307.12770080566406,386
679.6744079589844,-298.1293487548828,387
689.3652191162109,-288.1387710571289,388
697.9225616455078,-291.3404846191406,389
699.9659271240234,-294.4314422607422,390
694.1078338623047,-300.4540100097656,391
693.99755859375,-291.16866302490234,392
690.9087524414062,-291.90423583984375,393
684.4530487060547,-301.97190856933594,394
684.9635009765625,-304.36253356933594,395
700.5477447509766,-292.3805236816406,396
711.551513671875,-289.6024703979492,397
709.7005920410156,-288.9991149902344,398
689.855712890625,-304.8518371582031,399
684.9913330078125,-289.7288131713867,400
679.083251953125,-294.9784927368164,401
680.7519378662109,-304.2370834350586,402
701.9300994873047,-291.0919189453125,403
713.562744140625,-294.1472854614258,404
711.8346862792969,-295.4440155029297,405
699.3220825195312,-297.05657958984375,406
687.8449859619141,-293.5560836791992,407
674.5887451171875,-302.36865234375,408
676.9901733398438,-302.8092956542969,409
701.4197845458984,-289.61473846435547,410
717.6703491210938,-293.1719055175781,411
717.0716857910156,-295.37610626220703,412
704.8539276123047,-294.1482696533203,413
685.130859375,-303.39239501953125,414
678.3463897705078,-296.98915100097656,415
677.2514190673828,-305.9211730957031,416
698.2096252441406,-298.70958709716797,417
715.4840698242188,-302.95084381103516,418
723.8645324707031,-297.9045181274414,419
712.3146514892578,-303.48323822021484,420
697.3802032470703,-303.07523345947266,421
690.0444946289062,-292.44190979003906,422
680.3692932128906,-301.23314666748047,423
688.0338134765625,-294.8569793701172,424
695.8778686523438,-305.09619140625,425
711.2395935058594,-297.42430114746094,426
710.8175354003906,-304.08565521240234,427
707.43017578125,-297.7723846435547,428
695.1281433105469,-302.3422164916992,429
690.9443664550781,-297.5193786621094,430
686.1041107177734,-307.8287887573242,431
693.4713592529297,-307.30684661865234,432
709.7342834472656,-301.8247833251953,433
712.9903564453125,-313.7976608276367,434
717.4632110595703,-300.36939239501953,435
707.4927978515625,-305.2356262207031,436
696.1579284667969,-307.58402252197266,437
687.8807373046875,-310.9155578613281,438
694.2265319824219,-302.81982421875,439
700.4974822998047,-311.15750885009766,440
711.2084197998047,-309.3087387084961,441
716.7041931152344,-306.20230865478516,442
716.9372863769531,-298.7787094116211,443
701.6163482666016,-308.50394439697266,444
688.5764465332031,-311.67613220214844,445
687.3777008056641,-308.81886291503906,446
701.8056335449219,-301.30057525634766,447
709.8861694335938,-312.38136291503906,448
720.6579895019531,-300.1790771484375,449
706.5592803955078,-318.96141815185547,450
697.194580078125,-317.45130157470703,451
691.2554168701172,-322.0210647583008,452
704.5611419677734,-313.67227935791016,453
716.4254150390625,-318.2753219604492,454
728.3028259277344,-308.3925476074219,455
724.7631225585938,-305.98400115966797,456
707.8236694335938,-313.3860626220703,457
689.3471832275391,-321.5233383178711,458
686.6930236816406,-318.4142303466797,459
698.8775939941406,-321.40869140625,460
723.9339294433594,-317.04686737060547,461
734.6932067871094,-322.32694244384766,462
733.4830169677734,-315.629150390625,463
714.1708374023438,-324.7475051879883,464
699.6453094482422,-322.5911636352539,465
690.9754486083984,-326.11804962158203,466
699.3034057617188,-325.2129592895508,467
718.3715972900391,-324.2197494506836,468
737.3589019775391,-315.2804489135742,469
738.7370452880859,-311.66333770751953,470
723.1582946777344,-315.462890625,471
702.4411468505859,-321.93617248535156,472
693.9032592773438,-313.2300338745117,473
684.4080505371094,-330.56266021728516,474
703.7890777587891,-320.5350036621094,475
729.1397552490234,-317.30774688720703,476
744.8084106445312,-312.4280090332031,477
740.4392852783203,-305.4349365234375,478
715.9119873046875,-316.9776077270508,479
693.1224517822266,-324.29722595214844,480
682.080322265625,-325.8299102783203,481
696.7291717529297,-316.1341552734375,482
719.5922241210938,-321.9326934814453,483
738.9070129394531,-320.8224563598633,484
744.9082489013672,-309.78357696533203,485
731.3541412353516,-309.9803237915039,486
707.2832336425781,-320.68707275390625,487
697.3606567382812,-308.0562744140625,488
681.8351898193359,-325.41741943359375,489
692.2540740966797,-322.74732971191406,490
718.1203765869141,-320.6865234375,491
740.6424407958984,-318.5562286376953,492
746.6818542480469,-308.74278259277344,493
732.86865234375,-307.9017105102539,494
710.7289123535156,-313.82425689697266,495
695.8689880371094,-309.73699951171875,496
685.8986663818359,-310.81922149658203,497
689.4812622070312,-310.5113754272461,498
703.4637451171875,-313.90377044677734,499
722.6956329345703,-307.52647399902344,500
732.6407775878906,-296.0763931274414,501
721.5697174072266,-299.66910552978516,502
702.6593627929688,-305.12574005126953,503
685.2536315917969,-311.64967346191406,504
683.7706604003906,-306.3449935913086,505
695.4926605224609,-307.2857437133789,506
712.3922882080078,-313.6794662475586,507
729.8817901611328,-303.7664337158203,508
726.8445281982422,-307.72499084472656,509
720.2293395996094,-296.24578857421875,510
701.0799865722656,-304.5114440917969,511
690.0251770019531,-301.17675018310547,512
681.3612670898438,-309.4383316040039,513
690.9008331298828,-305.45745849609375,514
706.5234375,-309.8405456542969,515
722.2226715087891,-309.78316497802734,516
734.4751739501953,-293.7956771850586,517
722.7124786376953,-301.08453369140625,518
704.0955505371094,-307.19151306152344,519
694.9279174804688,-296.751708984375,520
682.1974639892578,-308.31969451904297,521
691.74169921875,-297.7434768676758,522
706.44287109375,-294.72633361816406,523
709.1673889160156,-307.7387237548828,524
711.7653350830078,-300.9837341308594,525
705.8027801513672,-302.74415588378906,526
702.8388061523438,-295.0968704223633,527
695.9712982177734,-296.3434066772461,528
688.3287048339844,-301.8321075439453,529
684.7435455322266,-310.0286178588867,530
699.8807830810547,-301.59180450439453,531
714.1629638671875,-307.23802185058594,532
723.6358795166016,-305.5177688598633,533
724.2843017578125,-296.53033447265625,534
708.1712493896484,-306.4237060546875,535
690.2003173828125,-316.6387023925781,536
689.5832061767578,-308.69620513916016,537
703.6761474609375,-301.16590118408203,538
718.7243957519531,-298.5567855834961,539
718.1355743408203,-304.33653259277344,540
711.6673736572266,-299.97276306152344,541
695.4948120117188,-309.5973358154297,542
690.3967437744141,-305.80426025390625,543
688.4639282226562,-316.22486114501953,544
699.40283203125,-322.0388717651367,545
726.1584777832031,-309.5928955078125,546
739.9796447753906,-309.38072204589844,547
732.3837432861328,-315.06610107421875,548
717.2276000976562,-314.26233673095703,549
704.7872772216797,-309.3317413330078,550
685.5677032470703,-327.0883026123047,551
691.4694213867188,-319.1529235839844,552
708.3775634765625,-327.98018646240234,553
736.4391632080078,-323.70103454589844,554
746.5258026123047,-325.3818054199219,555
741.6707611083984,-320.2009963989258,556
720.427001953125,-330.61244201660156,557
705.4774475097656,-330.11107635498047,558
696.6525421142578,-336.3848876953125,559
707.6958618164062,-333.4903564453125,560
726.9561767578125,-338.41461181640625,561
747.5509185791016,-333.1485900878906,562
743.0749053955078,-348.03936767578125,563
733.5551605224609,-346.1348190307617,564
726.2469635009766,-335.21175384521484,565
708.6099700927734,-353.77095794677734,566
710.779541015625,-349.83199310302734,567
735.0442199707031,-331.57559967041016,568
743.4043121337891,-347.72408294677734,569
738.6828460693359,-358.4817123413086,570
732.9952239990234,-353.51087951660156,571
723.7494506835938,-362.46221923828125,572
725.6575012207031,-361.9170455932617,573
731.8377227783203,-370.09593200683594,574
746.9103240966797,-370.4641571044922,575
763.9029235839844,-361.32847595214844,576
764.093994140625,-363.32432556152344,577
752.3173370361328,-364.23687744140625,578
734.6898193359375,-370.10327911376953,579
725.8471069335938,-369.92598724365234,580
726.5271606445312,-376.3746643066406,581
744.4216003417969,-374.2452621459961,582
760.6210784912109,-379.9794387817383,583
770.2526550292969,-377.6981735229492,584
761.9119262695312,-385.84185791015625,585
754.4541778564453,-377.46744537353516,586
742.563720703125,-379.03509521484375,587
734.6042633056641,-384.22718811035156,588
736.3193664550781,-392.9311981201172,589
760.6234130859375,-382.36425018310547,590
778.5390014648438,-384.88787841796875,591
779.2256469726562,-388.87586975097656,592
770.74365234375,-383.20697021484375,593
754.0148162841797,-386.9541320800781,594
736.9998779296875,-395.6197814941406,595
731.9304656982422,-402.59014892578125,596
757.2098693847656,-389.3233337402344,597
783.6275939941406,-391.8453826904297,598
793.916748046875,-391.16111755371094,599
781.6432800292969,-394.56390380859375,600
760.077392578125,-400.7476501464844,601
741.2596435546875,-407.0451965332031,602
738.6384887695312,-410.03050231933594,603
763.3910980224609,-404.21031188964844,604
796.6276245117188,-399.2236633300781,605
808.6196594238281,-397.4830627441406,606
794.1441650390625,-400.16322326660156,607
771.1065673828125,-402.8888397216797,608
751.5039825439453,-404.30470275878906,609
743.7573394775391,-403.32215881347656,610
751.4298706054688,-405.8411865234375,611
770.6075134277344,-412.02854919433594,612
795.4091491699219,-402.8924102783203,613
809.8727416992188,-384.26019287109375,614
787.5635375976562,-404.8512268066406,615
764.474853515625,-410.18280029296875,616
755.5324401855469,-396.0783233642578,617
744.0733337402344,-412.12586975097656,618
755.4033508300781,-410.5344543457031,619
786.0614318847656,-398.33253479003906,620
807.4745178222656,-396.4404602050781,621
805.204833984375,-394.9358367919922,622
785.8897705078125,-397.59800720214844,623
764.8266906738281,-400.6797180175781,624
748.1369934082031,-404.2447814941406,625
744.6393127441406,-408.19390869140625,626
765.2032470703125,-404.34178161621094,627
796.3789672851562,-395.6624450683594,628
811.6592102050781,-387.7719268798828,629
795.230712890625,-400.5028381347656,630
773.4629516601562,-405.1673583984375,631
756.9804840087891,-404.19264221191406,632
752.1393585205078,-399.639404296875,633
757.9096069335938,-402.4896240234375,634
777.1022644042969,-396.5225830078125,635
788.8046264648438,-399.3032684326172,636
794.4325561523438,-388.9741516113281,637
776.9270324707031,-405.0841369628906,638
774.2476501464844,-382.62320709228516,639
756.7471618652344,-396.31224060058594,640
750.4832611083984,-397.9285125732422,641
760.8734893798828,-389.08570861816406,642
775.5322265625,-389.5331726074219,643
780.2799682617188,-396.53521728515625,644
786.5665283203125,-378.9528121948242,645
772.6465759277344,-389.9824676513672,646
760.5869293212891,-390.62571716308594,647
754.1133270263672,-387.3357238769531,648
754.1618957519531,-389.0314636230469,649
764.8219757080078,-387.1317901611328,650
781.1073303222656,-377.93092346191406,651
779.4031677246094,-388.4931335449219,652
773.0713806152344,-388.4930419921875,653
761.54296875,-393.4061737060547,654
760.2465362548828,-388.0792236328125,655
766.4809112548828,-382.64476776123047,656
769.2584838867188,-388.3626251220703,657
770.1626586914062,-390.0241241455078,658
777.7652893066406,-373.1485290527344,659
777.2394104003906,-366.04014587402344,660
759.7655639648438,-383.05751037597656,661
751.0281372070312,-380.5161666870117,662
751.2409057617188,-374.58858489990234,663
752.8148345947266,-386.72108459472656,664
767.3403167724609,-382.57962799072266,665
777.9054565429688,-383.8768615722656,666
785.2757263183594,-375.85382080078125,667
781.3438110351562,-371.3188705444336,668
767.3255767822266,-375.4980926513672,669
748.7574005126953,-388.47486877441406,670
743.4528350830078,-388.2477264404297,671
754.9043884277344,-387.7984313964844,672
778.3075561523438,-389.74159240722656,673
810.3278503417969,-361.1462631225586,674
798.7774658203125,-380.5172424316406,675
784.5480651855469,-373.1968460083008,676
758.7813262939453,-388.49436950683594,677
745.0349578857422,-388.5864715576172,678
747.1751861572266,-383.8241271972656,679
764.5069885253906,-382.7725524902344,680
786.4954833984375,-378.897216796875,681
793.8882751464844,-378.32127380371094,682
785.8992919921875,-378.5321273803711,683
775.0260314941406,-371.08465576171875,684
758.304931640625,-376.5740661621094,685
746.3082275390625,-380.2833938598633,686
746.5374298095703,-380.38524627685547,687
762.6041564941406,-377.7327346801758,688
781.3225708007812,-379.40540313720703,689
790.5445861816406,-378.2502136230469,690
786.3525695800781,-376.0600891113281,691
773.5491027832031,-377.5168991088867,692
759.4987335205078,-382.5837707519531,693
758.7686004638672,-372.12904357910156,694
754.2801361083984,-387.47369384765625,695
774.8755187988281,-361.9655456542969,696
773.3140869140625,-379.65428924560547,697
775.9836730957031,-371.0406188964844,698
766.8847045898438,-378.07628631591797,699
764.1752014160156,-370.64881896972656,700
758.5045623779297,-375.2574234008789,701
759.1474914550781,-375.06053924560547,702
764.2396545410156,-374.2178649902344,703
774.2040710449219,-368.1914520263672,704
773.1200866699219,-374.6785354614258,705
771.2817077636719,-368.75745391845703,706
765.3878631591797,-365.92334747314453,707
753.1593475341797,-377.33516693115234,708
754.9324035644531,-368.7396469116211,709
760.0873718261719,-368.55187225341797,710
766.9593658447266,-369.5357666015625,711
773.8404235839844,-363.83692932128906,712
771.0178527832031,-367.5696487426758,713
764.0999908447266,-369.3487014770508,714
753.7640533447266,-375.8735046386719,715
754.8491821289062,-370.49755096435547,716
767.3509826660156,-360.3448791503906,717
772.1992492675781,-366.3072509765625,718
771.4662780761719,-366.0845031738281,719
764.1077270507812,-368.24073028564453,720
761.2520141601562,-361.43680572509766,721
755.8763580322266,-366.3452453613281,722
758.5512084960938,-360.49710845947266,723
763.0780334472656,-356.62808990478516,724
766.6779327392578,-353.59545135498047,725
763.642822265625,-357.0955810546875,726
756.3159484863281,-361.7123794555664,727
751.784912109375,-361.37816619873047,728
758.6770935058594,-348.2350616455078,729
754.7594146728516,-363.44215393066406,730
761.3937835693359,-352.8903121948242,731
761.1084136962891,-356.26739501953125,732
763.1621246337891,-350.27398681640625,733
756.3962860107422,-355.5029754638672,734
753.4109344482422,-351.54954528808594,735
753.3312835693359,-347.18678283691406,736
751.7065887451172,-350.8292770385742,737
752.6633148193359,-348.78421783447266,738
754.7021942138672,-345.17674255371094,739
756.6028289794922,-340.95684814453125,740
748.6807250976562,-353.47753143310547,741
755.26318359375,-335.1244125366211,742
747.8066253662109,-348.8605499267578,743
753.6130828857422,-334.24708557128906,744
748.7886657714844,-341.86427307128906,745
744.5091247558594,-347.1419448852539,746
745.11328125,-346.58839416503906,747
752.3687896728516,-342.9198303222656,748
765.9611663818359,-327.7470703125,749
765.2911376953125,-328.23143005371094,750
753.2872924804688,-337.99784088134766,751
744.1556396484375,-339.83221435546875,752
738.0496215820312,-341.1898727416992,753
742.9788208007812,-331.8544235229492,754
745.8593902587891,-336.5584259033203,755
746.73779296875,-342.7375259399414,756
754.19677734375,-330.76043701171875,757
751.9676971435547,-335.5364227294922,758
752.5617370605469,-327.7631607055664,759
744.7464294433594,-335.0212097167969,760
740.3791809082031,-335.7729721069336,761
741.1726226806641,-331.7603759765625,762
746.5592651367188,-326.0836715698242,763
746.2360382080078,-330.7016830444336,764
745.6943206787109,-330.5435256958008,765
745.4138488769531,-329.72186279296875,766
744.8186187744141,-332.4582824707031,767
748.5008697509766,-326.84703826904297,768
749.3337249755859,-325.97662353515625,769
749.6656036376953,-321.2009582519531,770
744.6553802490234,-324.98561096191406,771
738.6824340820312,-330.4079360961914,772
739.2398986816406,-325.59901428222656,773
736.5251770019531,-334.16770935058594,774
741.9379119873047,-330.92525482177734,775
748.5435791015625,-331.2660598754883,776
755.0429992675781,-329.3525390625,777
758.1242523193359,-324.43004608154297,778
754.6313323974609,-324.13600158691406,779
748.948974609375,-324.6226043701172,780
743.9847564697266,-323.94708251953125,781
736.5059509277344,-332.0361785888672,782
736.6753692626953,-330.68749237060547,783
747.0629425048828,-317.99219512939453,784
742.9882507324219,-335.22960662841797,785
753.2184448242188,-314.8358459472656,786
743.3183898925781,-333.0369186401367,787
742.9905853271484,-328.9753646850586,788
740.6375427246094,-333.0956726074219,789
741.9458770751953,-337.3455276489258,790
757.3987426757812,-317.9784393310547,791
756.7968292236328,-326.2195587158203,792
750.1775665283203,-333.9326477050781,793
745.7661437988281,-333.4808120727539,794
743.7367401123047,-334.76827239990234,795
747.4368438720703,-332.4225540161133,796
747.2678833007812,-340.02161407470703,797
752.1534576416016,-336.26568603515625,798
755.0781555175781,-338.4297409057617,799
762.2772216796875,-328.88436126708984,800
759.4938354492188,-332.70314025878906,801
754.7898101806641,-333.24920654296875,802
746.5977172851562,-340.1065979003906,803
747.5000610351562,-331.5472869873047,804
745.3336029052734,-337.4589157104492,805
750.8541870117188,-333.48326110839844,806
755.3570709228516,-332.2030563354492,807
753.4031982421875,-338.75402069091797,808
751.2079925537109,-339.86478424072266,809
755.6748504638672,-326.95433807373047,810
751.0691986083984,-333.3247375488281,811
739.6565551757812,-350.2664566040039,812
743.9373321533203,-341.26013946533203,813
754.587890625,-336.0297317504883,814
764.9029998779297,-334.66719818115234,815
767.7144012451172,-333.15032958984375,816
764.1526336669922,-330.7379150390625,817
749.5775756835938,-346.3358688354492,818
748.3802947998047,-336.6152801513672,819
748.6507415771484,-334.65692138671875,820
749.4684906005859,-339.5417175292969,821
751.4761505126953,-342.6801452636719,822
758.3977661132812,-337.6791229248047,823
760.1414794921875,-341.77976989746094,824
760.8154907226562,-339.05614471435547,825
757.7139129638672,-337.72434997558594,826
753.3387451171875,-337.9493865966797,827
746.8885803222656,-346.3520278930664,828
753.8057556152344,-335.1332244873047,829
757.5233001708984,-336.28479766845703,830
760.2543182373047,-334.0978088378906,831
758.42578125,-332.99656677246094,832
750.9033508300781,-339.38207244873047,833
750.6009521484375,-331.708740234375,834
748.6418609619141,-332.45006561279297,835
751.1318206787109,-326.92945861816406,836
749.6523284912109,-329.89398193359375,837
749.5554656982422,-328.116943359375,838
745.5619812011719,-334.8160858154297,839
746.2751312255859,-334.3256378173828,840
749.7458038330078,-333.5141372680664,841
756.0774993896484,-328.6966781616211,842
756.0541534423828,-331.9856185913086,843
757.4446563720703,-323.56036376953125,844
753.3072509765625,-322.46829986572266,845
748.2969818115234,-321.9507064819336,846
744.55078125,-319.5830383300781,847
742.5283813476562,-316.4417266845703,848
734.8486175537109,-326.9343795776367,849
739.0067138671875,-317.8099365234375,850
744.1419982910156,-313.80523681640625,851
745.0851745605469,-316.61144256591797,852
744.6871032714844,-314.3488311767578,853
745.1342468261719,-307.99717712402344,854
739.3584136962891,-313.728515625,855
737.2788848876953,-310.8669204711914,856
739.8844299316406,-301.5191345214844,857
740.1712646484375,-298.37310791015625,858
738.6608276367188,-295.9607391357422,859
736.6678619384766,-292.8925323486328,860
727.2955169677734,-305.11949157714844,861
731.3285064697266,-291.3142318725586,862
729.5703735351562,-293.97937774658203,863
729.2362976074219,-293.84495544433594,864
730.3689880371094,-289.9299545288086,865
731.8968200683594,-284.70684814453125,866
730.5764923095703,-284.54608154296875,867
723.3536224365234,-294.6958923339844,868
730.7061309814453,-276.18856048583984,869
727.8931732177734,-280.9900588989258,870
723.9119110107422,-286.6175765991211,871
730.3220672607422,-269.75221252441406,872
727.2529907226562,-272.21619415283203,873
726.8987731933594,-265.77735900878906,874
718.056884765625,-276.5002212524414,875
719.7780303955078,-266.54127502441406,876
716.1111145019531,-270.5749053955078,877
716.4002380371094,-268.37164306640625,878
715.0980377197266,-270.90138244628906,879
716.2930755615234,-268.8347396850586,880
721.3144226074219,-259.5508117675781,881
721.5577239990234,-258.89778900146484,882
719.5200347900391,-259.0287094116211,883
716.5813293457031,-258.97425842285156,884
715.3800659179688,-254.81346130371094,885
713.4157562255859,-253.8852996826172,886
713.6496734619141,-249.42022705078125,887
713.6645965576172,-245.7839584350586,888
710.0615386962891,-249.14085388183594,889
709.468505859375,-246.33519744873047,890
712.8064270019531,-236.5202178955078,891
707.3496551513672,-244.3461456298828,892
709.4323425292969,-235.92018127441406,893
704.0947723388672,-244.06773376464844,894
706.6167755126953,-236.33432006835938,895
702.3890533447266,-243.5159683227539,896
701.1860504150391,-244.09194946289062,897
704.7512054443359,-236.2767791748047,898
707.2982025146484,-232.47711181640625,899
706.2285919189453,-233.1310043334961,900
706.8249206542969,-227.63802337646484,901
701.7560577392578,-233.57508087158203,902
701.1076812744141,-230.48629760742188,903
697.8732147216797,-235.14495849609375,904
696.9678955078125,-237.11849212646484,905
701.438232421875,-229.8401870727539,906
702.5709228515625,-229.9687957763672,907
701.789794921875,-232.02462005615234,908
704.7139892578125,-225.19345092773438,909
709.7764892578125,-213.1296157836914,910
698.8290710449219,-230.5191192626953,911
699.8630676269531,-222.0952377319336,912
697.4240112304688,-223.96675872802734,913
697.0003509521484,-223.53941345214844,914
696.1273498535156,-225.30512237548828,915
696.4580383300781,-225.1831512451172,916
702.8316650390625,-212.5214080810547,917
699.9557647705078,-218.15824127197266,918
695.7204895019531,-223.871337890625,919
692.060302734375,-227.8488006591797,920
696.869384765625,-217.88063049316406,921
691.5781402587891,-231.23087310791016,922
701.8558502197266,-213.12103271484375,923
697.9471893310547,-223.04683685302734,924
698.6972808837891,-220.34964752197266,925
696.0848236083984,-224.2404327392578,926
703.9712677001953,-207.37415313720703,927
696.4698028564453,-221.1093521118164,928
694.8770141601562,-221.0936279296875,929
695.3704833984375,-217.96339416503906,930
692.0385589599609,-225.19573974609375,931
691.6352233886719,-226.64733123779297,932
692.9410400390625,-227.01409149169922,933
698.1854553222656,-220.97080993652344,934
701.2274322509766,-218.2631607055664,935
696.5675354003906,-228.92385864257812,936
696.6925964355469,-228.20938110351562,937
696.4024658203125,-229.47855377197266,938
701.4693603515625,-221.29131317138672,939
697.2112426757812,-232.77438354492188,940
698.1638031005859,-231.78099060058594,941
703.2821044921875,-223.40412139892578,942
699.5870361328125,-232.8288803100586,943
700.4054260253906,-230.1492691040039,944
702.8312072753906,-225.0728530883789,945
698.9525756835938,-233.45457458496094,946
698.2026214599609,-235.2605438232422,947
700.4346771240234,-232.3231658935547,948
700.3154296875,-235.68811798095703,949
700.6758270263672,-237.50743103027344,950
702.2930603027344,-236.14537811279297,951
706.1208343505859,-230.2243881225586,952
703.7256317138672,-236.05819702148438,953
700.5339202880859,-241.68003845214844,954
698.4150085449219,-245.68382263183594,955
701.4173583984375,-242.1024627685547,956
708.2009124755859,-232.47594451904297,957
702.0862884521484,-247.7303237915039,958
707.1832122802734,-237.92301177978516,959
703.1215209960938,-247.91244506835938,960
706.3532409667969,-242.60607147216797,961
707.4256439208984,-242.53250885009766,962
705.5365905761719,-248.31534576416016,963
705.1615905761719,-249.77941131591797,964
703.7567596435547,-254.56739044189453,965
703.3900451660156,-258.6903762817383,966
707.1987762451172,-255.5786590576172,967
708.2685699462891,-258.6342315673828,968
712.9640350341797,-252.8173370361328,969
714.3730316162109,-252.25099182128906,970
714.8413238525391,-251.36359405517578,971
707.9928588867188,-263.06375885009766,972
710.5295104980469,-255.50420379638672,973
704.4569549560547,-268.67964935302734,974
710.8421630859375,-258.4866256713867,975
707.6413879394531,-270.1586151123047,976
712.5362548828125,-264.2394561767578,977
713.9794006347656,-265.3871841430664,978
712.8854370117188,-270.36781311035156,979
712.8372344970703,-271.57708740234375,980
715.705810546875,-266.9831771850586,981
709.7744293212891,-280.8069763183594,982
714.9135131835938,-271.87696838378906,983
712.6012573242188,-280.3004150390625,984
714.2234344482422,-280.30389404296875,985
716.8788299560547,-278.37984466552734,986
718.6501922607422,-278.37792205810547,987
716.7841186523438,-284.53507232666016,988
710.5518493652344,-298.75792694091797,989
723.5100860595703,-278.4243621826172,990
721.8787078857422,-291.16284942626953,991
724.1100311279297,-289.89978790283203,992
723.9178619384766,-290.65299224853516,993
722.3667755126953,-294.1314010620117,994
722.9639739990234,-293.09593963623047,995
724.9914093017578,-289.6362533569336,996
725.5280456542969,-288.7426071166992,997
720.2682495117188,-298.86087799072266,998
720.8991851806641,-296.4568634033203,999
722.3784484863281,-294.38655853271484,1000
717.8852233886719,-305.59446716308594,1001
719.4517364501953,-304.6886444091797,1002
721.1685791015625,-308.9531936645508,1003
734.4679412841797,-294.82884979248047,1004
735.4708099365234,-300.5057144165039,1005
735.7611236572266,-297.66416931152344,1006
732.29736328125,-298.20801544189453,1007
724.6548614501953,-307.26908111572266,1008
722.7142181396484,-306.4184875488281,1009
720.8270874023438,-309.02062225341797,1010
717.7162628173828,-319.4361877441406,1011
724.9099731445312,-315.8162155151367,1012
739.4452514648438,-305.08948516845703,1013
741.7317352294922,-313.11181640625,1014
741.6971740722656,-310.90892028808594,1015
739.2301483154297,-307.48622131347656,1016
737.9881896972656,-300.4540100097656,1017
726.6800537109375,-315.2280807495117,1018
723.2790985107422,-315.5229721069336,1019
725.110107421875,-310.48191833496094,1020
720.9548034667969,-322.7558898925781,1021
729.9414825439453,-312.89996337890625,1022
733.0081787109375,-320.40657806396484,1023
739.1087036132812,-315.6449661254883,1024
741.2390441894531,-311.16629791259766,1025
737.8914184570312,-312.976318359375,1026
736.8988037109375,-307.80615234375,1027
730.2972106933594,-314.63761138916016,1028
724.2521209716797,-320.81455993652344,1029
721.6479949951172,-323.2718811035156,1030
731.2437286376953,-307.64929962158203,1031
733.6316070556641,-309.75785064697266,1032
729.3536682128906,-319.4402847290039,1033
731.6246337890625,-311.50989532470703,1034
733.9099731445312,-305.2508010864258,1035
726.9518737792969,-317.1215057373047,1036
726.6304321289062,-314.58229064941406,1037
728.9090881347656,-308.6333541870117,1038
728.1220550537109,-309.9542770385742,1039
726.3008422851562,-312.7554931640625,1040
729.6142730712891,-304.3084030151367,1041
722.4342498779297,-318.1599655151367,1042
731.7125701904297,-298.0752182006836,1043
724.4754180908203,-312.71141052246094,1044
725.0928039550781,-309.7042465209961,1045
721.6302337646484,-316.40574645996094,1046
729.9315490722656,-300.1585693359375,1047
725.8202362060547,-309.94132232666016,1048
731.1151885986328,-297.1549530029297,1049
724.1952667236328,-307.8823699951172,1050
722.5978088378906,-307.3505172729492,1051
720.9347534179688,-309.1845474243164,1052
722.5569763183594,-306.05662536621094,1053
722.5150451660156,-307.45806884765625,1054
724.0760192871094,-304.9228820800781,1055
725.82861328125,-301.78296661376953,1056
729.4265441894531,-293.62479400634766,1057
724.6198883056641,-301.1084518432617,1058
727.7323608398438,-290.1112976074219,1059
724.5008239746094,-292.20906829833984,1060
719.3205871582031,-297.0497131347656,1061
714.8361511230469,-301.90283203125,1062
713.8591003417969,-303.3617935180664,1063
720.8617858886719,-292.08746337890625,1064
721.2918548583984,-294.98789978027344,1065
725.7108764648438,-286.62693786621094,1066
716.8021545410156,-303.1403274536133,1067
720.2767639160156,-292.4161605834961,1068
721.35205078125,-288.84100341796875,1069
723.3851623535156,-283.7072982788086,1070
717.4972686767578,-292.9705810546875,1071
719.1064910888672,-285.5336151123047,1072
718.1434020996094,-285.3901062011719,1073
724.3373107910156,-270.43663787841797,1074
717.5388793945312,-280.2272644042969,1075
711.69140625,-285.8345031738281,1076
707.7548675537109,-289.0183868408203,1077
713.4418487548828,-277.09517669677734,1078
708.5122833251953,-290.08323669433594,1079
717.8521728515625,-272.49888610839844,1080
711.5954132080078,-286.1968460083008,1081
720.7860260009766,-266.35924530029297,1082
718.0522155761719,-269.618408203125,1083
715.5096588134766,-269.3495635986328,1084
710.5261688232422,-272.3401794433594,1085
707.6055908203125,-273.04595947265625,1086
708.8256225585938,-268.5171661376953,1087
709.8437347412109,-266.09777069091797,1088
707.8591918945312,-269.6514587402344,1089
705.8717651367188,-272.72188568115234,1090
711.7362670898438,-260.44580841064453,1091
709.2072143554688,-265.4725341796875,1092
704.9674072265625,-271.9347610473633,1093
707.6563110351562,-263.2863464355469,1094
706.6693267822266,-264.9546432495117,1095
707.865966796875,-262.0788345336914,1096
711.4063110351562,-253.5996322631836,1097
703.4998626708984,-266.5916976928711,1098
703.9852294921875,-260.8750305175781,1099
701.2435455322266,-263.92000579833984,1100
705.6597747802734,-254.63095092773438,1101
703.322021484375,-260.17762756347656,1102
701.9106903076172,-262.17626953125,1103
706.9188995361328,-250.88733673095703,1104
704.8801116943359,-254.01068115234375,1105
704.6545715332031,-250.74126434326172,1106
707.0040435791016,-241.4922637939453,1107
698.7122497558594,-253.31275177001953,1108
694.7153778076172,-255.73834991455078,1109
696.2644500732422,-249.92584991455078,1110
698.7045593261719,-246.45572662353516,1111
697.250244140625,-250.51119232177734,1112
697.9087371826172,-248.57865142822266,1113
698.3571166992188,-246.74871826171875,1114
698.3673248291016,-246.01700592041016,1115
696.1542205810547,-249.8810806274414,1116
698.0001983642578,-244.732177734375,1117
688.8192443847656,-262.7395706176758,1118
700.7765808105469,-239.8223876953125,1119
702.5038146972656,-239.39479064941406,1120
698.4770965576172,-246.8500213623047,1121
701.6963653564453,-236.09200286865234,1122
694.1524658203125,-248.08014678955078,1123
696.4870147705078,-239.95367431640625,1124
695.4984283447266,-240.37406158447266,1125
690.7236785888672,-249.5438003540039,1126
695.7056121826172,-239.50064849853516,1127
700.0255279541016,-232.60562896728516,1128
697.4894256591797,-237.4613800048828,1129
695.3718566894531,-237.88538360595703,1130
692.4281616210938,-239.79954528808594,1131
691.8075256347656,-238.563720703125,1132
691.7442169189453,-238.28771209716797,1133
694.8517456054688,-232.0700225830078,1134
691.8255615234375,-237.73189544677734,1135
691.2744140625,-237.198486328125,1136
690.6011810302734,-236.61392211914062,1137
693.7513732910156,-229.07666015625,1138
691.7981414794922,-232.68408966064453,1139
692.1915435791016,-230.45780181884766,1140
690.2165679931641,-233.2921142578125,1141
689.8833618164062,-233.3767547607422,1142
683.6833648681641,-246.31555938720703,1143
686.4212951660156,-243.0351791381836,1144
690.8360595703125,-239.45773315429688,1145
698.5567474365234,-230.02233123779297,1146
697.0264892578125,-234.94837188720703,1147
698.2377319335938,-229.119873046875,1148
694.5349731445312,-231.61910247802734,1149
692.7494659423828,-230.0507583618164,1150
690.2960815429688,-231.27046966552734,1151
687.6726379394531,-234.33560943603516,1152
687.6237487792969,-233.4345474243164,1153
686.3473663330078,-237.4589080810547,1154
689.3911743164062,-234.23746490478516,1155
688.2855377197266,-240.62958526611328,1156
691.1186828613281,-238.1594696044922,1157
692.2162170410156,-239.0375518798828,1158
693.8483734130859,-237.67847442626953,1159
693.3710174560547,-239.6908721923828,1160
695.9408111572266,-234.6405487060547,1161
695.4952697753906,-235.51201629638672,1162
693.3973388671875,-238.06040954589844,1163
697.5791473388672,-227.26490020751953,1164
686.4635009765625,-247.79763793945312,1165
690.1955108642578,-238.60540008544922,1166
691.1483917236328,-238.46761322021484,1167
690.7026214599609,-242.23519134521484,1168
688.9665985107422,-247.46500396728516,1169
702.1643829345703,-223.2733383178711,1170
697.6659393310547,-234.11981964111328,1171
695.6867980957031,-235.1074447631836,1172
692.7082672119141,-236.78567504882812,1173
697.9966278076172,-223.39279174804688,1174
689.4941253662109,-237.51333618164062,1175
687.0071868896484,-239.18529510498047,1176
688.4188842773438,-236.93877410888672,1177
690.9802551269531,-235.94876861572266,1178
691.6217651367188,-239.24384307861328,1179
690.0081024169922,-245.84353637695312,1180
695.2756805419922,-237.93656158447266,1181
695.8008728027344,-240.5804901123047,1182
694.8554077148438,-243.9312286376953,1183
699.5683135986328,-233.99910736083984,1184
700.4437408447266,-231.501708984375,1185
693.5864410400391,-242.06419372558594,1186
692.9656677246094,-239.3870086669922,1187
690.3242340087891,-244.08563232421875,1188
691.3941650390625,-243.56182098388672,1189
696.3009796142578,-236.66802978515625,1190
697.3116302490234,-237.1432113647461,1191
697.0040130615234,-236.84490966796875,1192
696.2275543212891,-235.23495483398438,1193
695.8160705566406,-232.55582427978516,1194
693.0706329345703,-235.66751861572266,1195
690.557373046875,-238.51528930664062,1196
689.4052734375,-239.8271026611328,1197
691.3607482910156,-236.28872680664062,1198
692.0157165527344,-237.1120834350586,1199
687.4351043701172,-247.60757446289062,1200
700.0431518554688,-223.7069320678711,1201
698.9397125244141,-227.4392852783203,1202
696.4542388916016,-229.17324829101562,1203
693.3387451171875,-229.3652801513672,1204
682.5552520751953,-245.6066665649414,1205
689.3208618164062,-230.01825714111328,1206
691.4750061035156,-228.01409912109375,1207
696.2325439453125,-219.78289031982422,1208
694.6359100341797,-220.94661712646484,1209
686.2782897949219,-231.70468139648438,1210
688.0438385009766,-222.10334014892578,1211
687.76025390625,-220.1861801147461,1212
687.3383331298828,-219.4478759765625,1213
685.3108978271484,-221.31365203857422,1214
682.2448425292969,-224.5894317626953,1215
685.2294616699219,-216.69573211669922,1216
687.5098571777344,-211.7889175415039,1217
686.43017578125,-212.97967529296875,1218
686.1286926269531,-209.7001190185547,1219
682.2153167724609,-212.67068481445312,1220
684.2375335693359,-203.56210327148438,1221
682.1351165771484,-203.6114273071289,1222
678.8873291015625,-204.89490509033203,1223
670.9550628662109,-215.47581481933594,1224
673.6650695800781,-207.3116226196289,1225
679.6251525878906,-197.2701416015625,1226
680.0792999267578,-197.67581176757812,1227
679.7344665527344,-195.36467742919922,1228
677.0467529296875,-195.23856353759766,1229
675.2876586914062,-192.97071075439453,1230
673.710205078125,-190.7036590576172,1231
672.9609375,-187.32880783081055,1232
667.8792572021484,-193.46582794189453,1233
669.6533203125,-186.09127807617188,1234
665.7096862792969,-191.90049362182617,1235
667.9989624023438,-185.61956405639648,1236
665.6568603515625,-189.58050155639648,1237
664.8227233886719,-190.4091911315918,1238
670.1153869628906,-179.85691452026367,1239
666.3462066650391,-187.56164932250977,1240
667.2972106933594,-183.27454376220703,1241
666.7722930908203,-181.9390754699707,1242
666.0684814453125,-181.0637969970703,1243
666.8861389160156,-176.31321716308594,1244
666.79833984375,-172.7830581665039,1245
662.5924072265625,-177.58396911621094,1246
663.1804046630859,-172.19010543823242,1247
662.5067138671875,-170.24404907226562,1248
660.2318572998047,-171.96161270141602,1249
657.0054016113281,-175.6655387878418,1250
659.2278442382812,-169.38113021850586,1251
658.7652282714844,-169.83312606811523,1252
658.7388610839844,-169.15745544433594,1253
650.9195251464844,-183.1857147216797,1254
656.1746063232422,-172.10388565063477,1255
652.9093780517578,-181.34236907958984,1256
660.8116149902344,-168.80901718139648,1257
658.5779571533203,-176.26778411865234,1258
662.854248046875,-167.92592239379883,1259
667.9897613525391,-156.51568222045898,1260
661.6316986083984,-165.88451385498047,1261
657.6398620605469,-169.14049530029297,1262
653.6298980712891,-173.4078254699707,1263
651.6395874023438,-175.03908920288086,1264
656.8585510253906,-165.76186752319336,1265
650.4714202880859,-181.05444717407227,1266
660.4789123535156,-163.6698760986328,1267
660.7529754638672,-165.9009246826172,1268
657.3167266845703,-173.03477096557617,1269
660.7277069091797,-164.2360725402832,1270
654.4715423583984,-175.71952056884766,1271
659.9708862304688,-163.52652740478516,1272
652.0889282226562,-178.84218978881836,1273
652.9127655029297,-176.59034729003906,1274
655.2431488037109,-173.54277420043945,1275
655.7111206054688,-175.99678802490234,1276
663.1686859130859,-164.23618698120117,1277
660.1517944335938,-171.8071632385254,1278
650.7396240234375,-189.23083877563477,1279
654.3327484130859,-182.36984252929688,1280
661.5198669433594,-173.6447639465332,1281
665.5417327880859,-172.18775939941406,1282
660.0413360595703,-184.93780517578125,1283
659.7299652099609,-184.38554763793945,1284
658.9575347900391,-186.9444923400879,1285
660.5919799804688,-186.8686180114746,1286
664.4766540527344,-183.10576629638672,1287
666.8074951171875,-182.18179321289062,1288
666.4839477539062,-183.80923461914062,1289
663.3602142333984,-189.26776885986328,1290
666.2868347167969,-182.89035415649414,1291
666.39111328125,-183.75891494750977,1292
665.7079010009766,-185.84574508666992,1293
656.0972442626953,-205.47775268554688,1294
661.9956207275391,-197.34619903564453,1295
665.6933898925781,-199.17853546142578,1296
672.9429931640625,-193.92823791503906,1297
676.3689422607422,-193.35342407226562,1298
672.5494537353516,-203.58373260498047,1299
680.5216827392578,-187.11746978759766,1300
665.8255004882812,-215.0958251953125,1301
669.2115325927734,-206.51632690429688,1302
668.8750762939453,-211.2278823852539,1303
674.1939239501953,-207.93296813964844,1304
677.1315307617188,-209.65782165527344,1305
682.8809967041016,-203.64452362060547,1306
675.0156555175781,-222.25719451904297,1307
679.3101654052734,-214.45111083984375,1308
680.2886352539062,-216.14479064941406,1309
678.0914154052734,-225.21704864501953,1310
682.4697418212891,-220.51487731933594,1311
681.7919769287109,-227.91002655029297,1312
685.1664733886719,-226.08782958984375,1313
690.006591796875,-220.5321807861328,1314
689.7980346679688,-223.54266357421875,1315
688.1255493164062,-226.37191772460938,1316
684.1885528564453,-233.12265014648438,1317
690.2591400146484,-221.76697540283203,1318
686.1255798339844,-233.32337951660156,1319
689.6067352294922,-227.7949447631836,1320
692.4405212402344,-223.87380981445312,1321
690.3945465087891,-228.72191619873047,1322
688.0655364990234,-232.20909118652344,1323
690.3866729736328,-227.7300567626953,1324
690.2030181884766,-230.56761932373047,1325
686.7955169677734,-240.36051177978516,1326
691.5279693603516,-234.42377471923828,1327
690.0152893066406,-243.54210662841797,1328
692.6831359863281,-243.28106689453125,1329
703.6226348876953,-226.67658233642578,1330
700.8113708496094,-235.25047302246094,1331
708.0482482910156,-217.59940338134766,1332
693.8483734130859,-239.76482391357422,1333
687.0712280273438,-245.95445251464844,1334
690.73681640625,-235.9025115966797,1335
690.6430206298828,-240.4236831665039,1336
694.9891204833984,-236.3196258544922,1337
699.3277130126953,-231.69161224365234,1338
697.1951751708984,-238.27558135986328,1339
698.0766448974609,-235.78621673583984,1340
699.6324462890625,-231.6602325439453,1341
692.7278594970703,-244.19474029541016,1342
694.2799987792969,-239.65969848632812,1343
693.9564056396484,-241.66582489013672,1344
700.3569946289062,-231.1073455810547,1345
695.1349639892578,-243.47813415527344,1346
701.7283630371094,-229.62318420410156,1347
694.7437133789062,-243.38063049316406,1348
696.4949798583984,-238.21259307861328,1349
700.5253143310547,-229.3000946044922,1350
695.1010894775391,-239.63433837890625,1351
694.3435363769531,-239.61488342285156,1352
697.1157989501953,-234.34291076660156,1353
697.3735198974609,-234.94356536865234,1354
695.0229949951172,-239.90899658203125,1355
697.9453582763672,-234.12879180908203,1356
697.3809814453125,-236.44674682617188,1357
693.8293762207031,-243.46346282958984,1358
699.5878143310547,-231.79934692382812,1359
702.6190338134766,-226.46653747558594,1360
700.3992462158203,-229.17672729492188,1361
699.5686798095703,-225.16985321044922,1362
698.81103515625,-221.33306121826172,1363
692.3689727783203,-229.2557601928711,1364
689.68212890625,-230.45974731445312,1365
688.1672058105469,-232.85694122314453,1366
685.5890808105469,-241.1996612548828,1367
694.0623321533203,-228.8071517944336,1368
697.2634735107422,-227.9967041015625,1369
693.3756408691406,-238.37596893310547,1370
696.5505981445312,-230.64559936523438,1371
696.1510162353516,-231.2725067138672,1372
696.1121520996094,-230.8341293334961,1373
696.4398193359375,-228.55984497070312,1374
694.4490051269531,-230.5257568359375,1375
695.1799163818359,-226.1670913696289,1376
694.0393981933594,-226.59564971923828,1377
692.2264709472656,-228.1622314453125,1378
692.3748321533203,-226.08837890625,1379
690.0687561035156,-229.39766693115234,1380
698.9062957763672,-210.42601776123047,1381
688.6765594482422,-229.51913452148438,1382
685.1959533691406,-233.2169952392578,1383
691.4076690673828,-219.41869354248047,1384
687.3145294189453,-229.8218994140625,1385
687.5840606689453,-230.92156219482422,1386
692.4608459472656,-223.90306091308594,1387
699.1516571044922,-212.65848541259766,1388
695.0393829345703,-219.74539947509766,1389
692.2351226806641,-219.20368194580078,1390
687.9290313720703,-222.12837982177734,1391
683.5237426757812,-227.0921859741211,1392
680.5079498291016,-233.11910247802734,1393
694.5227966308594,-209.2664337158203,1394
690.1391143798828,-223.351318359375,1395
691.1212921142578,-220.99065399169922,1396
691.3224334716797,-217.80146026611328,1397
692.7660827636719,-211.79010772705078,1398
685.7958984375,-222.15808868408203,1399
686.8830871582031,-215.9399185180664,1400
683.5516204833984,-220.86083221435547,1401
683.3874664306641,-220.76513671875,1402
689.1279602050781,-209.85408782958984,1403
685.6951446533203,-217.5143280029297,1404
679.2374725341797,-228.4998321533203,1405
680.5257110595703,-225.2021713256836,1406
679.5880737304688,-231.41505432128906,1407
690.5483093261719,-215.4617156982422,1408
690.0172119140625,-221.5070343017578,1409
690.2072296142578,-221.16455841064453,1410
693.4699859619141,-211.86456298828125,1411
687.0445861816406,-221.09738159179688,1412
686.6221618652344,-216.98817443847656,1413
680.5817413330078,-225.74828338623047,1414
678.9712829589844,-227.24723052978516,1415
679.9635772705078,-227.2353286743164,1416
684.6507568359375,-223.19293212890625,1417
688.0084075927734,-221.5080108642578,1418
688.2067565917969,-223.15605926513672,1419
690.8828430175781,-216.7924346923828,1420
684.77490234375,-226.79310607910156,1421
686.9393920898438,-219.52235412597656,1422
683.4432678222656,-225.70978546142578,1423
689.3092346191406,-212.85260009765625,1424
682.1013793945312,-225.82896423339844,1425
679.5020599365234,-228.40049743652344,1426
680.4707794189453,-226.72494506835938,1427
684.5282592773438,-222.05062866210938,1428
688.8795318603516,-216.62503051757812,1429
682.7249450683594,-229.41604614257812,1430
687.0902709960938,-217.73087310791016,1431
684.1614532470703,-221.8495330810547,1432
683.5649871826172,-221.38865661621094,1433
679.9549713134766,-227.22411346435547,1434
678.3679504394531,-229.98461151123047,1435
685.4090881347656,-217.9269561767578,1436
679.7066345214844,-232.31050872802734,1437
686.9739532470703,-217.9463653564453,1438
681.2622528076172,-229.84925079345703,1439
680.4622650146484,-230.33589935302734,1440
681.8419647216797,-228.04511260986328,1441
687.5249176025391,-219.72962951660156,1442
684.6631164550781,-227.3269500732422,1443
686.3997344970703,-221.95957946777344,1444
687.7900085449219,-215.98592376708984,1445
680.8311309814453,-226.34605407714844,1446
680.1695251464844,-223.19281768798828,1447
671.9984893798828,-237.39930725097656,1448
675.0400085449219,-233.0782012939453,1449
682.0645294189453,-225.33677673339844,1450
680.2085723876953,-236.6997299194336,1451
680.3128967285156,-240.53961181640625,1452
685.9059448242188,-233.35626983642578,1453
689.1037445068359,-231.46259307861328,1454
694.2367858886719,-222.1505584716797,1455
690.5255126953125,-226.5102996826172,1456
687.0316772460938,-227.3063735961914,1457
686.3052520751953,-222.69387817382812,1458
672.58447265625,-245.71240997314453,1459
675.7482147216797,-237.8184585571289,1460
681.0830841064453,-232.0701141357422,1461
684.6199035644531,-231.55435180664062,1462
689.19580078125,-225.84645080566406,1463
689.0415802001953,-226.26544189453125,1464
682.4030456542969,-235.98770141601562,1465
679.1402435302734,-237.17633056640625,1466
678.9263305664062,-235.5992660522461,1467
677.8418884277344,-240.00908660888672,1468
687.3253784179688,-225.36188507080078,1469
683.048583984375,-237.56300354003906,1470
689.2865295410156,-224.57787322998047,1471
684.9100799560547,-231.19910430908203,1472
680.0591125488281,-237.22968292236328,1473
681.1796722412109,-232.02996826171875,1474
677.7855377197266,-239.41978454589844,1475
677.227294921875,-242.07138061523438,1476
679.6973419189453,-240.56696319580078,1477
686.3189849853516,-232.23845672607422,1478
688.9838104248047,-230.21438598632812,1479
680.8298492431641,-245.37975311279297,1480
688.3775024414062,-226.84032440185547,1481
683.7676391601562,-234.4610824584961,1482
679.5812072753906,-239.89405059814453,1483
678.6714019775391,-239.0130157470703,1484
679.4064788818359,-238.01520538330078,1485
677.8121795654297,-243.86952209472656,1486
681.4122619628906,-239.72106170654297,1487
679.9947967529297,-247.22264099121094,1488
684.6498870849609,-241.3440399169922,1489
688.0545959472656,-237.6222381591797,1490
689.8050842285156,-234.9971466064453,1491
685.1119537353516,-242.01537322998047,1492
686.3823852539062,-234.9173812866211,1493
689.3059844970703,-225.09867095947266,1494
679.7517700195312,-240.4534149169922,1495
675.5158081054688,-243.69037628173828,1496
677.8008270263672,-237.5522689819336,1497
681.6161956787109,-233.06705474853516,1498
682.9728698730469,-233.6436767578125,1499
682.4996795654297,-235.5164566040039,1500
