Attack,Stretch,Stretch_sum,Translate,Translate_sum,Voltage
0.5,0.5,1.0,0.5,1.0,0.9
0.5,0.5,1.0,0.5,1.0,0.9002
0.5,0.5,1.0,0.5,1.0,0.9004
0.5,0.5,1.0,0.5,1.0,0.9006000000000001
0.5,0.5,1.0,0.5,1.0,0.9008
0.5,0.5,1.0,0.5,1.0,0.901
0.5,0.5,1.0,0.5,1.0,0.9012
0.5,0.5,1.0,0.5,1.0,0.9014
0.5,0.5,1.0,0.5,1.0,0.9016000000000001
0.5,0.5,1.0,0.5,1.0,0.9018
0.5,0.5,1.0,0.5,1.0,0.902
0.5,0.5,1.0,0.5,1.0,0.9022
0.5,0.5,1.0,0.5,1.0,0.9024
0.5,0.5,1.0,0.5,1.0,0.9026000000000001
0.5,0.5,1.0,0.5,1.0,0.9028
0.5,0.5,1.0,0.5,1.0,0.903
0.5,0.5,1.0,0.5,1.0,0.9032
0.5,0.5,1.0,0.5,1.0,0.9034
0.5,0.5,1.0,0.5,1.0,0.9036000000000001
0.5,0.5,1.0,0.5,1.0,0.9038
0.5,0.5,1.0,0.5,1.0,0.904
0.5,0.5,1.0,0.5,1.0,0.9042
0.5,0.5,1.0,0.5,1.0,0.9044
0.5,0.5,1.0,0.5,1.0,0.9046000000000001
0.5,0.5,1.0,0.5,1.0,0.9048
0.5,0.5,1.0,0.5,1.0,0.905
0.5,0.5,1.0,0.5,1.0,0.9052
0.5,0.5,1.0,0.5,1.0,0.9054
0.5,0.5,1.0,0.5,1.0,0.9056000000000001
0.5,0.5,1.0,0.5,1.0,0.9058
0.5,0.5,1.0,0.5,1.0,0.906
0.5,0.5,1.0,0.5,1.0,0.9062
0.5,0.5,1.0,0.5,1.0,0.9064
0.5,0.5,1.0,0.5,1.0,0.9066000000000001
0.5,0.5,1.0,0.5,1.0,0.9068
0.5,0.5,1.0,0.5,1.0,0.907
0.5,0.5,1.0,0.5,1.0,0.9072
0.5,0.5,1.0,0.5,1.0,0.9074
0.5,0.5,1.0,0.5,1.0,0.9076000000000001
0.5,0.5,1.0,0.5,1.0,0.9078
0.5,0.5,1.0,0.5,1.0,0.908
0.5,0.5,1.0,0.5,1.0,0.9082
0.5,0.5,1.0,0.5,1.0,0.9084
0.5,0.5,1.0,0.5,1.0,0.9086000000000001
0.5,0.5,1.0,0.5,1.0,0.9088
0.5,0.5,1.0,0.5,1.0,0.909
0.5,0.5,1.0,0.5,1.0,0.9092
0.5,0.5,1.0,0.5,1.0,0.9094
0.5,0.5,1.0,0.5,1.0,0.9096000000000001
0.5,0.5,1.0,0.5,1.0,0.9098
0.5,0.5,1.0,0.5,1.0,0.91
0.5,0.5,1.0,0.5,1.0,0.9102
0.5,0.5,1.0,0.5,1.0,0.9104
0.5,0.5,1.0,0.5,1.0,0.9106000000000001
0.5,0.5,1.0,0.5,1.0,0.9108
0.5,0.5,1.0,0.5,1.0,0.911
0.5,0.5,1.0,0.5,1.0,0.9112
0.5,0.5,1.0,0.5,1.0,0.9114
0.5,0.5,1.0,0.5,1.0,0.9116000000000001
0.5,0.5,1.0,0.5,1.0,0.9118
0.5,0.5,1.0,0.5,1.0,0.912
0.5,0.5,1.0,0.5,1.0,0.9122
0.5,0.5,1.0,0.5,1.0,0.9124
0.5,0.5,1.0,0.5,1.0,0.9126000000000001
0.5,0.5,1.0,0.5,1.0,0.9128000000000001
0.5,0.5,1.0,0.5,1.0,0.913
0.5,0.5,1.0,0.5,1.0,0.9132
0.5,0.5,1.0,0.5,1.0,0.9134
0.5,0.5,1.0,0.5,1.0,0.9136000000000001
0.5,0.5,1.0,0.5,1.0,0.9138000000000001
0.5,0.5,1.0,0.5,1.0,0.914
0.5,0.5,1.0,0.5,1.0,0.9142
0.5,0.5,1.0,0.5,1.0,0.9144
0.5,0.5,1.0,0.5,1.0,0.9146000000000001
0.5,0.5,1.0,0.5,1.0,0.9148000000000001
0.5,0.5,1.0,0.5,1.0,0.915
0.5,0.5,1.0,0.5,1.0,0.9152
0.5,0.5,1.0,0.5,1.0,0.9154
0.5,0.5,1.0,0.5,1.0,0.9156000000000001
0.5,0.5,1.0,0.5,1.0,0.9158000000000001
0.5,0.5,1.0,0.5,1.0,0.916
0.5,0.5,1.0,0.5,1.0,0.9162
0.5,0.5,1.0,0.5,1.0,0.9164
0.5,0.5,1.0,0.5,1.0,0.9166000000000001
0.5,0.5,1.0,0.5,1.0,0.9168000000000001
0.5,0.5,1.0,0.5,1.0,0.917
0.5,0.5,1.0,0.5,1.0,0.9172
0.5,0.5,1.0,0.5,1.0,0.9174
0.5,0.5,1.0,0.5,1.0,0.9176
0.5,0.5,1.0,0.5,1.0,0.9178000000000001
0.5,0.5,1.0,0.5,1.0,0.918
0.5,0.5,1.0,0.5,1.0,0.9182
0.5,0.5,1.0,0.5,1.0,0.9184
0.5,0.5,1.0,0.5,1.0,0.9186000000000001
0.5,0.5,1.0,0.5,1.0,0.9188000000000001
0.5,0.5,1.0,0.5,1.0,0.919
0.5,0.5,1.0,0.5,1.0,0.9192
0.5,0.5,1.0,0.5,1.0,0.9194
0.5,0.5,1.0,0.5,1.0,0.9196
0.5,0.5,1.0,0.5,1.0,0.9198000000000001
0.5,0.5,1.0,0.5,1.0,0.92
0.5,0.5,1.0,0.49666666666666665,0.9966666666666666,0.9202
0.5,0.5,1.0,0.49333333333333335,0.9933333333333334,0.9204
0.5,0.5,1.0,0.49,0.99,0.9206000000000001
0.5,0.5,1.0,0.4866666666666667,0.9866666666666667,0.9208000000000001
0.5,0.5,1.0,0.48333333333333334,0.9833333333333334,0.921
0.5,0.5,1.0,0.48,0.98,0.9212
0.5,0.5,1.0,0.4766666666666667,0.9766666666666667,0.9214
0.5,0.5,1.0,0.47333333333333333,0.9733333333333334,0.9216
0.5,0.5,1.0,0.47,0.97,0.9218000000000001
0.5,0.5,1.0,0.4666666666666667,0.9666666666666667,0.922
0.5,0.5,1.0,0.4633333333333333,0.9633333333333334,0.9222
0.5,0.5,1.0,0.46,0.96,0.9224
0.5,0.5,1.0,0.45666666666666667,0.9566666666666667,0.9226
0.5,0.5,1.0,0.4533333333333333,0.9533333333333334,0.9228000000000001
0.5,0.5,1.0,0.45,0.95,0.923
0.5,0.5,1.0,0.44666666666666666,0.9466666666666667,0.9232
0.5,0.5,1.0,0.44333333333333336,0.9433333333333334,0.9234
0.5,0.5,1.0,0.44,0.94,0.9236
0.5,0.5,1.0,0.43666666666666665,0.9366666666666666,0.9238000000000001
0.5,0.5,1.0,0.43333333333333335,0.9333333333333333,0.924
0.5,0.5,1.0,0.43,0.9299999999999999,0.9242
0.5,0.5,1.0,0.42666666666666664,0.9266666666666666,0.9244
0.5,0.5,1.0,0.42333333333333334,0.9233333333333333,0.9246
0.5,0.5,1.0,0.42,0.9199999999999999,0.9248000000000001
0.5,0.5,1.0,0.41666666666666663,0.9166666666666666,0.925
0.5,0.5,1.0,0.41333333333333333,0.9133333333333333,0.9252
0.5,0.5,1.0,0.41,0.9099999999999999,0.9254
0.5,0.5,1.0,0.4066666666666667,0.9066666666666667,0.9256
0.5,0.5,1.0,0.4033333333333333,0.9033333333333333,0.9258000000000001
0.5,0.5,1.0,0.4,0.9,0.926
0.5,0.5,1.0,0.39666666666666667,0.8966666666666667,0.9262
0.5,0.5,1.0,0.3933333333333333,0.8933333333333333,0.9264
0.5,0.5,1.0,0.39,0.89,0.9266
0.5,0.5,1.0,0.38666666666666666,0.8866666666666667,0.9268000000000001
0.5,0.5,1.0,0.3833333333333333,0.8833333333333333,0.927
0.5,0.5,1.0,0.38,0.88,0.9272
0.5,0.5,1.0,0.37666666666666665,0.8766666666666667,0.9274
0.5,0.5,1.0,0.3733333333333333,0.8733333333333333,0.9276
0.5,0.5,1.0,0.37,0.87,0.9278000000000001
0.5,0.5,1.0,0.3666666666666667,0.8666666666666667,0.928
0.5,0.5,1.0,0.3633333333333333,0.8633333333333333,0.9282
0.5,0.5,1.0,0.36,0.86,0.9284
0.5,0.5,1.0,0.3566666666666667,0.8566666666666667,0.9286
0.5,0.5,1.0,0.35333333333333333,0.8533333333333333,0.9288000000000001
0.5,0.5,1.0,0.35,0.85,0.929
0.5,0.5,1.0,0.3466666666666667,0.8466666666666667,0.9292
0.5,0.5,1.0,0.3433333333333333,0.8433333333333333,0.9294
0.5,0.5,1.0,0.33999999999999997,0.84,0.9296
0.5,0.5,1.0,0.33666666666666667,0.8366666666666667,0.9298000000000001
0.5,0.5,1.0,0.3333333333333333,0.8333333333333333,0.93
0.5,0.5,1.0,0.32999999999999996,0.83,0.9302
0.5,0.5,1.0,0.32666666666666666,0.8266666666666667,0.9304
0.5,0.5,1.0,0.32333333333333336,0.8233333333333334,0.9306
0.5,0.5,1.0,0.31999999999999995,0.82,0.9308000000000001
0.5,0.5,1.0,0.31666666666666665,0.8166666666666667,0.931
0.5,0.5,1.0,0.31333333333333335,0.8133333333333334,0.9312
0.5,0.5,1.0,0.31,0.81,0.9314
0.5,0.5,1.0,0.30666666666666664,0.8066666666666666,0.9316
0.5,0.5,1.0,0.30333333333333334,0.8033333333333333,0.9318000000000001
0.5,0.5,1.0,0.3,0.8,0.932
0.5,0.5,1.0,0.29666666666666663,0.7966666666666666,0.9322
0.5,0.5,1.0,0.29333333333333333,0.7933333333333333,0.9324
0.5,0.5,1.0,0.29,0.79,0.9326
0.5,0.5,1.0,0.2866666666666666,0.7866666666666666,0.9328000000000001
0.5,0.5,1.0,0.2833333333333333,0.7833333333333333,0.933
0.5,0.5,1.0,0.28,0.78,0.9332
0.5,0.5,1.0,0.2766666666666666,0.7766666666666666,0.9334
0.5,0.5,1.0,0.2733333333333333,0.7733333333333333,0.9336
0.5,0.5,1.0,0.27,0.77,0.9338000000000001
0.5,0.5,1.0,0.26666666666666666,0.7666666666666666,0.934
0.5,0.5,1.0,0.2633333333333333,0.7633333333333333,0.9342
0.5,0.5,1.0,0.26,0.76,0.9344
0.5,0.5,1.0,0.25666666666666665,0.7566666666666666,0.9346
0.5,0.5,1.0,0.2533333333333333,0.7533333333333333,0.9348000000000001
0.5,0.5,1.0,0.25,0.75,0.935
0.5,0.5,1.0,0.24666666666666665,0.7466666666666666,0.9352
0.5,0.5,1.0,0.2433333333333333,0.7433333333333333,0.9354
0.5,0.5,1.0,0.24,0.74,0.9356
0.5,0.5,1.0,0.23666666666666664,0.7366666666666666,0.9358000000000001
0.5,0.5,1.0,0.23333333333333334,0.7333333333333334,0.936
0.5,0.5,1.0,0.22999999999999998,0.73,0.9362
0.5,0.5,1.0,0.22666666666666663,0.7266666666666666,0.9364
0.5,0.5,1.0,0.22333333333333333,0.7233333333333334,0.9366
0.5,0.5,1.0,0.21999999999999997,0.72,0.9368000000000001
0.5,0.5,1.0,0.21666666666666667,0.7166666666666667,0.937
0.5,0.5,1.0,0.21333333333333332,0.7133333333333334,0.9372
0.5,0.5,1.0,0.20999999999999996,0.71,0.9374
0.5,0.5,1.0,0.20666666666666667,0.7066666666666667,0.9376
0.5,0.5,1.0,0.2033333333333333,0.7033333333333334,0.9378000000000001
0.5,0.5,1.0,0.19999999999999996,0.7,0.9380000000000001
0.5,0.5,1.0,0.19666666666666666,0.6966666666666667,0.9382
0.5,0.5,1.0,0.1933333333333333,0.6933333333333334,0.9384
0.5,0.5,1.0,0.19,0.69,0.9386
0.5,0.5,1.0,0.18666666666666665,0.6866666666666666,0.9388000000000001
0.5,0.5,1.0,0.1833333333333333,0.6833333333333333,0.9390000000000001
0.5,0.5,1.0,0.18,0.6799999999999999,0.9392
0.5,0.5,1.0,0.17666666666666664,0.6766666666666666,0.9394
0.5,0.5,1.0,0.17333333333333334,0.6733333333333333,0.9396
0.5,0.5,1.0,0.16999999999999998,0.6699999999999999,0.9398000000000001
0.5,0.5,1.0,0.16666666666666663,0.6666666666666666,0.9400000000000001
0.5,0.5,1.0,0.16333333333333333,0.6633333333333333,0.9402
0.5,0.5,1.0,0.15999999999999998,0.6599999999999999,0.9404
0.5,0.5,1.0,0.15666666666666662,0.6566666666666666,0.9406
0.5,0.5,1.0,0.15333333333333332,0.6533333333333333,0.9408000000000001
0.5,0.5,1.0,0.14999999999999997,0.6499999999999999,0.9410000000000001
0.5,0.5,1.0,0.14666666666666667,0.6466666666666667,0.9412
0.5,0.5,1.0,0.1433333333333333,0.6433333333333333,0.9414
0.5,0.5,1.0,0.13999999999999996,0.6399999999999999,0.9416
0.5,0.5,1.0,0.13666666666666666,0.6366666666666667,0.9418000000000001
0.5,0.5,1.0,0.1333333333333333,0.6333333333333333,0.9420000000000001
0.5,0.5,1.0,0.12999999999999995,0.6299999999999999,0.9422
0.5,0.5,1.0,0.12666666666666665,0.6266666666666667,0.9424
0.5,0.5,1.0,0.1233333333333333,0.6233333333333333,0.9426
0.5,0.5,1.0,0.12,0.62,0.9428000000000001
0.5,0.5,1.0,0.11666666666666664,0.6166666666666667,0.9430000000000001
0.5,0.5,1.0,0.11333333333333329,0.6133333333333333,0.9432
0.5,0.5,1.0,0.10999999999999999,0.61,0.9434
0.5,0.5,1.0,0.10666666666666663,0.6066666666666667,0.9436
0.5,0.5,1.0,0.10333333333333333,0.6033333333333333,0.9438000000000001
0.5,0.5,1.0,0.09999999999999998,0.6,0.9440000000000001
0.5,0.5,1.0,0.09666666666666662,0.5966666666666667,0.9442
0.5,0.5,1.0,0.09333333333333332,0.5933333333333333,0.9444
0.5,0.5,1.0,0.08999999999999997,0.59,0.9446
0.5,0.5,1.0,0.08666666666666661,0.5866666666666667,0.9448000000000001
0.5,0.5,1.0,0.08333333333333331,0.5833333333333333,0.9450000000000001
0.5,0.5,1.0,0.07999999999999996,0.58,0.9452
0.5,0.5,1.0,0.07666666666666666,0.5766666666666667,0.9454
0.5,0.5,1.0,0.0733333333333333,0.5733333333333333,0.9456
0.5,0.5,1.0,0.06999999999999995,0.57,0.9458000000000001
0.5,0.5,1.0,0.06666666666666665,0.5666666666666667,0.9460000000000001
0.5,0.5,1.0,0.0633333333333333,0.5633333333333332,0.9462
0.5,0.5,1.0,0.06,0.56,0.9464
0.5,0.5,1.0,0.05666666666666664,0.5566666666666666,0.9466
0.5,0.5,1.0,0.05333333333333329,0.5533333333333332,0.9468000000000001
0.5,0.5,1.0,0.04999999999999999,0.55,0.9470000000000001
0.5,0.5,1.0,0.046666666666666634,0.5466666666666666,0.9472
0.5,0.5,1.0,0.04333333333333328,0.5433333333333332,0.9474
0.5,0.5,1.0,0.03999999999999998,0.54,0.9476
0.5,0.5,1.0,0.036666666666666625,0.5366666666666666,0.9478000000000001
0.5,0.5,1.0,0.033333333333333326,0.5333333333333333,0.9480000000000001
0.5,0.5,1.0,0.02999999999999997,0.53,0.9482
0.5,0.5,1.0,0.026666666666666616,0.5266666666666666,0.9484
0.5,0.5,1.0,0.023333333333333317,0.5233333333333333,0.9486
0.5,0.5,1.0,0.019999999999999962,0.52,0.9488000000000001
0.5,0.5,1.0,0.016666666666666663,0.5166666666666666,0.9490000000000001
0.5,0.5,1.0,0.013333333333333308,0.5133333333333333,0.9492
0.5,0.5,1.0,0.009999999999999953,0.51,0.9494
0.5,0.5,1.0,0.006666666666666654,0.5066666666666666,0.9496
0.5,0.5,1.0,0.0033333333333332993,0.5033333333333333,0.9498000000000001
0.5,0.5,1.0,0.0,0.5,0.9500000000000001
0.5,0.5,1.0,-0.0033333333333334103,0.4966666666666666,0.9502
0.5,0.5,1.0,-0.00666666666666671,0.4933333333333333,0.9504
0.5,0.5,1.0,-0.010000000000000009,0.49,0.9506
0.5,0.5,1.0,-0.01333333333333342,0.4866666666666666,0.9508000000000001
0.5,0.5,1.0,-0.01666666666666672,0.4833333333333333,0.9510000000000001
0.5,0.5,1.0,-0.020000000000000018,0.48,0.9512
0.5,0.5,1.0,-0.023333333333333317,0.4766666666666667,0.9514
0.5,0.5,1.0,-0.026666666666666727,0.4733333333333333,0.9516
0.5,0.5,1.0,-0.030000000000000027,0.47,0.9518000000000001
0.5,0.5,1.0,-0.033333333333333326,0.4666666666666667,0.9520000000000001
0.5,0.5,1.0,-0.036666666666666736,0.46333333333333326,0.9522
0.5,0.5,1.0,-0.040000000000000036,0.45999999999999996,0.9524
0.5,0.5,1.0,-0.043333333333333335,0.45666666666666667,0.9526
0.5,0.5,1.0,-0.046666666666666745,0.45333333333333325,0.9528000000000001
0.5,0.5,1.0,-0.050000000000000044,0.44999999999999996,0.9530000000000001
0.5,0.5,1.0,-0.053333333333333344,0.44666666666666666,0.9532
0.5,0.5,1.0,-0.056666666666666754,0.44333333333333325,0.9534
0.5,0.5,1.0,-0.06000000000000005,0.43999999999999995,0.9536
0.5,0.5,1.0,-0.06333333333333335,0.43666666666666665,0.9538
0.5,0.5,1.0,-0.06666666666666665,0.43333333333333335,0.9540000000000001
0.5,0.5,1.0,-0.07000000000000006,0.42999999999999994,0.9542
0.5,0.5,1.0,-0.07333333333333336,0.42666666666666664,0.9544
0.5,0.5,1.0,-0.07666666666666666,0.42333333333333334,0.9546
0.5,0.5,1.0,-0.08000000000000007,0.41999999999999993,0.9548000000000001
0.5,0.5,1.0,-0.08333333333333337,0.41666666666666663,0.9550000000000001
0.5,0.5,1.0,-0.08666666666666667,0.41333333333333333,0.9552
0.5,0.5,1.0,-0.09000000000000008,0.4099999999999999,0.9554
0.5,0.5,1.0,-0.09333333333333338,0.4066666666666666,0.9556
0.5,0.5,1.0,-0.09666666666666668,0.4033333333333333,0.9558
0.5,0.5,1.0,-0.10000000000000009,0.3999999999999999,0.9560000000000001
0.5,0.5,1.0,-0.10333333333333339,0.3966666666666666,0.9562
0.5,0.5,1.0,-0.10666666666666669,0.3933333333333333,0.9564
0.5,0.5,1.0,-0.10999999999999999,0.39,0.9566
0.5,0.5,1.0,-0.1133333333333334,0.3866666666666666,0.9568000000000001
0.5,0.5,1.0,-0.1166666666666667,0.3833333333333333,0.9570000000000001
0.5,0.5,1.0,-0.12,0.38,0.9572
0.5,0.5,1.0,-0.1233333333333334,0.3766666666666666,0.9574
0.5,0.5,1.0,-0.1266666666666667,0.3733333333333333,0.9576
0.5,0.5,1.0,-0.13,0.37,0.9578
0.5,0.5,1.0,-0.13333333333333341,0.3666666666666666,0.9580000000000001
0.5,0.5,1.0,-0.13666666666666671,0.3633333333333333,0.9582
0.5,0.5,1.0,-0.14,0.36,0.9584
0.5,0.5,1.0,-0.14333333333333342,0.3566666666666666,0.9586
0.5,0.5,1.0,-0.14666666666666672,0.3533333333333333,0.9588000000000001
0.5,0.5,1.0,-0.15000000000000002,0.35,0.9590000000000001
0.5,0.5,1.0,-0.15333333333333332,0.3466666666666667,0.9592
0.5,0.5,1.0,-0.15666666666666673,0.34333333333333327,0.9594
0.5,0.5,1.0,-0.16000000000000003,0.33999999999999997,0.9596
0.5,0.5,1.0,-0.16333333333333333,0.33666666666666667,0.9598
0.5,0.5,1.0,-0.16666666666666674,0.33333333333333326,0.9600000000000001
0.5,0.4975,0.9975,-0.17000000000000004,0.32999999999999996,0.9602
0.5,0.495,0.995,-0.17333333333333334,0.32666666666666666,0.9604
0.5,0.4925,0.9924999999999999,-0.17666666666666675,0.32333333333333325,0.9606
0.5,0.49,0.99,-0.18000000000000005,0.31999999999999995,0.9608000000000001
0.5,0.4875,0.9875,-0.18333333333333335,0.31666666666666665,0.9610000000000001
0.5,0.485,0.985,-0.18666666666666676,0.31333333333333324,0.9612
0.5,0.4825,0.9824999999999999,-0.19000000000000006,0.30999999999999994,0.9614
0.5,0.48,0.98,-0.19333333333333336,0.30666666666666664,0.9616
0.5,0.4775,0.9775,-0.19666666666666666,0.30333333333333334,0.9618
0.5,0.475,0.975,-0.20000000000000007,0.29999999999999993,0.9620000000000001
0.5,0.4725,0.9724999999999999,-0.20333333333333337,0.29666666666666663,0.9622
0.5,0.47,0.97,-0.20666666666666667,0.29333333333333333,0.9624
0.5,0.4675,0.9675,-0.21000000000000008,0.2899999999999999,0.9626
0.5,0.46499999999999997,0.965,-0.21333333333333337,0.2866666666666666,0.9628000000000001
0.5,0.4625,0.9625,-0.21666666666666667,0.2833333333333333,0.9630000000000001
0.5,0.46,0.96,-0.22000000000000008,0.2799999999999999,0.9632000000000001
0.5,0.4575,0.9575,-0.22333333333333338,0.2766666666666666,0.9634
0.5,0.455,0.9550000000000001,-0.22666666666666668,0.2733333333333333,0.9636
0.5,0.4525,0.9525,-0.2300000000000001,0.2699999999999999,0.9638
0.5,0.45,0.95,-0.2333333333333334,0.2666666666666666,0.9640000000000001
0.5,0.4475,0.9475,-0.2366666666666667,0.2633333333333333,0.9642000000000001
0.5,0.445,0.9450000000000001,-0.2400000000000001,0.2599999999999999,0.9644
0.5,0.4425,0.9425,-0.2433333333333334,0.2566666666666666,0.9646
0.5,0.44,0.94,-0.2466666666666667,0.2533333333333333,0.9648000000000001
0.5,0.4375,0.9375,-0.25,0.25,0.9650000000000001
0.5,0.435,0.935,-0.2533333333333334,0.2466666666666666,0.9652000000000001
0.5,0.4325,0.9325,-0.2566666666666667,0.2433333333333333,0.9654
0.5,0.43,0.9299999999999999,-0.26,0.24,0.9656
0.5,0.4275,0.9275,-0.2633333333333334,0.23666666666666658,0.9658
0.5,0.425,0.925,-0.2666666666666667,0.23333333333333328,0.9660000000000001
0.5,0.4225,0.9225,-0.27,0.22999999999999998,0.9662000000000001
0.5,0.42,0.9199999999999999,-0.27333333333333343,0.22666666666666657,0.9664
0.5,0.4175,0.9175,-0.2766666666666667,0.22333333333333327,0.9666
0.5,0.415,0.915,-0.28,0.21999999999999997,0.9668000000000001
0.5,0.4125,0.9125,-0.28333333333333344,0.21666666666666656,0.9670000000000001
0.5,0.41000000000000003,0.91,-0.28666666666666674,0.21333333333333326,0.9672000000000001
0.5,0.4075,0.9075,-0.29000000000000004,0.20999999999999996,0.9674
0.5,0.405,0.905,-0.29333333333333333,0.20666666666666667,0.9676
0.5,0.40249999999999997,0.9025,-0.29666666666666675,0.20333333333333325,0.9678
0.5,0.4,0.9,-0.30000000000000004,0.19999999999999996,0.9680000000000001
0.5,0.39749999999999996,0.8975,-0.30333333333333334,0.19666666666666666,0.9682000000000001
0.5,0.395,0.895,-0.30666666666666675,0.19333333333333325,0.9684
0.5,0.3925,0.8925000000000001,-0.31000000000000005,0.18999999999999995,0.9686
0.5,0.39,0.89,-0.31333333333333335,0.18666666666666665,0.9688000000000001
0.5,0.3875,0.8875,-0.31666666666666676,0.18333333333333324,0.9690000000000001
0.5,0.385,0.885,-0.32000000000000006,0.17999999999999994,0.9692000000000001
0.5,0.3825,0.8825000000000001,-0.32333333333333336,0.17666666666666664,0.9694
0.5,0.38,0.88,-0.32666666666666677,0.17333333333333323,0.9696
0.5,0.3775,0.8775,-0.33000000000000007,0.16999999999999993,0.9698
0.5,0.375,0.875,-0.33333333333333337,0.16666666666666663,0.9700000000000001
0.5,0.3725,0.8725,-0.33666666666666667,0.16333333333333333,0.9702000000000001
0.5,0.37,0.87,-0.3400000000000001,0.15999999999999992,0.9704
0.5,0.3675,0.8674999999999999,-0.3433333333333334,0.15666666666666662,0.9706
0.5,0.365,0.865,-0.3466666666666667,0.15333333333333332,0.9708
0.5,0.3625,0.8625,-0.3500000000000001,0.1499999999999999,0.9710000000000001
0.5,0.36,0.86,-0.3533333333333334,0.1466666666666666,0.9712000000000001
0.5,0.3575,0.8574999999999999,-0.3566666666666667,0.1433333333333333,0.9714
0.5,0.355,0.855,-0.3600000000000001,0.1399999999999999,0.9716
0.5,0.35250000000000004,0.8525,-0.3633333333333334,0.1366666666666666,0.9718
0.5,0.35,0.85,-0.3666666666666667,0.1333333333333333,0.9720000000000001
0.5,0.34750000000000003,0.8475,-0.3700000000000001,0.1299999999999999,0.9722000000000001
0.5,0.345,0.845,-0.3733333333333334,0.1266666666666666,0.9724
0.5,0.3425,0.8425,-0.3766666666666667,0.1233333333333333,0.9726
0.5,0.33999999999999997,0.84,-0.38,0.12,0.9728
0.5,0.3375,0.8375,-0.3833333333333334,0.11666666666666659,0.9730000000000001
0.5,0.33499999999999996,0.835,-0.3866666666666667,0.11333333333333329,0.9732000000000001
0.5,0.3325,0.8325,-0.39,0.10999999999999999,0.9734
0.5,0.32999999999999996,0.83,-0.3933333333333334,0.10666666666666658,0.9736
0.5,0.3275,0.8275,-0.3966666666666667,0.10333333333333328,0.9738
0.5,0.32499999999999996,0.825,-0.4,0.09999999999999998,0.9740000000000001
0.5,0.3225,0.8225,-0.40333333333333343,0.09666666666666657,0.9742000000000001
0.5,0.32,0.8200000000000001,-0.40666666666666673,0.09333333333333327,0.9744
0.5,0.3175,0.8175,-0.41000000000000003,0.08999999999999997,0.9746
0.5,0.315,0.815,-0.41333333333333344,0.08666666666666656,0.9748
0.5,0.3125,0.8125,-0.41666666666666674,0.08333333333333326,0.9750000000000001
0.5,0.31,0.81,-0.42000000000000004,0.07999999999999996,0.9752000000000001
0.5,0.3075,0.8075,-0.42333333333333334,0.07666666666666666,0.9754
0.5,0.305,0.8049999999999999,-0.42666666666666675,0.07333333333333325,0.9756
0.5,0.3025,0.8025,-0.43000000000000005,0.06999999999999995,0.9758
0.5,0.3,0.8,-0.43333333333333335,0.06666666666666665,0.9760000000000001
0.5,0.2975,0.7975,-0.43666666666666676,0.06333333333333324,0.9762000000000001
0.5,0.295,0.7949999999999999,-0.44000000000000006,0.05999999999999994,0.9764
0.5,0.2925,0.7925,-0.44333333333333336,0.05666666666666664,0.9766
0.5,0.29000000000000004,0.79,-0.44666666666666677,0.05333333333333323,0.9768
0.5,0.2875,0.7875,-0.45000000000000007,0.04999999999999993,0.9770000000000001
0.5,0.28500000000000003,0.785,-0.45333333333333337,0.046666666666666634,0.9772000000000001
0.5,0.2825,0.7825,-0.4566666666666668,0.043333333333333224,0.9774
0.5,0.28,0.78,-0.4600000000000001,0.039999999999999925,0.9776
0.5,0.27749999999999997,0.7775,-0.4633333333333334,0.036666666666666625,0.9778
0.5,0.275,0.775,-0.4666666666666667,0.033333333333333326,0.9780000000000001
0.5,0.27249999999999996,0.7725,-0.4700000000000001,0.029999999999999916,0.9782000000000001
0.5,0.27,0.77,-0.4733333333333334,0.026666666666666616,0.9784
0.5,0.26749999999999996,0.7675,-0.4766666666666667,0.023333333333333317,0.9786
0.5,0.265,0.765,-0.4800000000000001,0.019999999999999907,0.9788
0.5,0.26249999999999996,0.7625,-0.4833333333333334,0.016666666666666607,0.9790000000000001
0.5,0.26,0.76,-0.4866666666666667,0.013333333333333308,0.9792000000000001
0.5,0.2575,0.7575000000000001,-0.4900000000000001,0.009999999999999898,0.9794
0.5,0.255,0.755,-0.4933333333333334,0.006666666666666599,0.9796
0.5,0.2525,0.7525,-0.4966666666666667,0.0033333333333332993,0.9798
0.5,0.25,0.75,-0.5,0.0,0.9800000000000001
0.5,0.2475,0.7475,-0.5,0.0,0.9802000000000001
0.5,0.245,0.745,-0.5,0.0,0.9804
0.5,0.2425,0.7424999999999999,-0.5,0.0,0.9806
0.5,0.24,0.74,-0.5,0.0,0.9808
0.5,0.2375,0.7375,-0.5,0.0,0.9810000000000001
0.5,0.235,0.735,-0.5,0.0,0.9812000000000001
0.5,0.23249999999999998,0.7324999999999999,-0.5,0.0,0.9814
0.5,0.22999999999999998,0.73,-0.5,0.0,0.9816
0.5,0.22749999999999998,0.7275,-0.5,0.0,0.9818
0.5,0.22499999999999998,0.725,-0.5,0.0,0.9820000000000001
0.5,0.22249999999999998,0.7224999999999999,-0.5,0.0,0.9822000000000001
0.5,0.21999999999999997,0.72,-0.5,0.0,0.9824
0.5,0.21749999999999997,0.7175,-0.5,0.0,0.9826
0.5,0.21499999999999997,0.715,-0.5,0.0,0.9828
0.5,0.21249999999999997,0.7124999999999999,-0.5,0.0,0.9830000000000001
0.5,0.21000000000000002,0.71,-0.5,0.0,0.9832000000000001
0.5,0.20750000000000002,0.7075,-0.5,0.0,0.9834
0.5,0.20500000000000002,0.7050000000000001,-0.5,0.0,0.9836
0.5,0.2025,0.7025,-0.5,0.0,0.9838
0.5,0.2,0.7,-0.5,0.0,0.9840000000000001
0.5,0.1975,0.6975,-0.5,0.0,0.9842000000000001
0.5,0.195,0.6950000000000001,-0.5,0.0,0.9844
0.5,0.1925,0.6925,-0.5,0.0,0.9846
0.5,0.19,0.69,-0.5,0.0,0.9848
0.5,0.1875,0.6875,-0.5,0.0,0.9850000000000001
0.5,0.185,0.685,-0.5,0.0,0.9852000000000001
0.5,0.1825,0.6825,-0.5,0.0,0.9854
0.5,0.18,0.6799999999999999,-0.5,0.0,0.9856
0.5,0.1775,0.6775,-0.5,0.0,0.9858
0.5,0.175,0.675,-0.5,0.0,0.986
0.5,0.1725,0.6725,-0.5,0.0,0.9862000000000001
0.5,0.16999999999999998,0.6699999999999999,-0.5,0.0,0.9864
0.5,0.16749999999999998,0.6675,-0.5,0.0,0.9866
0.5,0.16499999999999998,0.665,-0.5,0.0,0.9868
0.5,0.16249999999999998,0.6625,-0.5,0.0,0.9870000000000001
0.5,0.15999999999999998,0.6599999999999999,-0.5,0.0,0.9872000000000001
0.5,0.15749999999999997,0.6575,-0.5,0.0,0.9874
0.5,0.15499999999999997,0.655,-0.5,0.0,0.9876
0.5,0.15249999999999997,0.6525,-0.5,0.0,0.9878
0.5,0.14999999999999997,0.6499999999999999,-0.5,0.0,0.988
0.5,0.14750000000000002,0.6475,-0.5,0.0,0.9882000000000001
0.5,0.14500000000000002,0.645,-0.5,0.0,0.9884000000000001
0.5,0.14250000000000002,0.6425000000000001,-0.5,0.0,0.9886
0.5,0.14,0.64,-0.5,0.0,0.9888
0.5,0.1375,0.6375,-0.5,0.0,0.9890000000000001
0.5,0.135,0.635,-0.5,0.0,0.9892000000000001
0.5,0.1325,0.6325000000000001,-0.5,0.0,0.9894000000000001
0.5,0.13,0.63,-0.5,0.0,0.9896
0.5,0.1275,0.6275,-0.5,0.0,0.9898
0.5,0.125,0.625,-0.5,0.0,0.99
0.5,0.1225,0.6225,-0.5,0.0,0.9902000000000001
0.5,0.12,0.62,-0.5,0.0,0.9904000000000001
0.5,0.1175,0.6174999999999999,-0.5,0.0,0.9906
0.5,0.11499999999999999,0.615,-0.5,0.0,0.9908
0.5,0.11249999999999999,0.6125,-0.5,0.0,0.9910000000000001
0.5,0.10999999999999999,0.61,-0.5,0.0,0.9912000000000001
0.5,0.10749999999999998,0.6074999999999999,-0.5,0.0,0.9914000000000001
0.5,0.10499999999999998,0.605,-0.5,0.0,0.9916
0.5,0.10249999999999998,0.6025,-0.5,0.0,0.9918
0.5,0.09999999999999998,0.6,-0.5,0.0,0.992
0.5,0.09749999999999998,0.5974999999999999,-0.5,0.0,0.9922000000000001
0.5,0.09499999999999997,0.595,-0.5,0.0,0.9924000000000001
0.5,0.09249999999999997,0.5925,-0.5,0.0,0.9926
0.5,0.08999999999999997,0.59,-0.5,0.0,0.9928
0.5,0.08749999999999997,0.5874999999999999,-0.5,0.0,0.9930000000000001
0.5,0.08499999999999996,0.585,-0.5,0.0,0.9932000000000001
0.5,0.08250000000000002,0.5825,-0.5,0.0,0.9934000000000001
0.5,0.08000000000000002,0.5800000000000001,-0.5,0.0,0.9936
0.5,0.07750000000000001,0.5775,-0.5,0.0,0.9938
0.5,0.07500000000000001,0.575,-0.5,0.0,0.994
0.5,0.07250000000000001,0.5725,-0.5,0.0,0.9942000000000001
0.5,0.07,0.5700000000000001,-0.5,0.0,0.9944000000000001
0.5,0.0675,0.5675,-0.5,0.0,0.9946
0.5,0.065,0.565,-0.5,0.0,0.9948
0.5,0.0625,0.5625,-0.5,0.0,0.9950000000000001
0.5,0.06,0.56,-0.5,0.0,0.9952000000000001
0.5,0.057499999999999996,0.5575,-0.5,0.0,0.9954000000000001
0.5,0.05499999999999999,0.5549999999999999,-0.5,0.0,0.9956
0.5,0.05249999999999999,0.5525,-0.5,0.0,0.9958
0.5,0.04999999999999999,0.55,-0.5,0.0,0.996
0.5,0.04749999999999999,0.5475,-0.5,0.0,0.9962000000000001
0.5,0.044999999999999984,0.5449999999999999,-0.5,0.0,0.9964000000000001
0.5,0.04249999999999998,0.5425,-0.5,0.0,0.9966
0.5,0.03999999999999998,0.54,-0.5,0.0,0.9968
0.5,0.03749999999999998,0.5375,-0.5,0.0,0.9970000000000001
0.5,0.034999999999999976,0.5349999999999999,-0.5,0.0,0.9972000000000001
0.5,0.03249999999999997,0.5325,-0.5,0.0,0.9974000000000001
0.5,0.02999999999999997,0.53,-0.5,0.0,0.9976
0.5,0.02749999999999997,0.5275,-0.5,0.0,0.9978
0.5,0.024999999999999967,0.5249999999999999,-0.5,0.0,0.998
0.5,0.022499999999999964,0.5225,-0.5,0.0,0.9982000000000001
0.5,0.020000000000000018,0.52,-0.5,0.0,0.9984000000000001
0.5,0.017500000000000016,0.5175000000000001,-0.5,0.0,0.9986
0.5,0.015000000000000013,0.515,-0.5,0.0,0.9988
0.5,0.012500000000000011,0.5125,-0.5,0.0,0.9990000000000001
0.4,0.010000000000000009,0.41000000000000003,-0.5,-0.09999999999999998,0.9992000000000001
0.3,0.007500000000000007,0.3075,-0.5,-0.2,0.9994000000000001
0.19999999999999996,0.0050000000000000044,0.20499999999999996,-0.5,-0.30000000000000004,0.9996
0.09999999999999998,0.0025000000000000022,0.10249999999999998,-0.5,-0.4,0.9998
0.0,0.0,0.0,-0.5,-0.5,1.0
-0.10000000000000009,-0.0025000000000000577,-0.10250000000000015,-0.5,-0.6000000000000001,1.0002
-0.20000000000000007,-0.0050000000000000044,-0.20500000000000007,-0.5,-0.7000000000000001,1.0004
-0.30000000000000004,-0.007500000000000062,-0.3075000000000001,-0.5,-0.8,1.0006000000000002
-0.4,-0.010000000000000009,-0.41000000000000003,-0.5,-0.9,1.0008000000000001
-0.5,-0.012499999999999956,-0.5125,-0.5,-1.0,1.0010000000000001
-0.5,-0.015000000000000013,-0.515,-0.5,-1.0,1.0012
-0.5,-0.01749999999999996,-0.5175,-0.5,-1.0,1.0014
-0.5,-0.020000000000000018,-0.52,-0.5,-1.0,1.0016
-0.5,-0.022499999999999964,-0.5225,-0.5,-1.0,1.0018
-0.5,-0.025000000000000022,-0.525,-0.5,-1.0,1.002
-0.5,-0.02749999999999997,-0.5275,-0.5,-1.0,1.0022
-0.5,-0.030000000000000027,-0.53,-0.5,-1.0,1.0024
-0.5,-0.03249999999999997,-0.5325,-0.5,-1.0,1.0026000000000002
-0.5,-0.03500000000000003,-0.535,-0.5,-1.0,1.0028000000000001
-0.5,-0.03749999999999998,-0.5375,-0.5,-1.0,1.0030000000000001
-0.5,-0.040000000000000036,-0.54,-0.5,-1.0,1.0032
-0.5,-0.04249999999999998,-0.5425,-0.5,-1.0,1.0034
-0.5,-0.04500000000000004,-0.545,-0.5,-1.0,1.0036
-0.5,-0.04749999999999999,-0.5475,-0.5,-1.0,1.0038
-0.5,-0.050000000000000044,-0.55,-0.5,-1.0,1.004
-0.5,-0.05249999999999999,-0.5525,-0.5,-1.0,1.0042
-0.5,-0.05500000000000005,-0.555,-0.5,-1.0,1.0044
-0.5,-0.057499999999999996,-0.5575,-0.5,-1.0,1.0046000000000002
-0.5,-0.06000000000000005,-0.56,-0.5,-1.0,1.0048000000000001
-0.5,-0.0625,-0.5625,-0.5,-1.0,1.0050000000000001
-0.5,-0.06500000000000006,-0.5650000000000001,-0.5,-1.0,1.0052
-0.5,-0.0675,-0.5675,-0.5,-1.0,1.0054
-0.5,-0.07000000000000006,-0.5700000000000001,-0.5,-1.0,1.0056
-0.5,-0.07250000000000001,-0.5725,-0.5,-1.0,1.0058
-0.5,-0.07500000000000007,-0.5750000000000001,-0.5,-1.0,1.006
-0.5,-0.07750000000000001,-0.5775,-0.5,-1.0,1.0062
-0.5,-0.07999999999999996,-0.58,-0.5,-1.0,1.0064
-0.5,-0.08250000000000002,-0.5825,-0.5,-1.0,1.0066000000000002
-0.5,-0.08499999999999996,-0.585,-0.5,-1.0,1.0068000000000001
-0.5,-0.08750000000000002,-0.5875,-0.5,-1.0,1.0070000000000001
-0.5,-0.08999999999999997,-0.59,-0.5,-1.0,1.0072
-0.5,-0.09250000000000003,-0.5925,-0.5,-1.0,1.0074
-0.5,-0.09499999999999997,-0.595,-0.5,-1.0,1.0076
-0.5,-0.09750000000000003,-0.5975,-0.5,-1.0,1.0078
-0.5,-0.09999999999999998,-0.6,-0.5,-1.0,1.008
-0.5,-0.10250000000000004,-0.6025,-0.5,-1.0,1.0082
-0.5,-0.10499999999999998,-0.605,-0.5,-1.0,1.0084
-0.5,-0.10750000000000004,-0.6075,-0.5,-1.0,1.0086
-0.5,-0.10999999999999999,-0.61,-0.5,-1.0,1.0088000000000001
-0.5,-0.11250000000000004,-0.6125,-0.5,-1.0,1.0090000000000001
-0.5,-0.11499999999999999,-0.615,-0.5,-1.0,1.0092
-0.5,-0.11750000000000005,-0.6175,-0.5,-1.0,1.0094
-0.5,-0.12,-0.62,-0.5,-1.0,1.0096
-0.5,-0.12250000000000005,-0.6225,-0.5,-1.0,1.0098
-0.5,-0.125,-0.625,-0.5,-1.0,1.01
-0.5,-0.12750000000000006,-0.6275000000000001,-0.5,-1.0,1.0102
-0.5,-0.13,-0.63,-0.5,-1.0,1.0104
-0.5,-0.13250000000000006,-0.6325000000000001,-0.5,-1.0,1.0106000000000002
-0.5,-0.135,-0.635,-0.5,-1.0,1.0108000000000001
-0.5,-0.13750000000000007,-0.6375000000000001,-0.5,-1.0,1.0110000000000001
-0.5,-0.14,-0.64,-0.5,-1.0,1.0112
-0.5,-0.14249999999999996,-0.6425,-0.5,-1.0,1.0114
-0.5,-0.14500000000000002,-0.645,-0.5,-1.0,1.0116
-0.5,-0.14749999999999996,-0.6475,-0.5,-1.0,1.0118
-0.5,-0.15000000000000002,-0.65,-0.5,-1.0,1.012
-0.5,-0.15249999999999997,-0.6525,-0.5,-1.0,1.0122
-0.5,-0.15500000000000003,-0.655,-0.5,-1.0,1.0124
-0.5,-0.15749999999999997,-0.6575,-0.5,-1.0,1.0126
-0.5,-0.16000000000000003,-0.66,-0.5,-1.0,1.0128000000000001
-0.5,-0.16249999999999998,-0.6625,-0.5,-1.0,1.0130000000000001
-0.5,-0.16500000000000004,-0.665,-0.5,-1.0,1.0132
-0.5,-0.16749999999999998,-0.6675,-0.5,-1.0,1.0134
-0.5,-0.17000000000000004,-0.67,-0.5,-1.0,1.0136
-0.5,-0.1725,-0.6725,-0.5,-1.0,1.0138
-0.5,-0.17500000000000004,-0.675,-0.5,-1.0,1.014
-0.5,-0.1775,-0.6775,-0.5,-1.0,1.0142
-0.5,-0.18000000000000005,-0.68,-0.5,-1.0,1.0144
-0.5,-0.1825,-0.6825,-0.5,-1.0,1.0146000000000002
-0.5,-0.18500000000000005,-0.685,-0.5,-1.0,1.0148000000000001
-0.5,-0.1875,-0.6875,-0.5,-1.0,1.0150000000000001
-0.5,-0.19000000000000006,-0.6900000000000001,-0.5,-1.0,1.0152
-0.5,-0.1925,-0.6925,-0.5,-1.0,1.0154
-0.5,-0.19500000000000006,-0.6950000000000001,-0.5,-1.0,1.0156
-0.5,-0.1975,-0.6975,-0.5,-1.0,1.0158
-0.5,-0.20000000000000007,-0.7000000000000001,-0.5,-1.0,1.016
-0.5,-0.2025,-0.7025,-0.5,-1.0,1.0162
-0.5,-0.20499999999999996,-0.705,-0.5,-1.0,1.0164
-0.5,-0.20750000000000002,-0.7075,-0.5,-1.0,1.0166
-0.5,-0.20999999999999996,-0.71,-0.5,-1.0,1.0168000000000001
-0.5,-0.21250000000000002,-0.7125,-0.5,-1.0,1.0170000000000001
-0.5,-0.21499999999999997,-0.715,-0.5,-1.0,1.0172
-0.5,-0.21750000000000003,-0.7175,-0.5,-1.0,1.0174
-0.5,-0.21999999999999997,-0.72,-0.5,-1.0,1.0176
-0.5,-0.22250000000000003,-0.7225,-0.5,-1.0,1.0178
-0.5,-0.22499999999999998,-0.725,-0.5,-1.0,1.018
-0.5,-0.22750000000000004,-0.7275,-0.5,-1.0,1.0182
-0.5,-0.22999999999999998,-0.73,-0.5,-1.0,1.0184
-0.5,-0.23250000000000004,-0.7325,-0.5,-1.0,1.0186000000000002
-0.5,-0.235,-0.735,-0.5,-1.0,1.0188000000000001
-0.5,-0.23750000000000004,-0.7375,-0.5,-1.0,1.0190000000000001
-0.5,-0.24,-0.74,-0.5,-1.0,1.0192
-0.5,-0.24250000000000005,-0.7425,-0.5,-1.0,1.0194
-0.5,-0.245,-0.745,-0.5,-1.0,1.0196
-0.5,-0.24750000000000005,-0.7475,-0.5,-1.0,1.0198
-0.5,-0.25,-0.75,-0.5,-1.0,1.02
-0.5,-0.25250000000000006,-0.7525000000000001,-0.5,-1.0,1.0202
-0.5,-0.255,-0.755,-0.5,-1.0,1.0204
-0.5,-0.25750000000000006,-0.7575000000000001,-0.5,-1.0,1.0206
-0.5,-0.26,-0.76,-0.5,-1.0,1.0208000000000002
-0.5,-0.26250000000000007,-0.7625000000000001,-0.5,-1.0,1.0210000000000001
-0.5,-0.265,-0.765,-0.5,-1.0,1.0212
-0.5,-0.26750000000000007,-0.7675000000000001,-0.5,-1.0,1.0214
-0.5,-0.27,-0.77,-0.5,-1.0,1.0216
-0.5,-0.27249999999999996,-0.7725,-0.5,-1.0,1.0218
-0.5,-0.275,-0.775,-0.5,-1.0,1.022
-0.5,-0.27749999999999997,-0.7775,-0.5,-1.0,1.0222
-0.5,-0.28,-0.78,-0.5,-1.0,1.0224
-0.5,-0.2825,-0.7825,-0.5,-1.0,1.0226000000000002
-0.5,-0.28500000000000003,-0.785,-0.5,-1.0,1.0228000000000002
-0.5,-0.2875,-0.7875,-0.5,-1.0,1.0230000000000001
-0.5,-0.29000000000000004,-0.79,-0.5,-1.0,1.0232
-0.5,-0.2925,-0.7925,-0.5,-1.0,1.0234
-0.5,-0.29500000000000004,-0.795,-0.5,-1.0,1.0236
-0.5,-0.2975,-0.7975,-0.5,-1.0,1.0238
-0.5,-0.30000000000000004,-0.8,-0.5,-1.0,1.024
-0.5,-0.3025,-0.8025,-0.5,-1.0,1.0242
-0.5,-0.30500000000000005,-0.805,-0.5,-1.0,1.0244
-0.5,-0.3075,-0.8075,-0.5,-1.0,1.0246
-0.5,-0.31000000000000005,-0.81,-0.5,-1.0,1.0248000000000002
-0.5,-0.3125,-0.8125,-0.5,-1.0,1.0250000000000001
-0.5,-0.31500000000000006,-0.8150000000000001,-0.5,-1.0,1.0252000000000001
-0.5,-0.3175,-0.8175,-0.5,-1.0,1.0254
-0.5,-0.32000000000000006,-0.8200000000000001,-0.5,-1.0,1.0256
-0.5,-0.3225,-0.8225,-0.5,-1.0,1.0258
-0.5,-0.32500000000000007,-0.8250000000000001,-0.5,-1.0,1.026
-0.5,-0.3275,-0.8275,-0.5,-1.0,1.0262
-0.5,-0.33000000000000007,-0.8300000000000001,-0.5,-1.0,1.0264
-0.5,-0.3325,-0.8325,-0.5,-1.0,1.0266000000000002
-0.5,-0.33499999999999996,-0.835,-0.5,-1.0,1.0268000000000002
-0.5,-0.3375,-0.8375,-0.5,-1.0,1.0270000000000001
-0.5,-0.33999999999999997,-0.84,-0.5,-1.0,1.0272000000000001
-0.5,-0.3425,-0.8425,-0.5,-1.0,1.0274
-0.5,-0.345,-0.845,-0.5,-1.0,1.0276
-0.5,-0.34750000000000003,-0.8475,-0.5,-1.0,1.0278
-0.5,-0.35,-0.85,-0.5,-1.0,1.028
-0.5,-0.35250000000000004,-0.8525,-0.5,-1.0,1.0282
-0.5,-0.355,-0.855,-0.5,-1.0,1.0284
-0.5,-0.35750000000000004,-0.8575,-0.5,-1.0,1.0286
-0.5,-0.36,-0.86,-0.5,-1.0,1.0288000000000002
-0.5,-0.36250000000000004,-0.8625,-0.5,-1.0,1.0290000000000001
-0.5,-0.365,-0.865,-0.5,-1.0,1.0292000000000001
-0.5,-0.36750000000000005,-0.8675,-0.5,-1.0,1.0294
-0.5,-0.37,-0.87,-0.5,-1.0,1.0296
-0.5,-0.37250000000000005,-0.8725,-0.5,-1.0,1.0298
-0.5,-0.375,-0.875,-0.5,-1.0,1.03
-0.5,-0.37750000000000006,-0.8775000000000001,-0.5,-1.0,1.0302
-0.5,-0.38,-0.88,-0.5,-1.0,1.0304
-0.5,-0.38250000000000006,-0.8825000000000001,-0.5,-1.0,1.0306000000000002
-0.5,-0.385,-0.885,-0.5,-1.0,1.0308000000000002
-0.5,-0.38750000000000007,-0.8875000000000001,-0.5,-1.0,1.0310000000000001
-0.5,-0.39,-0.89,-0.5,-1.0,1.0312000000000001
-0.5,-0.39250000000000007,-0.8925000000000001,-0.5,-1.0,1.0314
-0.5,-0.395,-0.895,-0.5,-1.0,1.0316
-0.5,-0.39749999999999996,-0.8975,-0.5,-1.0,1.0318
-0.5,-0.4,-0.9,-0.5,-1.0,1.032
-0.5,-0.40249999999999997,-0.9025,-0.5,-1.0,1.0322
-0.5,-0.405,-0.905,-0.5,-1.0,1.0324
-0.5,-0.4075,-0.9075,-0.5,-1.0,1.0326
-0.5,-0.41000000000000003,-0.91,-0.5,-1.0,1.0328
-0.5,-0.4125,-0.9125,-0.5,-1.0,1.0330000000000001
-0.5,-0.41500000000000004,-0.915,-0.5,-1.0,1.0332000000000001
-0.5,-0.4175,-0.9175,-0.5,-1.0,1.0334
-0.5,-0.42000000000000004,-0.92,-0.5,-1.0,1.0336
-0.5,-0.4225,-0.9225,-0.5,-1.0,1.0338
-0.5,-0.42500000000000004,-0.925,-0.5,-1.0,1.034
-0.5,-0.4275,-0.9275,-0.5,-1.0,1.0342
-0.5,-0.43000000000000005,-0.93,-0.5,-1.0,1.0344
-0.5,-0.4325,-0.9325,-0.5,-1.0,1.0346000000000002
-0.5,-0.43500000000000005,-0.935,-0.5,-1.0,1.0348000000000002
-0.5,-0.4375,-0.9375,-0.5,-1.0,1.0350000000000001
-0.5,-0.44000000000000006,-0.9400000000000001,-0.5,-1.0,1.0352000000000001
-0.5,-0.4425,-0.9425,-0.5,-1.0,1.0354
-0.5,-0.44500000000000006,-0.9450000000000001,-0.5,-1.0,1.0356
-0.5,-0.4475,-0.9475,-0.5,-1.0,1.0358
-0.5,-0.45000000000000007,-0.9500000000000001,-0.5,-1.0,1.036
-0.5,-0.4525,-0.9525,-0.5,-1.0,1.0362
-0.5,-0.45500000000000007,-0.9550000000000001,-0.5,-1.0,1.0364
-0.5,-0.4575,-0.9575,-0.5,-1.0,1.0366
-0.5,-0.45999999999999996,-0.96,-0.5,-1.0,1.0368
-0.5,-0.4625,-0.9625,-0.5,-1.0,1.0370000000000001
-0.5,-0.46499999999999997,-0.965,-0.5,-1.0,1.0372000000000001
-0.5,-0.4675,-0.9675,-0.5,-1.0,1.0374
-0.5,-0.47,-0.97,-0.5,-1.0,1.0376
-0.5,-0.47250000000000003,-0.9725,-0.5,-1.0,1.0378
-0.5,-0.475,-0.975,-0.5,-1.0,1.038
-0.5,-0.47750000000000004,-0.9775,-0.5,-1.0,1.0382
-0.5,-0.48,-0.98,-0.5,-1.0,1.0384
-0.5,-0.48250000000000004,-0.9825,-0.5,-1.0,1.0386000000000002
-0.5,-0.485,-0.985,-0.5,-1.0,1.0388000000000002
-0.5,-0.48750000000000004,-0.9875,-0.5,-1.0,1.0390000000000001
-0.5,-0.49,-0.99,-0.5,-1.0,1.0392000000000001
-0.5,-0.49250000000000005,-0.9925,-0.5,-1.0,1.0394
-0.5,-0.495,-0.995,-0.5,-1.0,1.0396
-0.5,-0.49750000000000005,-0.9975,-0.5,-1.0,1.0398
-0.5,-0.5,-1.0,-0.5,-1.0,1.04
-0.5,-0.5,-1.0,-0.5,-1.0,1.0402
-0.5,-0.5,-1.0,-0.5,-1.0,1.0404
-0.5,-0.5,-1.0,-0.5,-1.0,1.0406
-0.5,-0.5,-1.0,-0.5,-1.0,1.0408
-0.5,-0.5,-1.0,-0.5,-1.0,1.0410000000000001
-0.5,-0.5,-1.0,-0.5,-1.0,1.0412000000000001
-0.5,-0.5,-1.0,-0.5,-1.0,1.0414
-0.5,-0.5,-1.0,-0.5,-1.0,1.0416
-0.5,-0.5,-1.0,-0.5,-1.0,1.0418
-0.5,-0.5,-1.0,-0.5,-1.0,1.042
-0.5,-0.5,-1.0,-0.5,-1.0,1.0422
-0.5,-0.5,-1.0,-0.5,-1.0,1.0424
-0.5,-0.5,-1.0,-0.5,-1.0,1.0426
-0.5,-0.5,-1.0,-0.5,-1.0,1.0428000000000002
-0.5,-0.5,-1.0,-0.5,-1.0,1.0430000000000001
-0.5,-0.5,-1.0,-0.5,-1.0,1.0432000000000001
-0.5,-0.5,-1.0,-0.5,-1.0,1.0434
-0.5,-0.5,-1.0,-0.5,-1.0,1.0436
-0.5,-0.5,-1.0,-0.5,-1.0,1.0438
-0.5,-0.5,-1.0,-0.5,-1.0,1.044
-0.5,-0.5,-1.0,-0.5,-1.0,1.0442
-0.5,-0.5,-1.0,-0.5,-1.0,1.0444
-0.5,-0.5,-1.0,-0.5,-1.0,1.0446
-0.5,-0.5,-1.0,-0.5,-1.0,1.0448
-0.5,-0.5,-1.0,-0.5,-1.0,1.0450000000000002
-0.5,-0.5,-1.0,-0.5,-1.0,1.0452000000000001
-0.5,-0.5,-1.0,-0.5,-1.0,1.0454
-0.5,-0.5,-1.0,-0.5,-1.0,1.0456
-0.5,-0.5,-1.0,-0.5,-1.0,1.0458
-0.5,-0.5,-1.0,-0.5,-1.0,1.046
-0.5,-0.5,-1.0,-0.5,-1.0,1.0462
-0.5,-0.5,-1.0,-0.5,-1.0,1.0464
-0.5,-0.5,-1.0,-0.5,-1.0,1.0466
-0.5,-0.5,-1.0,-0.5,-1.0,1.0468000000000002
-0.5,-0.5,-1.0,-0.5,-1.0,1.0470000000000002
-0.5,-0.5,-1.0,-0.5,-1.0,1.0472000000000001
-0.5,-0.5,-1.0,-0.5,-1.0,1.0474
-0.5,-0.5,-1.0,-0.5,-1.0,1.0476
-0.5,-0.5,-1.0,-0.5,-1.0,1.0478
-0.5,-0.5,-1.0,-0.5,-1.0,1.048
-0.5,-0.5,-1.0,-0.5,-1.0,1.0482
-0.5,-0.5,-1.0,-0.5,-1.0,1.0484
-0.5,-0.5,-1.0,-0.5,-1.0,1.0486
-0.5,-0.5,-1.0,-0.5,-1.0,1.0488
-0.5,-0.5,-1.0,-0.5,-1.0,1.0490000000000002
-0.5,-0.5,-1.0,-0.5,-1.0,1.0492000000000001
-0.5,-0.5,-1.0,-0.5,-1.0,1.0494
-0.5,-0.5,-1.0,-0.5,-1.0,1.0496
-0.5,-0.5,-1.0,-0.5,-1.0,1.0498
-0.5,-0.5,-1.0,-0.5,-1.0,1.05
-0.5,-0.5,-1.0,-0.5,-1.0,1.0502
-0.5,-0.5,-1.0,-0.5,-1.0,1.0504
-0.5,-0.5,-1.0,-0.5,-1.0,1.0506
-0.5,-0.5,-1.0,-0.5,-1.0,1.0508000000000002
-0.5,-0.5,-1.0,-0.5,-1.0,1.0510000000000002
-0.5,-0.5,-1.0,-0.5,-1.0,1.0512000000000001
-0.5,-0.5,-1.0,-0.5,-1.0,1.0514000000000001
-0.5,-0.5,-1.0,-0.5,-1.0,1.0516
-0.5,-0.5,-1.0,-0.5,-1.0,1.0518
-0.5,-0.5,-1.0,-0.5,-1.0,1.052
-0.5,-0.5,-1.0,-0.5,-1.0,1.0522
-0.5,-0.5,-1.0,-0.5,-1.0,1.0524
-0.5,-0.5,-1.0,-0.5,-1.0,1.0526
-0.5,-0.5,-1.0,-0.5,-1.0,1.0528
-0.5,-0.5,-1.0,-0.5,-1.0,1.0530000000000002
-0.5,-0.5,-1.0,-0.5,-1.0,1.0532000000000001
-0.5,-0.5,-1.0,-0.5,-1.0,1.0534000000000001
-0.5,-0.5,-1.0,-0.5,-1.0,1.0536
-0.5,-0.5,-1.0,-0.5,-1.0,1.0538
-0.5,-0.5,-1.0,-0.5,-1.0,1.054
-0.5,-0.5,-1.0,-0.5,-1.0,1.0542
-0.5,-0.5,-1.0,-0.5,-1.0,1.0544
-0.5,-0.5,-1.0,-0.5,-1.0,1.0546
-0.5,-0.5,-1.0,-0.5,-1.0,1.0548000000000002
-0.5,-0.5,-1.0,-0.5,-1.0,1.0550000000000002
-0.5,-0.5,-1.0,-0.5,-1.0,1.0552000000000001
-0.5,-0.5,-1.0,-0.5,-1.0,1.0554000000000001
-0.5,-0.5,-1.0,-0.5,-1.0,1.0556
-0.5,-0.5,-1.0,-0.5,-1.0,1.0558
-0.5,-0.5,-1.0,-0.5,-1.0,1.056
-0.5,-0.5,-1.0,-0.5,-1.0,1.0562
-0.5,-0.5,-1.0,-0.5,-1.0,1.0564
-0.5,-0.5,-1.0,-0.5,-1.0,1.0566
-0.5,-0.5,-1.0,-0.5,-1.0,1.0568
-0.5,-0.5,-1.0,-0.5,-1.0,1.0570000000000002
-0.5,-0.5,-1.0,-0.5,-1.0,1.0572000000000001
-0.5,-0.5,-1.0,-0.5,-1.0,1.0574000000000001
-0.5,-0.5,-1.0,-0.5,-1.0,1.0576
-0.5,-0.5,-1.0,-0.5,-1.0,1.0578
-0.5,-0.5,-1.0,-0.5,-1.0,1.058
-0.5,-0.5,-1.0,-0.5,-1.0,1.0582
-0.5,-0.5,-1.0,-0.5,-1.0,1.0584
-0.5,-0.5,-1.0,-0.5,-1.0,1.0586
-0.5,-0.5,-1.0,-0.5,-1.0,1.0588000000000002
-0.5,-0.5,-1.0,-0.5,-1.0,1.0590000000000002
-0.5,-0.5,-1.0,-0.5,-1.0,1.0592000000000001
-0.5,-0.5,-1.0,-0.5,-1.0,1.0594000000000001
-0.5,-0.5,-1.0,-0.5,-1.0,1.0596
-0.5,-0.5,-1.0,-0.5,-1.0,1.0598
-0.5,-0.5,-1.0,-0.5,-1.0,1.06
-0.5,-0.5,-1.0,-0.5,-1.0,1.0602
-0.5,-0.5,-1.0,-0.5,-1.0,1.0604
-0.5,-0.5,-1.0,-0.5,-1.0,1.0606
-0.5,-0.5,-1.0,-0.5,-1.0,1.0608
-0.5,-0.5,-1.0,-0.5,-1.0,1.0610000000000002
-0.5,-0.5,-1.0,-0.5,-1.0,1.0612000000000001
-0.5,-0.5,-1.0,-0.5,-1.0,1.0614000000000001
-0.5,-0.5,-1.0,-0.5,-1.0,1.0616
-0.5,-0.5,-1.0,-0.5,-1.0,1.0618
-0.5,-0.5,-1.0,-0.5,-1.0,1.062
-0.5,-0.5,-1.0,-0.5,-1.0,1.0622
-0.5,-0.5,-1.0,-0.5,-1.0,1.0624
-0.5,-0.5,-1.0,-0.5,-1.0,1.0626
-0.5,-0.5,-1.0,-0.5,-1.0,1.0628000000000002
-0.5,-0.5,-1.0,-0.5,-1.0,1.0630000000000002
-0.5,-0.5,-1.0,-0.5,-1.0,1.0632000000000001
-0.5,-0.5,-1.0,-0.5,-1.0,1.0634000000000001
-0.5,-0.5,-1.0,-0.5,-1.0,1.0636
-0.5,-0.5,-1.0,-0.5,-1.0,1.0638
-0.5,-0.5,-1.0,-0.5,-1.0,1.064
-0.5,-0.5,-1.0,-0.5,-1.0,1.0642
-0.5,-0.5,-1.0,-0.5,-1.0,1.0644
-0.5,-0.5,-1.0,-0.5,-1.0,1.0646
-0.5,-0.5,-1.0,-0.5,-1.0,1.0648
-0.5,-0.5,-1.0,-0.5,-1.0,1.0650000000000002
-0.5,-0.5,-1.0,-0.5,-1.0,1.0652000000000001
-0.5,-0.5,-1.0,-0.5,-1.0,1.0654000000000001
-0.5,-0.5,-1.0,-0.5,-1.0,1.0656
-0.5,-0.5,-1.0,-0.5,-1.0,1.0658
-0.5,-0.5,-1.0,-0.5,-1.0,1.066
-0.5,-0.5,-1.0,-0.5,-1.0,1.0662
-0.5,-0.5,-1.0,-0.5,-1.0,1.0664
-0.5,-0.5,-1.0,-0.5,-1.0,1.0666
-0.5,-0.5,-1.0,-0.5,-1.0,1.0668000000000002
-0.5,-0.5,-1.0,-0.5,-1.0,1.0670000000000002
-0.5,-0.5,-1.0,-0.5,-1.0,1.0672000000000001
-0.5,-0.5,-1.0,-0.5,-1.0,1.0674000000000001
-0.5,-0.5,-1.0,-0.5,-1.0,1.0676
-0.5,-0.5,-1.0,-0.5,-1.0,1.0678
-0.5,-0.5,-1.0,-0.5,-1.0,1.068
-0.5,-0.5,-1.0,-0.5,-1.0,1.0682
-0.5,-0.5,-1.0,-0.5,-1.0,1.0684
-0.5,-0.5,-1.0,-0.5,-1.0,1.0686
-0.5,-0.5,-1.0,-0.5,-1.0,1.0688
-0.5,-0.5,-1.0,-0.5,-1.0,1.0690000000000002
-0.5,-0.5,-1.0,-0.5,-1.0,1.0692000000000002
-0.5,-0.5,-1.0,-0.5,-1.0,1.0694000000000001
-0.5,-0.5,-1.0,-0.5,-1.0,1.0696
-0.5,-0.5,-1.0,-0.5,-1.0,1.0698
-0.5,-0.5,-1.0,-0.5,-1.0,1.07
-0.5,-0.5,-1.0,-0.5,-1.0,1.0702
-0.5,-0.5,-1.0,-0.5,-1.0,1.0704
-0.5,-0.5,-1.0,-0.5,-1.0,1.0706
-0.5,-0.5,-1.0,-0.5,-1.0,1.0708000000000002
-0.5,-0.5,-1.0,-0.5,-1.0,1.0710000000000002
-0.5,-0.5,-1.0,-0.5,-1.0,1.0712000000000002
-0.5,-0.5,-1.0,-0.5,-1.0,1.0714000000000001
-0.5,-0.5,-1.0,-0.5,-1.0,1.0716
-0.5,-0.5,-1.0,-0.5,-1.0,1.0718
-0.5,-0.5,-1.0,-0.5,-1.0,1.072
-0.5,-0.5,-1.0,-0.5,-1.0,1.0722
-0.5,-0.5,-1.0,-0.5,-1.0,1.0724
-0.5,-0.5,-1.0,-0.5,-1.0,1.0726
-0.5,-0.5,-1.0,-0.5,-1.0,1.0728
-0.5,-0.5,-1.0,-0.5,-1.0,1.073
-0.5,-0.5,-1.0,-0.5,-1.0,1.0732000000000002
-0.5,-0.5,-1.0,-0.5,-1.0,1.0734000000000001
-0.5,-0.5,-1.0,-0.5,-1.0,1.0736
-0.5,-0.5,-1.0,-0.5,-1.0,1.0738
-0.5,-0.5,-1.0,-0.5,-1.0,1.074
-0.5,-0.5,-1.0,-0.5,-1.0,1.0742
-0.5,-0.5,-1.0,-0.5,-1.0,1.0744
-0.5,-0.5,-1.0,-0.5,-1.0,1.0746
-0.5,-0.5,-1.0,-0.5,-1.0,1.0748000000000002
-0.5,-0.5,-1.0,-0.5,-1.0,1.0750000000000002
-0.5,-0.5,-1.0,-0.5,-1.0,1.0752000000000002
-0.5,-0.5,-1.0,-0.5,-1.0,1.0754000000000001
-0.5,-0.5,-1.0,-0.5,-1.0,1.0756000000000001
-0.5,-0.5,-1.0,-0.5,-1.0,1.0758
-0.5,-0.5,-1.0,-0.5,-1.0,1.076
-0.5,-0.5,-1.0,-0.5,-1.0,1.0762
-0.5,-0.5,-1.0,-0.5,-1.0,1.0764
-0.5,-0.5,-1.0,-0.5,-1.0,1.0766
-0.5,-0.5,-1.0,-0.5,-1.0,1.0768
-0.5,-0.5,-1.0,-0.5,-1.0,1.077
-0.5,-0.5,-1.0,-0.5,-1.0,1.0772000000000002
-0.5,-0.5,-1.0,-0.5,-1.0,1.0774000000000001
-0.5,-0.5,-1.0,-0.5,-1.0,1.0776000000000001
-0.5,-0.5,-1.0,-0.5,-1.0,1.0778
-0.5,-0.5,-1.0,-0.5,-1.0,1.078
-0.5,-0.5,-1.0,-0.5,-1.0,1.0782
-0.5,-0.5,-1.0,-0.5,-1.0,1.0784
-0.5,-0.5,-1.0,-0.5,-1.0,1.0786
-0.5,-0.5,-1.0,-0.5,-1.0,1.0788000000000002
-0.5,-0.5,-1.0,-0.5,-1.0,1.0790000000000002
-0.5,-0.5,-1.0,-0.5,-1.0,1.0792000000000002
-0.5,-0.5,-1.0,-0.5,-1.0,1.0794000000000001
-0.5,-0.5,-1.0,-0.5,-1.0,1.0796000000000001
-0.5,-0.5,-1.0,-0.5,-1.0,1.0798
-0.5,-0.5,-1.0,-0.5,-1.0,1.08
-0.5,-0.5,-1.0,-0.5,-1.0,1.0802
-0.5,-0.5,-1.0,-0.5,-1.0,1.0804
-0.5,-0.5,-1.0,-0.5,-1.0,1.0806
-0.5,-0.5,-1.0,-0.5,-1.0,1.0808
-0.5,-0.5,-1.0,-0.5,-1.0,1.081
-0.5,-0.5,-1.0,-0.5,-1.0,1.0812000000000002
-0.5,-0.5,-1.0,-0.5,-1.0,1.0814000000000001
-0.5,-0.5,-1.0,-0.5,-1.0,1.0816000000000001
-0.5,-0.5,-1.0,-0.5,-1.0,1.0818
-0.5,-0.5,-1.0,-0.5,-1.0,1.082
-0.5,-0.5,-1.0,-0.5,-1.0,1.0822
-0.5,-0.5,-1.0,-0.5,-1.0,1.0824
-0.5,-0.5,-1.0,-0.5,-1.0,1.0826
-0.5,-0.5,-1.0,-0.5,-1.0,1.0828
-0.5,-0.5,-1.0,-0.5,-1.0,1.0830000000000002
-0.5,-0.5,-1.0,-0.5,-1.0,1.0832000000000002
-0.5,-0.5,-1.0,-0.5,-1.0,1.0834000000000001
-0.5,-0.5,-1.0,-0.5,-1.0,1.0836000000000001
-0.5,-0.5,-1.0,-0.5,-1.0,1.0838
-0.5,-0.5,-1.0,-0.5,-1.0,1.084
-0.5,-0.5,-1.0,-0.5,-1.0,1.0842
-0.5,-0.5,-1.0,-0.5,-1.0,1.0844
-0.5,-0.5,-1.0,-0.5,-1.0,1.0846
-0.5,-0.5,-1.0,-0.5,-1.0,1.0848
-0.5,-0.5,-1.0,-0.5,-1.0,1.085
-0.5,-0.5,-1.0,-0.5,-1.0,1.0852000000000002
-0.5,-0.5,-1.0,-0.5,-1.0,1.0854000000000001
-0.5,-0.5,-1.0,-0.5,-1.0,1.0856000000000001
-0.5,-0.5,-1.0,-0.5,-1.0,1.0858
-0.5,-0.5,-1.0,-0.5,-1.0,1.086
-0.5,-0.5,-1.0,-0.5,-1.0,1.0862
-0.5,-0.5,-1.0,-0.5,-1.0,1.0864
-0.5,-0.5,-1.0,-0.5,-1.0,1.0866
-0.5,-0.5,-1.0,-0.5,-1.0,1.0868
-0.5,-0.5,-1.0,-0.5,-1.0,1.0870000000000002
-0.5,-0.5,-1.0,-0.5,-1.0,1.0872000000000002
-0.5,-0.5,-1.0,-0.5,-1.0,1.0874000000000001
-0.5,-0.5,-1.0,-0.5,-1.0,1.0876000000000001
-0.5,-0.5,-1.0,-0.5,-1.0,1.0878
-0.5,-0.5,-1.0,-0.5,-1.0,1.088
-0.5,-0.5,-1.0,-0.5,-1.0,1.0882
-0.5,-0.5,-1.0,-0.5,-1.0,1.0884
-0.5,-0.5,-1.0,-0.5,-1.0,1.0886
-0.5,-0.5,-1.0,-0.5,-1.0,1.0888
-0.5,-0.5,-1.0,-0.5,-1.0,1.089
-0.5,-0.5,-1.0,-0.5,-1.0,1.0892000000000002
-0.5,-0.5,-1.0,-0.5,-1.0,1.0894000000000001
-0.5,-0.5,-1.0,-0.5,-1.0,1.0896000000000001
-0.5,-0.5,-1.0,-0.5,-1.0,1.0898
-0.5,-0.5,-1.0,-0.5,-1.0,1.09
-0.5,-0.5,-1.0,-0.5,-1.0,1.0902
-0.5,-0.5,-1.0,-0.5,-1.0,1.0904
-0.5,-0.5,-1.0,-0.5,-1.0,1.0906
-0.5,-0.5,-1.0,-0.5,-1.0,1.0908
-0.5,-0.5,-1.0,-0.5,-1.0,1.0910000000000002
-0.5,-0.5,-1.0,-0.5,-1.0,1.0912000000000002
-0.5,-0.5,-1.0,-0.5,-1.0,1.0914000000000001
-0.5,-0.5,-1.0,-0.5,-1.0,1.0916000000000001
-0.5,-0.5,-1.0,-0.5,-1.0,1.0918
-0.5,-0.5,-1.0,-0.5,-1.0,1.092
-0.5,-0.5,-1.0,-0.5,-1.0,1.0922
-0.5,-0.5,-1.0,-0.5,-1.0,1.0924
-0.5,-0.5,-1.0,-0.5,-1.0,1.0926
-0.5,-0.5,-1.0,-0.5,-1.0,1.0928
-0.5,-0.5,-1.0,-0.5,-1.0,1.093
-0.5,-0.5,-1.0,-0.5,-1.0,1.0932000000000002
-0.5,-0.5,-1.0,-0.5,-1.0,1.0934000000000001
-0.5,-0.5,-1.0,-0.5,-1.0,1.0936000000000001
-0.5,-0.5,-1.0,-0.5,-1.0,1.0938
-0.5,-0.5,-1.0,-0.5,-1.0,1.094
-0.5,-0.5,-1.0,-0.5,-1.0,1.0942
-0.5,-0.5,-1.0,-0.5,-1.0,1.0944
-0.5,-0.5,-1.0,-0.5,-1.0,1.0946
-0.5,-0.5,-1.0,-0.5,-1.0,1.0948
-0.5,-0.5,-1.0,-0.5,-1.0,1.0950000000000002
-0.5,-0.5,-1.0,-0.5,-1.0,1.0952000000000002
-0.5,-0.5,-1.0,-0.5,-1.0,1.0954000000000002
-0.5,-0.5,-1.0,-0.5,-1.0,1.0956000000000001
-0.5,-0.5,-1.0,-0.5,-1.0,1.0958
-0.5,-0.5,-1.0,-0.5,-1.0,1.096
-0.5,-0.5,-1.0,-0.5,-1.0,1.0962
-0.5,-0.5,-1.0,-0.5,-1.0,1.0964
-0.5,-0.5,-1.0,-0.5,-1.0,1.0966
-0.5,-0.5,-1.0,-0.5,-1.0,1.0968
-0.5,-0.5,-1.0,-0.5,-1.0,1.097
-0.5,-0.5,-1.0,-0.5,-1.0,1.0972000000000002
-0.5,-0.5,-1.0,-0.5,-1.0,1.0974000000000002
-0.5,-0.5,-1.0,-0.5,-1.0,1.0976000000000001
-0.5,-0.5,-1.0,-0.5,-1.0,1.0978
-0.5,-0.5,-1.0,-0.5,-1.0,1.098
-0.5,-0.5,-1.0,-0.5,-1.0,1.0982
-0.5,-0.5,-1.0,-0.5,-1.0,1.0984
-0.5,-0.5,-1.0,-0.5,-1.0,1.0986
-0.5,-0.5,-1.0,-0.5,-1.0,1.0988
-0.5,-0.5,-1.0,-0.5,-1.0,1.0990000000000002
-0.5,-0.5,-1.0,-0.5,-1.0,1.0992000000000002
-0.5,-0.5,-1.0,-0.5,-1.0,1.0994000000000002
-0.5,-0.5,-1.0,-0.5,-1.0,1.0996000000000001
-0.5,-0.5,-1.0,-0.5,-1.0,1.0998
-0.5,-0.5,-1.0,-0.5,-1.0,1.1
