    1.0000,    1.0313,   -0.0000,   -0.0000
    2.0000,    1.0313,   -0.0000,   -0.0000
    3.0000,    1.0313,   -0.0000,   -0.0000
    4.0000,    1.0313,   -0.0000,   -0.0000
    5.0000,    1.0313,   -0.0000,   -0.0000
    6.0000,    1.0313,   -0.0000,   -0.0000
    7.0000,    1.0313,   -0.0000,   -0.0000
    8.0000,    1.0313,   -0.0000,   -0.0000
    9.0000,    1.0313,   -0.0000,   -0.0000
   10.0000,    1.0313,   -0.0000,   -0.0000
   11.0000,    1.0313,   -0.0000,   -0.0000
   12.0000,    1.0313,   -0.0000,   -0.0000
   13.0000,    1.0313,   -0.0000,   -0.0000
   14.0000,    1.0313,   -0.0000,   -0.0000
   15.0000,    1.0344,   -0.0000,   -0.0000
   16.0000,    1.0375,   -0.0000,   -0.0000
   17.0000,    1.0375,   -0.0000,   -0.0000
   18.0000,    1.0375,   -0.0000,   -0.0000
   19.0000,    1.0344,   -0.0000,   -0.0000
   20.0000,    1.0344,   -0.0000,   -0.0000
   21.0000,    1.0344,   -0.0000,   -0.0000
   22.0000,    1.0344,   -0.0000,   -0.0000
   23.0000,    1.0344,   -0.0000,   -0.0000
   24.0000,    1.0344,   -0.0000,   -0.0000
   25.0000,    1.0344,   -0.0000,   -0.0000
   26.0000,    1.0344,   -0.0000,   -0.0000
   27.0000,    1.0344,   -0.0000,   -0.0000
   28.0000,    1.0344,   -0.0000,   -0.0000
   29.0000,    1.0344,   -0.0000,   -0.0000
   30.0000,    1.0344,   -0.0000,   -0.0000
   31.0000,    1.0344,   -0.0000,   -0.0000
   32.0000,    1.0344,   -0.0000,   -0.0000
   33.0000,    1.0344,   -0.0000,   -0.0000
   34.0000,    1.0344,   -0.0000,   -0.0000
   35.0000,    1.0344,   -0.0000,   -0.0000
   36.0000,    1.0344,   -0.0000,   -0.0000
   37.0000,    1.0344,   -0.0000,   -0.0000
   38.0000,    1.0344,   -0.0000,   -0.0000
   39.0000,    1.0344,   -0.0000,   -0.0000
   40.0000,    1.0375,   -0.0000,   -0.0000
   41.0000,    1.0375,   -0.0000,   -0.0000
   42.0000,    1.0375,   -0.0000,   -0.0000
   43.0000,    1.0375,   -0.0000,   -0.0000
   44.0000,    1.0344,   -0.0000,   -0.0000
   45.0000,    1.0344,   -0.0000,   -0.0000
   46.0000,    1.0344,   -0.0000,   -0.0000
   47.0000,    1.0313,   -0.0000,   -0.0000
   48.0000,    1.0313,   -0.0000,   -0.0000
   49.0000,    1.0313,   -0.0000,   -0.0000
   50.0000,    1.0313,   -0.0000,   -0.0000
   51.0000,    1.0313,   -0.0000,   -0.0000
   52.0000,    1.0313,   -0.0000,   -0.0000
   53.0000,    1.0313,   -0.0000,   -0.0000
   54.0000,    1.0313,   -0.0000,   -0.0000
   55.0000,    1.0313,   -0.0000,   -0.0000
   56.0000,    1.0313,   -0.0000,   -0.0000
   57.0000,    1.0313,   -0.0000,   -0.0000
   58.0000,    1.0313,   -0.0000,   -0.0000
   59.0000,    1.0313,   -0.0000,   -0.0000
   60.0000,    1.0313,   -0.0000,   -0.0000
   61.0000,    1.0344,   -0.0000,   -0.0000
   62.0000,    1.0344,   -0.0000,   -0.0000
   63.0000,    1.0375,   -0.0000,   -0.0000
   64.0000,    1.0375,   -0.0000,   -0.0000
   65.0000,    1.0375,   -0.0000,   -0.0000
   66.0000,    1.0375,   -0.0000,   -0.0000
   67.0000,    1.0375,   -0.0000,   -0.0000
   68.0000,    1.0344,   -0.0000,   -0.0000
   69.0000,    1.0344,   -0.0000,   -0.0000
   70.0000,    1.0344,   -0.0000,   -0.0000
   71.0000,    1.0344,   -0.0000,   -0.0000
   72.0000,    1.0344,   -0.0000,   -0.0000
   73.0000,    1.0344,   -0.0000,   -0.0000
   74.0000,    1.0344,   -0.0000,   -0.0000
   75.0000,    1.0344,   -0.0000,   -0.0000
   76.0000,    1.0344,   -0.0000,   -0.0000
   77.0000,    1.0344,   -0.0000,   -0.0000
   78.0000,    1.0344,   -0.0000,   -0.0000
   79.0000,    1.0313,   -0.0000,   -0.0000
   80.0000,    1.0313,   -0.0000,   -0.0000
   81.0000,    1.0313,   -0.0000,   -0.0000
   82.0000,    1.0313,   -0.0000,   -0.0000
   83.0000,    1.0313,   -0.0000,   -0.0000
   84.0000,    1.0313,   -0.0000,   -0.0000
   85.0000,    1.0313,   -0.0000,   -0.0000
   86.0000,    1.0313,   -0.0000,   -0.0000
   87.0000,    1.0313,   -0.0000,   -0.0000
   88.0000,    1.0313,   -0.0000,   -0.0000
   89.0000,    1.0313,   -0.0000,   -0.0000
   90.0000,    1.0313,   -0.0000,   -0.0000
   91.0000,    1.0313,   -0.0000,   -0.0000
   92.0000,    1.0313,   -0.0000,   -0.0000
   93.0000,    1.0313,   -0.0000,   -0.0000
   94.0000,    1.0344,   -0.0000,   -0.0000
   95.0000,    1.0344,   -0.0000,   -0.0000
   96.0000,    1.0344,   -0.0000,   -0.0000
   97.0000,    1.0344,   -0.0000,   -0.0000
   98.0000,    1.0344,   -0.0000,   -0.0000
   99.0000,    1.0344,   -0.0000,   -0.0000
  100.0000,    1.0344,   -0.0000,   -0.0000
  101.0000,    1.0344,   -0.0000,   -0.0000
  102.0000,    1.0344,   -0.0000,   -0.0000
  103.0000,    1.0344,   -0.0000,   -0.0000
  104.0000,    1.0344,   -0.0000,   -0.0000
  105.0000,    1.0344,   -0.0000,   -0.0000
  106.0000,    1.0344,   -0.0000,   -0.0000
  107.0000,    1.0344,   -0.0000,   -0.0000
  108.0000,    1.0344,   -0.0000,   -0.0000
  109.0000,    1.0344,   -0.0000,   -0.0000
  110.0000,    1.0344,   -0.0000,   -0.0000
  111.0000,    1.0344,   -0.0000,   -0.0000
  112.0000,    1.0344,   -0.0000,   -0.0000
  113.0000,    1.0344,   -0.0000,   -0.0000
  114.0000,    1.0344,   -0.0000,   -0.0000
  115.0000,    1.0344,   -0.0000,   -0.0000
  116.0000,    1.0344,   -0.0000,   -0.0000
  117.0000,    1.0344,   -0.0000,   -0.0000
  118.0000,    1.0344,   -0.0000,   -0.0000
  119.0000,    1.0344,   -0.0000,   -0.0000
  120.0000,    1.0375,   -0.0000,   -0.0000
  121.0000,    1.0375,   -0.0000,   -0.0000
  122.0000,    1.0375,   -0.0000,   -0.0000
  123.0000,    1.0375,   -0.0000,   -0.0000
  124.0000,    1.0375,   -0.0000,   -0.0000
  125.0000,    1.0375,   -0.0000,   -0.0000
  126.0000,    1.0375,   -0.0000,   -0.0000
  127.0000,    1.0375,   -0.0000,   -0.0000
  128.0000,    1.0344,   -0.0000,   -0.0000
  129.0000,    1.0344,   -0.0000,   -0.0000
  130.0000,    1.0344,   -0.0000,   -0.0000
  131.0000,    1.0344,   -0.0000,   -0.0000
  132.0000,    1.0344,   -0.0000,   -0.0000
  133.0000,    1.0344,   -0.0000,   -0.0000
  134.0000,    1.0344,   -0.0000,   -0.0000
  135.0000,    1.0344,   -0.0000,   -0.0000
  136.0000,    1.0344,   -0.0000,   -0.0000
  137.0000,    1.0344,   -0.0000,   -0.0000
  138.0000,    1.0344,   -0.0000,   -0.0000
  139.0000,    1.0344,   -0.0000,   -0.0000
  140.0000,    1.0344,   -0.0000,   -0.0000
  141.0000,    1.0344,   -0.0000,   -0.0000
  142.0000,    1.0344,   -0.0000,   -0.0000
  143.0000,    1.0375,   -0.0000,   -0.0000
  144.0000,    1.0375,   -0.0000,   -0.0000
  145.0000,    1.0375,   -0.0000,   -0.0000
  146.0000,    1.0375,   -0.0000,   -0.0000
  147.0000,    1.0375,   -0.0000,   -0.0000
  148.0000,    1.0375,   -0.0000,   -0.0000
  149.0000,    1.0375,   -0.0000,   -0.0000
  150.0000,    1.0375,   -0.0000,   -0.0000
  151.0000,    1.0375,   -0.0000,   -0.0000
  152.0000,    1.0375,   -0.0000,   -0.0000
  153.0000,    1.0375,   -0.0000,   -0.0000
  154.0000,    1.0375,   -0.0000,   -0.0000
  155.0000,    1.0375,   -0.0000,   -0.0000
  156.0000,    1.0375,   -0.0000,   -0.0000
  157.0000,    1.0375,   -0.0000,   -0.0000
  158.0000,    1.0375,   -0.0000,   -0.0000
  159.0000,    1.0375,   -0.0000,   -0.0000
  160.0000,    1.0375,   -0.0000,   -0.0000
  161.0000,    1.0375,   -0.0000,   -0.0000
  162.0000,    1.0375,   -0.0000,   -0.0000
  163.0000,    1.0375,   -0.0000,   -0.0000
  164.0000,    1.0375,   -0.0000,   -0.0000
  165.0000,    1.0375,   -0.0000,   -0.0000
  166.0000,    1.0375,   -0.0000,   -0.0000
  167.0000,    1.0375,   -0.0000,   -0.0000
  168.0000,    1.0375,   -0.0000,   -0.0000
  169.0000,    1.0375,   -0.0000,   -0.0000
  170.0000,    1.0375,   -0.0000,   -0.0000
  171.0000,    1.0375,   -0.0000,   -0.0000
  172.0000,    1.0375,   -0.0000,   -0.0000
  173.0000,    1.0375,   -0.0000,   -0.0000
  174.0000,    1.0375,   -0.0000,   -0.0000
  175.0000,    1.0375,   -0.0000,   -0.0000
  176.0000,    1.0375,   -0.0000,   -0.0000
  177.0000,    1.0375,   -0.0000,   -0.0000
  178.0000,    1.0375,   -0.0000,   -0.0000
  179.0000,    1.0375,   -0.0000,   -0.0000
  180.0000,    1.0375,   -0.0000,   -0.0000
  181.0000,    1.0375,   -0.0000,   -0.0000
  182.0000,    1.0375,   -0.0000,   -0.0000
  183.0000,    1.0375,   -0.0000,   -0.0000
  184.0000,    1.0375,   -0.0000,   -0.0000
  185.0000,    1.0375,   -0.0000,   -0.0000
  186.0000,    1.0375,   -0.0000,   -0.0000
  187.0000,    1.0375,   -0.0000,   -0.0000
  188.0000,    1.0375,   -0.0000,   -0.0000
  189.0000,    1.0344,   -0.0000,   -0.0000
  190.0000,    1.0344,   -0.0000,   -0.0000
  191.0000,    1.0344,   -0.0000,   -0.0000
  192.0000,    1.0344,   -0.0000,   -0.0000
  193.0000,    1.0344,   -0.0000,   -0.0000
  194.0000,    1.0344,   -0.0000,   -0.0000
  195.0000,    1.0344,   -0.0000,   -0.0000
  196.0000,    1.0344,   -0.0000,   -0.0000
  197.0000,    1.0344,   -0.0000,   -0.0000
  198.0000,    1.0344,   -0.0000,   -0.0000
  199.0000,    1.0344,   -0.0000,   -0.0000
  200.0000,    1.0375,   -0.0000,   -0.0000
  201.0000,    1.0375,   -0.0000,   -0.0000
  202.0000,    1.0375,   -0.0000,   -0.0000
  203.0000,    1.0375,   -0.0000,   -0.0000
  204.0000,    1.0375,   -0.0000,   -0.0000
  205.0000,    1.0375,   -0.0000,   -0.0000
  206.0000,    1.0375,   -0.0000,   -0.0000
  207.0000,    1.0375,   -0.0000,   -0.0000
  208.0000,    1.0375,   -0.0000,   -0.0000
  209.0000,    1.0375,   -0.0000,   -0.0000
  210.0000,    1.0344,   -0.0000,   -0.0000
  211.0000,    1.0344,   -0.0000,   -0.0000
  212.0000,    1.0313,   -0.0000,   -0.0000
  213.0000,    1.0313,   -0.0000,   -0.0000
  214.0000,    1.0313,   -0.0000,   -0.0000
  215.0000,    1.0313,   -0.0000,   -0.0000
  216.0000,    1.0313,   -0.0000,   -0.0000
  217.0000,    1.0313,   -0.0000,   -0.0000
  218.0000,    1.0313,   -0.0000,   -0.0000
  219.0000,    1.0313,   -0.0000,   -0.0000
  220.0000,    1.0313,   -0.0000,   -0.0000
  221.0000,    1.0313,   -0.0000,   -0.0000
  222.0000,    1.0313,   -0.0000,   -0.0000
  223.0000,    1.0313,   -0.0000,   -0.0000
  224.0000,    1.0313,   -0.0000,   -0.0000
  225.0000,    1.0313,   -0.0000,   -0.0000
  226.0000,    1.0313,   -0.0000,   -0.0000
  227.0000,    1.0313,   -0.0000,   -0.0000
  228.0000,    1.0313,   -0.0000,   -0.0000
  229.0000,    1.0313,   -0.0000,   -0.0000
  230.0000,    1.0313,   -0.0000,   -0.0000
  231.0000,    1.0313,   -0.0000,   -0.0000
  232.0000,    1.0313,   -0.0000,   -0.0000
  233.0000,    1.0313,   -0.0000,   -0.0000
  234.0000,    1.0313,   -0.0000,   -0.0000
  235.0000,    1.0313,   -0.0000,   -0.0000
  236.0000,    1.0313,   -0.0000,   -0.0000
  237.0000,    1.0313,   -0.0000,   -0.0000
  238.0000,    1.0313,   -0.0000,   -0.0000
  239.0000,    1.0313,   -0.0000,   -0.0000
  240.0000,    1.0313,   -0.0000,   -0.0000
  241.0000,    1.0313,   -0.0000,   -0.0000
  242.0000,    1.0313,   -0.0000,   -0.0000
  243.0000,    1.0313,   -0.0000,   -0.0000
  244.0000,    1.0313,   -0.0000,   -0.0000
  245.0000,    1.0313,   -0.0000,   -0.0000
  246.0000,    1.0313,   -0.0000,   -0.0000
  247.0000,    1.0313,   -0.0000,   -0.0000
  248.0000,    1.0313,   -0.0000,   -0.0000
  249.0000,    1.0313,   -0.0000,   -0.0000
  250.0000,    1.0313,   -0.0000,   -0.0000
  251.0000,    1.0313,   -0.0000,   -0.0000
  252.0000,    1.0313,   -0.0000,   -0.0000
  253.0000,    1.0313,   -0.0000,   -0.0000
  254.0000,    1.0313,   -0.0000,   -0.0000
  255.0000,    1.0313,   -0.0000,   -0.0000
  256.0000,    1.0313,   -0.0000,   -0.0000
  257.0000,    1.0313,   -0.0000,   -0.0000
  258.0000,    1.0313,   -0.0000,   -0.0000
  259.0000,    1.0313,   -0.0000,   -0.0000
  260.0000,    1.0313,   -0.0000,   -0.0000
  261.0000,    1.0313,   -0.0000,   -0.0000
  262.0000,    1.0313,   -0.0000,   -0.0000
  263.0000,    1.0313,   -0.0000,   -0.0000
  264.0000,    1.0313,   -0.0000,   -0.0000
  265.0000,    1.0313,   -0.0000,   -0.0000
  266.0000,    1.0313,   -0.0000,   -0.0000
  267.0000,    1.0313,   -0.0000,   -0.0000
  268.0000,    1.0313,   -0.0000,   -0.0000
  269.0000,    1.0313,   -0.0000,   -0.0000
  270.0000,    1.0313,   -0.0000,   -0.0000
  271.0000,    1.0313,   -0.0000,   -0.0000
  272.0000,    1.0313,   -0.0000,   -0.0000
  273.0000,    1.0313,   -0.0000,   -0.0000
  274.0000,    1.0313,   -0.0000,   -0.0000
  275.0000,    1.0313,   -0.0000,   -0.0000
  276.0000,    1.0313,   -0.0000,   -0.0000
  277.0000,    1.0313,   -0.0000,   -0.0000
  278.0000,    1.0313,   -0.0000,   -0.0000
  279.0000,    1.0313,   -0.0000,   -0.0000
  280.0000,    1.0313,   -0.0000,   -0.0000
  281.0000,    1.0313,   -0.0000,   -0.0000
  282.0000,    1.0313,   -0.0000,   -0.0000
  283.0000,    1.0313,   -0.0000,   -0.0000
  284.0000,    1.0313,   -0.0000,   -0.0000
  285.0000,    1.0313,   -0.0000,   -0.0000
  286.0000,    1.0313,   -0.0000,   -0.0000
  287.0000,    1.0313,   -0.0000,   -0.0000
  288.0000,    1.0313,   -0.0000,   -0.0000
  289.0000,    1.0313,   -0.0000,   -0.0000
  290.0000,    1.0313,   -0.0000,   -0.0000
  291.0000,    1.0313,   -0.0000,   -0.0000
  292.0000,    1.0281,   -0.0000,   -0.0000
  293.0000,    1.0281,   -0.0000,   -0.0000
  294.0000,    1.0281,   -0.0000,   -0.0000
  295.0000,    1.0281,   -0.0000,   -0.0000
  296.0000,    1.0281,   -0.0000,   -0.0000
  297.0000,    1.0281,   -0.0000,   -0.0000
  298.0000,    1.0281,   -0.0000,   -0.0000
  299.0000,    1.0281,   -0.0000,   -0.0000
  300.0000,    1.0281,   -0.0000,   -0.0000
  301.0000,    1.0281,   -0.0000,   -0.0000
  302.0000,    1.0281,   -0.0000,   -0.0000
  303.0000,    1.0281,   -0.0000,   -0.0000
  304.0000,    1.0281,   -0.0000,   -0.0000
  305.0000,    1.0281,   -0.0000,   -0.0000
  306.0000,    1.0281,   -0.0000,   -0.0000
  307.0000,    1.0281,   -0.0000,   -0.0000
  308.0000,    1.0281,   -0.0000,   -0.0000
  309.0000,    1.0281,   -0.0000,   -0.0000
  310.0000,    1.0281,   -0.0000,   -0.0000
  311.0000,    1.0281,   -0.0000,   -0.0000
  312.0000,    1.0281,   -0.0000,   -0.0000
  313.0000,    1.0281,   -0.0000,   -0.0000
  314.0000,    1.0281,   -0.0000,   -0.0000
  315.0000,    1.0281,   -0.0000,   -0.0000
  316.0000,    1.0281,   -0.0000,   -0.0000
  317.0000,    1.0281,   -0.0000,   -0.0000
  318.0000,    1.0281,   -0.0000,   -0.0000
  319.0000,    1.0281,   -0.0000,   -0.0000
  320.0000,    1.0281,   -0.0000,   -0.0000
  321.0000,    1.0281,   -0.0000,   -0.0000
  322.0000,    1.0281,   -0.0000,   -0.0000
  323.0000,    1.0281,   -0.0000,   -0.0000
  324.0000,    1.0281,   -0.0000,   -0.0000
  325.0000,    1.0281,   -0.0000,   -0.0000
  326.0000,    1.0281,   -0.0000,   -0.0000
  327.0000,    1.0281,   -0.0000,   -0.0000
  328.0000,    1.0281,   -0.0000,   -0.0000
  329.0000,    1.0281,   28.4209,   -0.0000
  330.0000,    1.0281,   29.3450,   -0.0000
  331.0000,    1.0281,   30.6208,   -0.0000
  332.0000,    1.0281,   31.7285,    0.0000
  333.0000,    1.0281,   32.9064,    0.0000
  334.0000,    1.0281,   35.0690,   -0.0000
  335.0000,    1.0281,   37.1470,    0.0000
  336.0000,    1.0281,   39.8194,   -0.0000
  337.0000,    1.0250,   40.4964,    0.0002
  338.0000,    1.0250,   -0.0000,   -0.0000
  339.0000,    1.0250,   31.1274,   -0.0000
  340.0000,    1.0250,   31.6585,    0.0000
  341.0000,    1.0250,   -0.0000,   -0.0000
  342.0000,    1.0250,   43.8075,   -0.0000
  343.0000,    1.0250,   44.8687,    0.0000
  344.0000,    1.0250,   46.1907,    0.0000
  345.0000,    1.0250,   43.8183,    0.0000
  346.0000,    1.0250,   42.5606,   -0.0000
  347.0000,    1.0281,   -0.0000,   -0.0000
  348.0000,    1.0281,   -0.0000,   -0.0000
  349.0000,    1.0281,   -0.0000,   -0.0000
  350.0000,    1.0281,   43.1739,   -0.0000
  351.0000,    1.0281,   43.1946,   -0.0000
  352.0000,    1.0281,   43.6550,   -0.0000
  353.0000,    1.0281,   -0.0000,   -0.0000
  354.0000,    1.0281,   -0.0000,   -0.0000
  355.0000,    1.0250,   31.1817,    0.0001
  356.0000,    1.0250,   45.7640,   -0.0000
  357.0000,    1.0250,   46.7583,    0.0000
  358.0000,    1.0250,   47.8128,    0.0000
  359.0000,    1.0250,   49.4361,   -0.0000
  360.0000,    1.0250,   51.2552,   -0.0000
  361.0000,    1.0250,   51.9762,   -0.0000
  362.0000,    1.0250,   53.0825,   -0.0000
  363.0000,    1.0250,   54.1180,    0.0000
  364.0000,    1.0250,   52.0410,    0.0000
  365.0000,    1.0250,   55.4722,    0.0000
  366.0000,    1.0250,   55.7924,   -0.0000
  367.0000,    1.0250,   55.6183,   -0.0000
  368.0000,    1.0250,   55.0021,   -0.0000
  369.0000,    1.0250,   41.3885,   -0.0000
  370.0000,    1.0250,   55.1441,   -0.0000
  371.0000,    1.0250,   54.1187,   -0.0000
  372.0000,    1.0250,   53.3228,    0.0000
  373.0000,    1.0250,   50.6378,    0.0000
  374.0000,    1.0250,   55.9136,   -0.0000
  375.0000,    1.0250,   56.0663,   -0.0000
  376.0000,    1.0250,   55.4885,    0.0000
  377.0000,    1.0250,   55.9529,    0.0000
  378.0000,    1.0250,   56.1823,   -0.0000
  379.0000,    1.0250,   57.8039,   -0.0000
  380.0000,    1.0250,   60.5958,    0.0000
  381.0000,    1.0250,   62.1769,   -0.0000
  382.0000,    1.0250,   64.1124,    0.0000
  383.0000,    1.0250,   65.8128,    0.0000
  384.0000,    1.0250,   66.9179,    0.0000
  385.0000,    1.0250,   65.5984,    0.0000
  386.0000,    1.0250,   54.7640,    0.0000
  387.0000,    1.0250,   49.4669,    0.0000
  388.0000,    1.0250,   66.6060,   -0.0000
  389.0000,    1.0250,   51.4605,    0.0000
  390.0000,    1.0250,   52.5340,   -0.0000
  391.0000,    1.0250,   70.1942,   -0.0000
  392.0000,    1.0250,   69.8777,    0.0000
  393.0000,    1.0250,   69.0744,   -0.0000
  394.0000,    1.0250,   68.7485,   -0.0000
  395.0000,    1.0250,   68.9391,    0.0000
  396.0000,    1.0250,   69.4397,   -0.0000
  397.0000,    1.0250,   69.1982,    0.0000
  398.0000,    1.0250,   69.6298,   -0.0000
  399.0000,    1.0250,   71.3721,    0.0000
  400.0000,    1.0250,   72.5152,    0.0000
  401.0000,    1.0250,   73.9286,   -0.0000
  402.0000,    1.0250,   75.2466,   -0.0000
  403.0000,    1.0250,   75.2090,   -0.0000
  404.0000,    1.0250,   76.0927,    0.0000
  405.0000,    1.0250,   76.3515,    0.0000
  406.0000,    1.0250,   79.2230,   -0.0000
  407.0000,    1.0250,   80.8473,    0.0000
  408.0000,    1.0250,   49.9375,    0.0000
  409.0000,    1.0250,   51.7629,   -0.0000
  410.0000,    1.0219,   78.6889,    0.0004
  411.0000,    1.0219,   87.3134,   -0.0000
  412.0000,    1.0219,   87.4887,   -0.0000
  413.0000,    1.0219,   82.9635,    0.0000
  414.0000,    1.0219,   87.3476,   -0.0000
  415.0000,    1.0219,   88.0143,   -0.0000
  416.0000,    1.0219,   88.4583,   -0.0000
  417.0000,    1.0219,   88.2258,   -0.0000
  418.0000,    1.0187,   88.6787,    0.0127
  419.0000,    1.0187,   88.8894,   -0.0000
  420.0000,    1.0187,   89.9181,    0.0000
  421.0000,    1.0187,   92.4431,   -0.0000
  422.0000,    1.0187,   92.7537,    0.0000
  423.0000,    1.0187,   89.4018,    0.0000
  424.0000,    1.0187,   87.1410,    0.0000
  425.0000,    1.0187,   86.4326,    0.0000
  426.0000,    1.0187,   86.7729,   -0.0000
  427.0000,    1.0187,   87.8917,    0.0000
  428.0000,    1.0187,   89.8756,    0.0000
  429.0000,    1.0219,   93.1897,   -0.0004
  430.0000,    1.0219,   98.7043,   -0.0000
  431.0000,    1.0219,  103.5650,   -0.0000
  432.0000,    1.0219,   69.8718,    0.0000
  433.0000,    1.0219,   82.9461,   -0.0000
  434.0000,    1.0219,   59.9360,    0.0000
  435.0000,    1.0219,   72.6137,   -0.0000
  436.0000,    1.0219,   65.8672,    0.0000
  437.0000,    1.0219,   73.1534,   -0.0000
  438.0000,    1.0219,   68.1730,    0.0000
  439.0000,    1.0219,   69.6120,   -0.0000
  440.0000,    1.0250,   40.6964,   -0.0001
  441.0000,    1.0250,   73.1246,   -0.0000
  442.0000,    1.0250,   71.5574,    0.0000
  443.0000,    1.0219,  112.2824,    0.0005
  444.0000,    1.0219,  108.2862,   -0.0000
  445.0000,    1.0219,  101.7477,    0.0000
  446.0000,    1.0219,  117.4198,   -0.0000
  447.0000,    1.0219,  114.5537,    0.0000
  448.0000,    1.0219,   76.7115,    0.0000
  449.0000,    1.0219,   72.2805,    0.0000
  450.0000,    1.0219,   99.8203,   -0.0000
  451.0000,    1.0219,  121.2213,   -0.0000
  452.0000,    1.0219,   85.5103,    0.0000
  453.0000,    1.0187,  121.3245,    0.0196
  454.0000,    1.0187,   78.8931,    0.0000
  455.0000,    1.0187,   79.4192,    0.0000
  456.0000,    1.0187,  120.6184,   -0.0000
  457.0000,    1.0187,   99.1914,    0.0000
  458.0000,    1.0187,   96.1166,    0.0000
  459.0000,    1.0187,  112.6241,   -0.0000
  460.0000,    1.0187,   65.9564,    0.0000
  461.0000,    1.0187,   88.8841,    0.0000
  462.0000,    1.0187,  138.0058,   -0.0000
  463.0000,    1.0187,   92.3263,    0.0000
  464.0000,    1.0187,  101.2089,   -0.0000
  465.0000,    1.0219,   72.2444,   -0.0003
  466.0000,    1.0219,  103.5724,   -0.0000
  467.0000,    1.0219,   90.5014,    0.0000
  468.0000,    1.0219,   97.5110,   -0.0000
  469.0000,    1.0219,   84.7687,    0.0000
  470.0000,    1.0250,   41.6099,   -0.0001
  471.0000,    1.0250,   45.5189,   -0.0000
  472.0000,    1.0219,  105.0191,    0.0005
  473.0000,    1.0219,  112.3111,   -0.0000
  474.0000,    1.0219,   56.4405,    0.0000
  475.0000,    1.0219,  109.0439,   -0.0000
  476.0000,    1.0219,  106.2354,   -0.0000
  477.0000,    1.0219,   83.4219,    0.0000
  478.0000,    1.0250,   40.8288,   -0.0001
  479.0000,    1.0250,   42.8664,   -0.0000
  480.0000,    1.0250,   45.9154,   -0.0000
  481.0000,    1.0219,   92.0331,    0.0004
  482.0000,    1.0219,   79.1675,   -0.0000
  483.0000,    1.0187,  103.2627,    0.0158
  484.0000,    1.0156,  148.3761,    0.0278
  485.0000,    1.0187,   92.0850,   -0.0004
  486.0000,    1.0187,  121.8092,   -0.0000
  487.0000,    1.0187,  141.4417,   -0.0000
  488.0000,    1.0187,  151.2662,   -0.0000
  489.0000,    1.0219,   94.1303,   -0.0004
  490.0000,    1.0250,   70.5622,   -0.0002
  491.0000,    1.0281,   52.3223,   -0.0001
  492.0000,    1.0281,   46.1724,    0.0000
  493.0000,    1.0281,   39.8714,   -0.0000
  494.0000,    1.0281,   35.9641,   -0.0000
  495.0000,    1.0281,   34.6037,   -0.0000
  496.0000,    1.0281,   31.6086,   -0.0000
  497.0000,    1.0281,   29.5697,   -0.0000
  498.0000,    1.0281,   29.3768,   -0.0000
  499.0000,    1.0219,   95.4082,    0.0009
  500.0000,    1.0187,  128.0247,    0.0222
  501.0000,    1.0156,  161.3094,    0.0326
  502.0000,    1.0156,  160.8857,   -0.0000
  503.0000,    1.0156,  157.6561,    0.0000
  504.0000,    1.0156,  164.9063,    0.0000
  505.0000,    1.0156,  161.6935,    0.0000
  506.0000,    1.0156,  161.6389,   -0.0000
  507.0000,    1.0156,  167.8618,   -0.0000
  508.0000,    1.0156,  170.4434,    0.0000
  509.0000,    1.0156,  174.3351,   -0.0000
  510.0000,    1.0156,  181.5518,   -0.0000
  511.0000,    1.0156,  182.5091,   -0.0000
  512.0000,    1.0156,  186.3436,    0.0000
  513.0000,    1.0156,  196.4995,    0.0000
  514.0000,    1.0187,  134.7211,   -0.0006
  515.0000,    1.0281,   69.6663,   -0.0002
  516.0000,    1.0313,   61.9252,   -0.0001
  517.0000,    1.0313,   93.4911,   -0.0000
  518.0000,    1.0313,   49.7393,    0.0000
  519.0000,    1.0281,   44.9081,    0.0001
  520.0000,    1.0281,   41.3579,   -0.0000
  521.0000,    1.0281,   38.4630,   -0.0000
  522.0000,    1.0281,   38.2286,    0.0000
  523.0000,    1.0281,   44.0796,   -0.0000
  524.0000,    1.0250,   54.1573,    0.0002
  525.0000,    1.0156,  140.0755,    0.0262
  526.0000,    1.0187,   49.0136,   -0.0002
  527.0000,    1.0187,   46.8586,    0.0000
  528.0000,    1.0187,   47.4671,    0.0000
  529.0000,    1.0219,   41.4833,   -0.0002
  530.0000,    1.0219,   37.7946,    0.0000
  531.0000,    1.0250,   40.4932,   -0.0001
  532.0000,    1.0250,   52.1641,    0.0000
  533.0000,    1.0250,  140.2204,   -0.0000
  534.0000,    1.0250,  116.9539,    0.0000
  535.0000,    1.0219,  186.9879,    0.0306
  536.0000,    1.0187,  187.1852,    0.0322
  537.0000,    1.0187,  154.7610,    0.0000
  538.0000,    1.0187,  136.6920,    0.0000
  539.0000,    1.0187,  152.5109,   -0.0000
  540.0000,    1.0187,  171.5399,   -0.0000
  541.0000,    1.0187,  169.2344,   -0.0000
  542.0000,    1.0187,  140.5509,    0.0000
  543.0000,    1.0187,  126.2504,   -0.0000
  544.0000,    1.0156,  186.0255,    0.0387
  545.0000,    1.0156,  192.5689,   -0.0000
  546.0000,    1.0187,  110.3242,   -0.0005
  547.0000,    1.0187,  138.3782,   -0.0000
  548.0000,    1.0187,  175.9140,    0.0408
  549.0000,    1.0187,  142.8878,    0.0016
  550.0000,    1.0187,  137.4499,    0.0000
  551.0000,    1.0219,   85.2351,   -0.0004
  552.0000,    1.0219,   82.8331,   -0.0000
  553.0000,    1.0187,  138.8354,    0.0238
  554.0000,    1.0187,  140.7410,    0.0000
  555.0000,    1.0156,  182.1490,    0.0385
  556.0000,    1.0156,  175.3024,    0.0000
  557.0000,    1.0156,  201.1220,    0.0105
  558.0000,    1.0156,  172.2925,    0.0000
  559.0000,    1.0156,  176.8560,    0.0000
  560.0000,    1.0156,  175.0282,   -0.0000
  561.0000,    1.0156,  183.7585,   -0.0000
  562.0000,    1.0187,  144.5685,   -0.0006
  563.0000,    1.0250,   91.9093,   -0.0006
  564.0000,    1.0250,  137.1572,   -0.0000
  565.0000,    1.0281,   75.7515,   -0.0001
  566.0000,    1.0281,   73.7664,   -0.0000
  567.0000,    1.0281,   71.5806,   -0.0000
  568.0000,    1.0281,   70.7172,   -0.0000
  569.0000,    1.0281,   79.9665,   -0.0000
  570.0000,    1.0281,   92.5416,   -0.0000
  571.0000,    1.0281,   85.6856,    0.0000
  572.0000,    1.0281,   86.5938,    0.0000
  573.0000,    1.0281,   93.8034,   -0.0000
  574.0000,    1.0281,   99.9197,   -0.0000
  575.0000,    1.0250,  123.6947,    0.0005
  576.0000,    1.0219,  165.2878,    0.0258
  577.0000,    1.0219,  171.8961,    0.0013
  578.0000,    1.0219,   83.4466,    0.0000
  579.0000,    1.0250,   76.4208,   -0.0002
  580.0000,    1.0250,   76.8584,    0.0000
  581.0000,    1.0250,   89.3976,   -0.0000
  582.0000,    1.0250,   69.0325,    0.0000
  583.0000,    1.0281,   66.4816,   -0.0001
  584.0000,    1.0313,   65.8971,   -0.0001
  585.0000,    1.0313,   65.2522,   -0.0000
  586.0000,    1.0313,   65.8855,   -0.0000
  587.0000,    1.0313,   69.0830,   -0.0000
  588.0000,    1.0313,   86.5425,   -0.0000
  589.0000,    1.0313,   78.9159,   -0.0000
  590.0000,    1.0313,   61.3242,    0.0000
  591.0000,    1.0313,   58.1948,   -0.0000
  592.0000,    1.0313,   57.2666,   -0.0000
  593.0000,    1.0313,   59.5231,   -0.0000
  594.0000,    1.0313,   62.8116,   -0.0000
  595.0000,    1.0313,   67.2575,    0.0000
  596.0000,    1.0281,   80.4984,    0.0003
  597.0000,    1.0281,   61.6752,    0.0000
  598.0000,    1.0281,   67.0745,    0.0000
  599.0000,    1.0219,  168.4545,    0.0015
  600.0000,    1.0219,  152.9333,    0.0000
  601.0000,    1.0250,   90.6720,   -0.0003
  602.0000,    1.0219,  188.1363,    0.0307
  603.0000,    1.0219,  177.8454,    0.0000
  604.0000,    1.0219,  195.6340,    0.0045
  605.0000,    1.0219,  208.1967,    0.0117
  606.0000,    1.0219,  216.4182,    0.0136
  607.0000,    1.0219,  154.7090,    0.0000
  608.0000,    1.0281,   74.5659,   -0.0003
  609.0000,    1.0250,  174.1253,    0.0008
  610.0000,    1.0219,  195.5432,    0.0305
  611.0000,    1.0219,  192.5441,    0.0007
  612.0000,    1.0219,  161.0452,    0.0000
  613.0000,    1.0219,  127.3125,    0.0000
  614.0000,    1.0281,   80.3303,   -0.0002
  615.0000,    1.0219,  170.3303,    0.0015
  616.0000,    1.0219,  162.4219,    0.0000
  617.0000,    1.0250,   79.0208,   -0.0003
  618.0000,    1.0250,   85.1774,   -0.0000
  619.0000,    1.0187,  184.5876,    0.0016
  620.0000,    1.0219,  105.2216,   -0.0004
  621.0000,    1.0250,   85.0066,   -0.0003
  622.0000,    1.0250,   88.4280,   -0.0000
  623.0000,    1.0187,  178.2073,    0.0300
  624.0000,    1.0187,  157.2828,    0.0000
  625.0000,    1.0250,   76.5055,   -0.0004
  626.0000,    1.0281,   70.6521,   -0.0001
  627.0000,    1.0281,   68.9558,   -0.0000
  628.0000,    1.0281,   70.8904,   -0.0000
  629.0000,    1.0281,   77.1879,    0.0000
  630.0000,    1.0281,   94.3675,   -0.0000
  631.0000,    1.0281,   96.6824,   -0.0000
  632.0000,    1.0281,   86.9192,    0.0000
  633.0000,    1.0281,   75.7433,   -0.0000
  634.0000,    1.0281,   69.7753,   -0.0000
  635.0000,    1.0281,   71.4673,   -0.0000
  636.0000,    1.0281,   82.4410,   -0.0000
  637.0000,    1.0281,   80.1147,    0.0000
  638.0000,    1.0281,   83.3805,    0.0000
  639.0000,    1.0281,   84.4021,    0.0000
  640.0000,    1.0281,   78.4540,    0.0000
  641.0000,    1.0281,   70.9672,    0.0000
  642.0000,    1.0281,   71.4149,    0.0000
  643.0000,    1.0281,   77.9815,   -0.0000
  644.0000,    1.0281,   79.0552,   -0.0000
  645.0000,    1.0281,   81.1781,   -0.0000
  646.0000,    1.0281,   81.2279,    0.0000
  647.0000,    1.0281,   81.3811,    0.0000
  648.0000,    1.0281,   87.3630,    0.0000
  649.0000,    1.0250,  145.9550,    0.0006
  650.0000,    1.0250,  194.7673,    0.0016
  651.0000,    1.0250,  173.7215,    0.0024
  652.0000,    1.0250,  183.7214,    0.0015
  653.0000,    1.0250,  111.9672,    0.0000
  654.0000,    1.0219,  195.7307,    0.0316
  655.0000,    1.0219,  122.4056,    0.0000
  656.0000,    1.0187,  188.8478,    0.0340
  657.0000,    1.0187,  159.8079,    0.0029
  658.0000,    1.0187,  156.9528,    0.0027
  659.0000,    1.0187,  178.3018,    0.0013
  660.0000,    1.0187,  129.7481,    0.0000
  661.0000,    1.0187,  185.3231,    0.0015
  662.0000,    1.0187,  199.7602,    0.0101
  663.0000,    1.0219,   85.4181,   -0.0003
  664.0000,    1.0250,   73.0507,   -0.0002
  665.0000,    1.0281,   81.1155,   -0.0002
  666.0000,    1.0281,  109.4148,   -0.0000
  667.0000,    1.0250,  181.0835,    0.0008
  668.0000,    1.0250,  209.3477,    0.0011
  669.0000,    1.0250,  166.2060,    0.0028
  670.0000,    1.0250,  133.0546,    0.0000
  671.0000,    1.0250,  122.2982,    0.0000
  672.0000,    1.0219,  193.8135,    0.0304
  673.0000,    1.0219,  208.1045,    0.0015
  674.0000,    1.0219,  212.0179,    0.0010
  675.0000,    1.0219,  145.0199,    0.0000
  676.0000,    1.0219,  208.1036,    0.0015
  677.0000,    1.0219,  196.9030,    0.0025
  678.0000,    1.0219,  212.3078,    0.0296
  679.0000,    1.0219,  175.2427,    0.0023
  680.0000,    1.0187,  185.2887,    0.0322
  681.0000,    1.0187,  106.7270,    0.0000
  682.0000,    1.0187,  185.6370,   -0.0000
  683.0000,    1.0187,  170.7631,    0.0000
  684.0000,    1.0187,  166.4805,    0.0000
  685.0000,    1.0187,  219.7600,    0.0080
  686.0000,    1.0187,  217.9846,    0.0119
  687.0000,    1.0187,  151.2822,    0.0000
  688.0000,    1.0187,  220.5064,    0.0077
  689.0000,    1.0187,  236.7242,    0.0138
  690.0000,    1.0219,  198.7907,   -0.0008
  691.0000,    1.0219,  187.8613,    0.0000
  692.0000,    1.0219,  236.3798,    0.0049
  693.0000,    1.0219,  199.4268,    0.0000
  694.0000,    1.0219,  236.1288,    0.0191
  695.0000,    1.0219,  230.8047,    0.0253
  696.0000,    1.0219,  214.7560,    0.0010
  697.0000,    1.0219,  191.1563,    0.0020
  698.0000,    1.0219,  183.4621,    0.0022
  699.0000,    1.0219,  185.8045,    0.0021
  700.0000,    1.0219,  155.1587,    0.0000
  701.0000,    1.0250,  119.2793,   -0.0004
  702.0000,    1.0281,  103.0111,   -0.0003
  703.0000,    1.0250,  161.8148,    0.0007
  704.0000,    1.0281,   87.4733,   -0.0002
  705.0000,    1.0313,   77.8172,   -0.0001
  706.0000,    1.0313,  119.8885,   -0.0000
  707.0000,    1.0313,   88.8612,    0.0000
  708.0000,    1.0313,  120.5058,   -0.0000
  709.0000,    1.0313,   76.4063,    0.0000
  710.0000,    1.0313,   79.9524,   -0.0000
  711.0000,    1.0313,   81.7525,    0.0000
  712.0000,    1.0344,   82.5981,   -0.0000
  713.0000,    1.0344,   87.9627,    0.0000
  714.0000,    1.0313,  174.7178,    0.0005
  715.0000,    1.0313,  155.9805,    0.0020
  716.0000,    1.0313,  151.0536,    0.0019
  717.0000,    1.0313,  189.0075,    0.0010
  718.0000,    1.0313,  202.3782,    0.0119
  719.0000,    1.0313,  175.5883,    0.0021
  720.0000,    1.0313,  157.8091,    0.0022
  721.0000,    1.0313,  194.8802,    0.0008
  722.0000,    1.0313,  196.4858,    0.0011
  723.0000,    1.0313,  183.8131,    0.0011
  724.0000,    1.0281,  176.1805,    0.0007
  725.0000,    1.0281,  179.2119,    0.0019
  726.0000,    1.0281,  148.3800,    0.0025
  727.0000,    1.0281,  113.5270,    0.0025
  728.0000,    1.0281,   87.1160,    0.0021
  729.0000,    1.0281,   98.6426,    0.0019
  730.0000,    1.0281,   72.9200,    0.0017
  731.0000,    1.0281,   72.6945,    0.0017
  732.0000,    1.0281,   92.8221,    0.0020
  733.0000,    1.0281,  159.2879,    0.0017
  734.0000,    1.0281,  201.7531,    0.0009
  735.0000,    1.0281,  196.2104,    0.0015
  736.0000,    1.0281,  188.2651,    0.0017
  737.0000,    1.0281,  217.5635,    0.0009
  738.0000,    1.0281,  173.8156,    0.0000
  739.0000,    1.0281,  167.9874,    0.0000
  740.0000,    1.0375,   65.3517,    0.0001
  741.0000,    1.0375,   94.8553,    0.0000
  742.0000,    1.0375,  128.6341,    0.0000
  743.0000,    1.0375,  157.7173,   -0.0001
  744.0000,    1.0375,  130.7707,   -0.0004
  745.0000,    1.0344,  142.6245,    0.0003
  746.0000,    1.0344,  108.5104,    0.0010
  747.0000,    1.0344,   59.6167,    0.0000
  748.0000,    1.0344,   43.6777,    0.0000
  749.0000,    1.0344,   45.6265,    0.0000
  750.0000,    1.0344,   53.6536,    0.0003
  751.0000,    1.0344,   51.5436,    0.0003
  752.0000,    1.0344,   40.6423,    0.0000
  753.0000,    1.0344,   14.6143,    0.0000
  754.0000,    1.0344,    4.3843,    0.0000
  755.0000,    1.0344,    1.3153,    0.0000
  756.0000,    1.0344,    0.3946,    0.0000
  757.0000,    1.0375,    7.4473,    0.0000
  758.0000,    1.0375,   78.2691,   -0.0001
  759.0000,    1.0344,  109.5542,    0.0003
  760.0000,    1.0313,  112.4075,    0.0003
  761.0000,    1.0281,  170.3460,    0.0007
  762.0000,    1.0281,  201.6754,    0.0007
  763.0000,    1.0281,  125.4120,    0.0000
  764.0000,    1.0250,  198.3703,    0.0008
  765.0000,    1.0250,  156.8236,    0.0000
  766.0000,    1.0344,   73.9995,   -0.0000
  767.0000,    1.0313,  144.8047,    0.0005
  768.0000,    1.0281,  199.8273,    0.0008
  769.0000,    1.0281,  199.8500,    0.0116
  770.0000,    1.0281,  220.4122,    0.0012
  771.0000,    1.0281,  211.4111,    0.0019
  772.0000,    1.0281,  218.5437,    0.0016
  773.0000,    1.0281,  216.9424,    0.0016
  774.0000,    1.0281,  199.6320,    0.0022
  775.0000,    1.0281,  157.0527,    0.0027
  776.0000,    1.0250,  185.0517,    0.0008
  777.0000,    1.0250,  109.2720,    0.0000
  778.0000,    1.0281,   82.5704,   -0.0002
  779.0000,    1.0281,   83.9813,   -0.0000
  780.0000,    1.0281,   86.4826,   -0.0000
  781.0000,    1.0281,   96.7596,   -0.0000
  782.0000,    1.0281,   98.1913,   -0.0000
  783.0000,    1.0281,  101.7512,   -0.0000
  784.0000,    1.0250,  114.0755,    0.0005
  785.0000,    1.0250,  100.3482,    0.0000
  786.0000,    1.0281,   95.7587,   -0.0003
  787.0000,    1.0281,   92.6553,    0.0000
  788.0000,    1.0313,   90.6908,   -0.0002
  789.0000,    1.0313,   91.5399,   -0.0000
  790.0000,    1.0313,   95.8556,    0.0000
  791.0000,    1.0313,  103.2911,    0.0000
  792.0000,    1.0313,  132.2200,   -0.0000
  793.0000,    1.0281,  196.2941,    0.0008
  794.0000,    1.0281,  132.8371,    0.0000
  795.0000,    1.0313,  108.6555,   -0.0001
  796.0000,    1.0344,  106.2615,   -0.0001
  797.0000,    1.0344,  117.8492,   -0.0000
  798.0000,    1.0344,  105.9696,    0.0000
  799.0000,    1.0344,   99.1912,    0.0000
  800.0000,    1.0344,   93.2978,   -0.0000
  801.0000,    1.0344,   87.5212,    0.0000
  802.0000,    1.0344,   82.2666,    0.0000
  803.0000,    1.0344,   78.5733,   -0.0000
  804.0000,    1.0375,   76.7049,    0.0001
  805.0000,    1.0375,   78.8534,    0.0000
  806.0000,    1.0375,   83.3669,    0.0000
  807.0000,    1.0375,   91.9034,    0.0000
  808.0000,    1.0375,  103.3665,   -0.0000
  809.0000,    1.0344,  131.5246,    0.0004
  810.0000,    1.0344,  107.0808,    0.0000
  811.0000,    1.0344,   97.3456,   -0.0000
  812.0000,    1.0344,   86.0925,   -0.0000
  813.0000,    1.0344,   77.6770,   -0.0000
  814.0000,    1.0344,   72.6003,    0.0000
  815.0000,    1.0344,   69.7321,    0.0000
  816.0000,    1.0344,   68.3860,   -0.0000
  817.0000,    1.0344,   67.9663,    0.0000
  818.0000,    1.0344,   68.7192,    0.0000
  819.0000,    1.0344,   70.4561,    0.0000
  820.0000,    1.0344,   72.4326,   -0.0000
  821.0000,    1.0375,   79.5089,    0.0001
  822.0000,    1.0406,   82.8198,    0.0002
  823.0000,    1.0406,   81.6929,    0.0000
  824.0000,    1.0406,   82.3792,    0.0000
  825.0000,    1.0406,   81.2511,    0.0000
  826.0000,    1.0406,   79.5809,    0.0000
  827.0000,    1.0406,   78.2101,    0.0000
  828.0000,    1.0406,   76.6430,    0.0000
  829.0000,    1.0406,   74.6526,   -0.0000
  830.0000,    1.0406,   72.5274,   -0.0000
  831.0000,    1.0406,   69.5025,   -0.0000
  832.0000,    1.0406,   67.0059,    0.0000
  833.0000,    1.0406,   64.7653,   -0.0000
  834.0000,    1.0406,   64.0646,    0.0000
  835.0000,    1.0406,   64.1144,   -0.0000
  836.0000,    1.0406,   66.6152,   -0.0000
  837.0000,    1.0406,   70.6636,    0.0000
  838.0000,    1.0406,   76.1335,    0.0000
  839.0000,    1.0406,   83.0237,    0.0000
  840.0000,    1.0406,   92.2004,    0.0000
  841.0000,    1.0406,  103.0663,    0.0000
  842.0000,    1.0375,  131.0363,    0.0001
  843.0000,    1.0375,  136.7432,   -0.0000
  844.0000,    1.0313,  180.7592,    0.0006
  845.0000,    1.0313,  170.9196,   -0.0000
  846.0000,    1.0313,  117.6820,    0.0000
  847.0000,    1.0281,  191.3316,    0.0007
  848.0000,    1.0281,  217.2487,    0.0017
  849.0000,    1.0281,  178.6361,    0.0000
  850.0000,    1.0281,  146.9488,    0.0000
  851.0000,    1.0281,  200.3759,   -0.0000
  852.0000,    1.0281,  209.9065,   -0.0000
  853.0000,    1.0281,  212.4105,   -0.0000
  854.0000,    1.0281,  170.2986,    0.0000
  855.0000,    1.0281,  173.5910,   -0.0000
  856.0000,    1.0313,  148.9503,   -0.0003
  857.0000,    1.0313,  153.7047,   -0.0000
  858.0000,    1.0344,  102.3134,   -0.0000
  859.0000,    1.0313,  176.2354,    0.0006
  860.0000,    1.0313,  169.0036,    0.0000
  861.0000,    1.0313,  137.9281,    0.0000
  862.0000,    1.0313,  186.7985,   -0.0000
  863.0000,    1.0313,  221.6288,    0.0022
  864.0000,    1.0313,  212.7247,    0.0000
  865.0000,    1.0313,  177.4387,    0.0000
  866.0000,    1.0313,  180.9701,    0.0000
  867.0000,    1.0313,  185.3948,   -0.0000
  868.0000,    1.0344,  160.2033,   -0.0001
  869.0000,    1.0375,  142.5240,    0.0000
  870.0000,    1.0375,  140.9927,   -0.0000
  871.0000,    1.0375,  123.7816,   -0.0000
  872.0000,    1.0344,  201.4814,    0.0005
  873.0000,    1.0344,  192.0186,   -0.0000
  874.0000,    1.0344,  186.2784,    0.0000
  875.0000,    1.0344,  180.8501,    0.0000
  876.0000,    1.0344,  176.4500,    0.0000
  877.0000,    1.0344,  176.2303,    0.0000
  878.0000,    1.0375,  118.1699,    0.0001
  879.0000,    1.0375,  119.8897,   -0.0000
  880.0000,    1.0406,  108.6261,    0.0002
  881.0000,    1.0406,  111.7970,   -0.0000
  882.0000,    1.0406,  164.4133,    0.0000
  883.0000,    1.0406,  162.0251,    0.0000
  884.0000,    1.0406,  161.9870,    0.0000
  885.0000,    1.0375,  162.1796,    0.0002
  886.0000,    1.0375,  163.4955,   -0.0000
  887.0000,    1.0344,  164.5464,    0.0004
  888.0000,    1.0344,  166.1870,    0.0000
  889.0000,    1.0344,  166.1967,    0.0000
  890.0000,    1.0344,  165.5141,   -0.0000
  891.0000,    1.0344,  164.1082,    0.0000
  892.0000,    1.0344,  163.3298,   -0.0000
  893.0000,    1.0344,  162.1940,   -0.0000
  894.0000,    1.0344,  161.6765,    0.0000
  895.0000,    1.0344,  159.2611,   -0.0000
  896.0000,    1.0344,  157.7454,   -0.0000
  897.0000,    1.0344,  155.5944,    0.0000
  898.0000,    1.0344,  152.6357,    0.0000
  899.0000,    1.0344,  151.8673,    0.0000
  900.0000,    1.0344,  150.1741,    0.0000
  901.0000,    1.0344,  149.4433,    0.0000
  902.0000,    1.0375,  148.0154,    0.0001
  903.0000,    1.0406,  147.1248,    0.0002
  904.0000,    1.0406,  146.7897,   -0.0000
  905.0000,    1.0406,  146.7627,    0.0000
  906.0000,    1.0406,  147.0258,   -0.0000
  907.0000,    1.0406,  148.0597,    0.0000
  908.0000,    1.0406,  148.2725,    0.0000
  909.0000,    1.0406,  149.6657,   -0.0000
  910.0000,    1.0406,  151.4042,    0.0000
  911.0000,    1.0406,  152.0941,   -0.0000
  912.0000,    1.0406,  162.9833,    0.0000
  913.0000,    1.0438,  109.3224,    0.0003
  914.0000,    1.0438,  133.5936,    0.0000
  915.0000,    1.0438,  113.6583,   -0.0000
  916.0000,    1.0438,  103.1885,    0.0000
  917.0000,    1.0438,  118.4627,    0.0000
  918.0000,    1.0406,  158.8665,    0.0002
  919.0000,    1.0406,  161.8066,   -0.0000
  920.0000,    1.0406,  159.7063,    0.0000
  921.0000,    1.0406,  154.1023,    0.0000
  922.0000,    1.0406,  135.4350,    0.0000
  923.0000,    1.0406,  136.0327,   -0.0000
  924.0000,    1.0469,   65.8733,    0.0004
  925.0000,    1.0469,  106.5315,    0.0000
  926.0000,    1.0438,  141.0034,   -0.0001
  927.0000,    1.0438,  138.8957,   -0.0000
  928.0000,    1.0438,  137.1244,   -0.0000
  929.0000,    1.0438,  136.7232,   -0.0000
  930.0000,    1.0438,  136.3737,   -0.0000
  931.0000,    1.0438,  136.6881,    0.0000
  932.0000,    1.0438,  137.3539,    0.0000
  933.0000,    1.0438,  138.1729,    0.0000
  934.0000,    1.0438,  139.2033,   -0.0000
  935.0000,    1.0438,  140.2319,    0.0000
  936.0000,    1.0438,  141.2101,    0.0000
  937.0000,    1.0438,  142.2670,   -0.0000
  938.0000,    1.0438,  143.0530,    0.0000
  939.0000,    1.0438,  143.3816,    0.0000
  940.0000,    1.0438,  143.2325,   -0.0000
  941.0000,    1.0438,  142.3375,   -0.0000
  942.0000,    1.0438,  141.0167,    0.0000
  943.0000,    1.0438,  139.0644,   -0.0000
  944.0000,    1.0438,  137.1187,   -0.0000
  945.0000,    1.0438,  122.8932,   -0.0000
  946.0000,    1.0438,  121.6999,    0.0000
  947.0000,    1.0406,  130.1164,    0.0000
  948.0000,    1.0406,  127.1564,   -0.0000
  949.0000,    1.0406,  124.3331,    0.0000
  950.0000,    1.0406,  122.4744,    0.0000
  951.0000,    1.0406,  121.9112,   -0.0000
  952.0000,    1.0406,  120.9232,   -0.0000
  953.0000,    1.0406,  120.2596,   -0.0000
  954.0000,    1.0406,  121.1443,   -0.0000
  955.0000,    1.0406,  112.4934,    0.0000
  956.0000,    1.0406,  129.4541,   -0.0000
  957.0000,    1.0406,  101.2169,    0.0000
  958.0000,    1.0406,  122.2999,   -0.0000
  959.0000,    1.0406,   90.1330,   -0.0000
  960.0000,    1.0500,   28.5078,    0.0002
  961.0000,    1.0500,   49.5867,    0.0000
  962.0000,    1.0438,   96.1070,   -0.0002
  963.0000,    1.0438,   94.3122,   -0.0000
  964.0000,    1.0469,   51.3601,    0.0003
  965.0000,    1.0500,   40.0498,    0.0004
  966.0000,    1.0500,   42.3863,    0.0000
  967.0000,    1.0469,  106.8836,   -0.0002
  968.0000,    1.0469,  105.2851,    0.0000
  969.0000,    1.0469,   88.6489,   -0.0000
  970.0000,    1.0469,   88.4755,   -0.0000
  971.0000,    1.0469,   51.1544,   -0.0000
  972.0000,    1.0469,   43.9228,   -0.0000
  973.0000,    1.0500,   42.8827,    0.0004
  974.0000,    1.0500,   44.5854,    0.0000
  975.0000,    1.0500,   46.2990,    0.0000
  976.0000,    1.0500,   58.9424,    0.0000
  977.0000,    1.0438,  105.3835,   -0.0001
  978.0000,    1.0438,  104.5624,    0.0000
  979.0000,    1.0438,   42.9352,   -0.0000
  980.0000,    1.0438,   91.4929,    0.0000
  981.0000,    1.0438,   87.6305,   -0.0000
  982.0000,    1.0469,   30.8720,    0.0002
  983.0000,    1.0469,   30.0201,    0.0000
  984.0000,    1.0469,   31.6296,   -0.0000
  985.0000,    1.0469,   80.1968,    0.0000
  986.0000,    1.0438,  130.4330,   -0.0001
  987.0000,    1.0438,   92.8038,   -0.0000
  988.0000,    1.0438,  100.9020,    0.0000
  989.0000,    1.0438,   99.5967,    0.0000
  990.0000,    1.0438,   71.4996,   -0.0000
  991.0000,    1.0438,  117.0862,    0.0000
  992.0000,    1.0406,  119.7098,   -0.0001
  993.0000,    1.0406,  115.1255,   -0.0000
  994.0000,    1.0406,  112.0294,   -0.0000
  995.0000,    1.0406,  110.3947,   -0.0000
  996.0000,    1.0406,   96.0419,   -0.0000
  997.0000,    1.0438,   73.2977,    0.0003
  998.0000,    1.0438,   75.6851,    0.0000
  999.0000,    1.0438,  109.8258,    0.0000
 1000.0000,    1.0438,  107.4813,   -0.0000
 1001.0000,    1.0438,   66.2540,   -0.0000
 1002.0000,    1.0438,   80.2311,    0.0000
 1003.0000,    1.0469,   30.0429,    0.0002
 1004.0000,    1.0469,   28.5541,    0.0000
 1005.0000,    1.0500,   -0.0000,   -0.0000
 1006.0000,    1.0500,   -0.0000,   -0.0000
 1007.0000,    1.0500,   -0.0000,   -0.0000
 1008.0000,    1.0500,   -0.0000,   -0.0000
 1009.0000,    1.0500,   -0.0000,   -0.0000
 1010.0000,    1.0500,   -0.0000,   -0.0000
 1011.0000,    1.0500,   29.4480,    0.0000
 1012.0000,    1.0500,   31.8610,    0.0000
 1013.0000,    1.0500,   38.9908,   -0.0000
 1014.0000,    1.0469,   65.2202,   -0.0002
 1015.0000,    1.0469,   36.6250,   -0.0000
 1016.0000,    1.0469,   35.2843,    0.0000
 1017.0000,    1.0469,   35.1432,   -0.0000
 1018.0000,    1.0469,   34.2002,   -0.0000
 1019.0000,    1.0500,   33.5347,    0.0003
 1020.0000,    1.0500,   33.1484,    0.0000
 1021.0000,    1.0500,   33.0478,    0.0000
 1022.0000,    1.0500,   34.0223,    0.0000
 1023.0000,    1.0469,   67.2990,   -0.0002
 1024.0000,    1.0438,   98.4834,   -0.0001
 1025.0000,    1.0438,   60.4713,   -0.0000
 1026.0000,    1.0438,   78.1834,    0.0000
 1027.0000,    1.0406,  102.5957,   -0.0000
 1028.0000,    1.0406,   68.8796,   -0.0000
 1029.0000,    1.0406,   32.9369,   -0.0000
 1030.0000,    1.0406,   62.6361,    0.0000
 1031.0000,    1.0406,   55.9896,   -0.0000
 1032.0000,    1.0438,   31.3916,    0.0001
 1033.0000,    1.0438,   32.7812,    0.0000
 1034.0000,    1.0438,   34.1279,   -0.0000
 1035.0000,    1.0438,   35.2795,   -0.0000
 1036.0000,    1.0438,   35.8102,    0.0000
 1037.0000,    1.0438,   35.7179,    0.0000
 1038.0000,    1.0438,   36.3853,   -0.0000
 1039.0000,    1.0438,   35.8962,   -0.0000
 1040.0000,    1.0438,   39.9895,    0.0000
 1041.0000,    1.0438,   70.0245,    0.0000
 1042.0000,    1.0438,   77.9229,    0.0000
 1043.0000,    1.0438,   52.1794,   -0.0000
 1044.0000,    1.0438,   43.3689,   -0.0000
 1045.0000,    1.0438,   61.6871,    0.0000
 1046.0000,    1.0438,   51.5041,   -0.0000
 1047.0000,    1.0406,   80.9056,   -0.0000
 1048.0000,    1.0406,   76.4333,   -0.0000
 1049.0000,    1.0406,   58.6452,   -0.0000
 1050.0000,    1.0406,   78.2091,    0.0000
 1051.0000,    1.0406,   74.3371,   -0.0000
 1052.0000,    1.0406,   52.6506,   -0.0000
 1053.0000,    1.0406,   55.2455,    0.0000
 1054.0000,    1.0375,   56.1199,    0.0000
 1055.0000,    1.0375,   29.5848,   -0.0000
 1056.0000,    1.0375,   29.6179,    0.0000
 1057.0000,    1.0375,   31.6087,   -0.0000
 1058.0000,    1.0375,   33.1353,    0.0000
 1059.0000,    1.0375,   33.6140,   -0.0000
 1060.0000,    1.0375,   32.3371,   -0.0000
 1061.0000,    1.0375,   48.5664,    0.0000
 1062.0000,    1.0375,   48.6944,   -0.0000
 1063.0000,    1.0406,   31.5002,    0.0001
 1064.0000,    1.0406,   42.1881,    0.0000
 1065.0000,    1.0406,   63.6934,    0.0000
 1066.0000,    1.0406,   67.5382,   -0.0000
 1067.0000,    1.0406,   64.7316,    0.0000
 1068.0000,    1.0406,   60.6660,   -0.0000
 1069.0000,    1.0406,   62.7124,    0.0000
 1070.0000,    1.0406,   59.2512,   -0.0000
 1071.0000,    1.0406,   47.8142,   -0.0000
 1072.0000,    1.0406,   56.4639,    0.0000
 1073.0000,    1.0406,   39.6912,   -0.0000
 1074.0000,    1.0438,   -0.0000,   -0.0000
 1075.0000,    1.0438,   -0.0000,   -0.0000
 1076.0000,    1.0438,   -0.0000,   -0.0000
 1077.0000,    1.0438,   -0.0000,   -0.0000
 1078.0000,    1.0438,   -0.0000,   -0.0000
 1079.0000,    1.0438,   -0.0000,   -0.0000
 1080.0000,    1.0438,   -0.0000,   -0.0000
 1081.0000,    1.0438,   -0.0000,   -0.0000
 1082.0000,    1.0438,   30.5998,    0.0000
 1083.0000,    1.0438,   -0.0000,   -0.0000
 1084.0000,    1.0438,   -0.0000,   -0.0000
 1085.0000,    1.0438,   -0.0000,   -0.0000
 1086.0000,    1.0438,   -0.0000,   -0.0000
 1087.0000,    1.0438,   -0.0000,   -0.0000
 1088.0000,    1.0438,   -0.0000,   -0.0000
 1089.0000,    1.0438,   -0.0000,   -0.0000
 1090.0000,    1.0438,   -0.0000,   -0.0000
 1091.0000,    1.0438,   -0.0000,   -0.0000
 1092.0000,    1.0438,   -0.0000,   -0.0000
 1093.0000,    1.0438,   -0.0000,   -0.0000
 1094.0000,    1.0438,   -0.0000,   -0.0000
 1095.0000,    1.0438,   -0.0000,   -0.0000
 1096.0000,    1.0438,   -0.0000,   -0.0000
 1097.0000,    1.0438,   -0.0000,   -0.0000
 1098.0000,    1.0438,   -0.0000,   -0.0000
 1099.0000,    1.0438,   -0.0000,   -0.0000
 1100.0000,    1.0438,   -0.0000,   -0.0000
 1101.0000,    1.0438,   -0.0000,   -0.0000
 1102.0000,    1.0438,   -0.0000,   -0.0000
 1103.0000,    1.0438,   -0.0000,   -0.0000
 1104.0000,    1.0438,   -0.0000,   -0.0000
 1105.0000,    1.0438,   -0.0000,   -0.0000
 1106.0000,    1.0438,   -0.0000,   -0.0000
 1107.0000,    1.0438,   -0.0000,   -0.0000
 1108.0000,    1.0438,   -0.0000,   -0.0000
 1109.0000,    1.0438,   -0.0000,   -0.0000
 1110.0000,    1.0438,   -0.0000,   -0.0000
 1111.0000,    1.0438,   -0.0000,   -0.0000
 1112.0000,    1.0406,   32.6790,   -0.0000
 1113.0000,    1.0406,   29.9205,   -0.0000
 1114.0000,    1.0438,   -0.0000,   -0.0000
 1115.0000,    1.0438,   -0.0000,   -0.0000
 1116.0000,    1.0438,   -0.0000,   -0.0000
 1117.0000,    1.0438,   -0.0000,   -0.0000
 1118.0000,    1.0406,   -0.0000,   -0.0000
 1119.0000,    1.0406,   -0.0000,   -0.0000
 1120.0000,    1.0406,   -0.0000,   -0.0000
 1121.0000,    1.0406,   -0.0000,   -0.0000
 1122.0000,    1.0406,   -0.0000,   -0.0000
 1123.0000,    1.0406,   -0.0000,   -0.0000
 1124.0000,    1.0406,   -0.0000,   -0.0000
 1125.0000,    1.0406,   -0.0000,   -0.0000
 1126.0000,    1.0406,   -0.0000,   -0.0000
 1127.0000,    1.0406,   -0.0000,   -0.0000
 1128.0000,    1.0406,   -0.0000,   -0.0000
 1129.0000,    1.0406,   -0.0000,   -0.0000
 1130.0000,    1.0406,   -0.0000,   -0.0000
 1131.0000,    1.0406,   -0.0000,   -0.0000
 1132.0000,    1.0406,   -0.0000,   -0.0000
 1133.0000,    1.0406,   -0.0000,   -0.0000
 1134.0000,    1.0406,   -0.0000,   -0.0000
 1135.0000,    1.0406,   -0.0000,   -0.0000
 1136.0000,    1.0406,   -0.0000,   -0.0000
 1137.0000,    1.0406,   -0.0000,   -0.0000
 1138.0000,    1.0406,   -0.0000,   -0.0000
 1139.0000,    1.0406,   -0.0000,   -0.0000
 1140.0000,    1.0406,   -0.0000,   -0.0000
 1141.0000,    1.0406,   -0.0000,   -0.0000
 1142.0000,    1.0406,   -0.0000,   -0.0000
 1143.0000,    1.0406,   -0.0000,   -0.0000
 1144.0000,    1.0406,   -0.0000,   -0.0000
 1145.0000,    1.0406,   -0.0000,   -0.0000
 1146.0000,    1.0406,   -0.0000,   -0.0000
 1147.0000,    1.0406,   -0.0000,   -0.0000
 1148.0000,    1.0406,   -0.0000,   -0.0000
 1149.0000,    1.0406,   -0.0000,   -0.0000
 1150.0000,    1.0375,   -0.0000,   -0.0000
 1151.0000,    1.0375,   -0.0000,   -0.0000
 1152.0000,    1.0375,   -0.0000,   -0.0000
 1153.0000,    1.0375,   -0.0000,   -0.0000
 1154.0000,    1.0375,   -0.0000,   -0.0000
 1155.0000,    1.0375,   -0.0000,   -0.0000
 1156.0000,    1.0406,   -0.0000,   -0.0000
 1157.0000,    1.0406,   -0.0000,   -0.0000
 1158.0000,    1.0406,   -0.0000,   -0.0000
 1159.0000,    1.0406,   -0.0000,   -0.0000
 1160.0000,    1.0375,   -0.0000,   -0.0000
 1161.0000,    1.0375,   -0.0000,   -0.0000
 1162.0000,    1.0375,   -0.0000,   -0.0000
 1163.0000,    1.0375,   -0.0000,   -0.0000
 1164.0000,    1.0375,   -0.0000,   -0.0000
 1165.0000,    1.0375,   -0.0000,   -0.0000
 1166.0000,    1.0375,   -0.0000,   -0.0000
 1167.0000,    1.0375,   -0.0000,   -0.0000
 1168.0000,    1.0375,   -0.0000,   -0.0000
 1169.0000,    1.0375,   -0.0000,   -0.0000
 1170.0000,    1.0375,   -0.0000,   -0.0000
 1171.0000,    1.0375,   -0.0000,   -0.0000
 1172.0000,    1.0375,   -0.0000,   -0.0000
 1173.0000,    1.0375,   -0.0000,   -0.0000
 1174.0000,    1.0375,   -0.0000,   -0.0000
 1175.0000,    1.0406,   -0.0000,   -0.0000
 1176.0000,    1.0406,   -0.0000,   -0.0000
 1177.0000,    1.0406,   -0.0000,   -0.0000
 1178.0000,    1.0406,   -0.0000,   -0.0000
 1179.0000,    1.0406,   -0.0000,   -0.0000
 1180.0000,    1.0406,   -0.0000,   -0.0000
 1181.0000,    1.0406,   -0.0000,   -0.0000
 1182.0000,    1.0406,   -0.0000,   -0.0000
 1183.0000,    1.0406,   -0.0000,   -0.0000
 1184.0000,    1.0406,   -0.0000,   -0.0000
 1185.0000,    1.0406,   -0.0000,   -0.0000
 1186.0000,    1.0406,   -0.0000,   -0.0000
 1187.0000,    1.0406,   -0.0000,   -0.0000
 1188.0000,    1.0406,   -0.0000,   -0.0000
 1189.0000,    1.0406,   -0.0000,   -0.0000
 1190.0000,    1.0406,   -0.0000,   -0.0000
 1191.0000,    1.0406,   -0.0000,   -0.0000
 1192.0000,    1.0406,   -0.0000,   -0.0000
 1193.0000,    1.0406,   -0.0000,   -0.0000
 1194.0000,    1.0406,   -0.0000,   -0.0000
 1195.0000,    1.0406,   -0.0000,   -0.0000
 1196.0000,    1.0406,   -0.0000,   -0.0000
 1197.0000,    1.0406,   -0.0000,   -0.0000
 1198.0000,    1.0406,   -0.0000,   -0.0000
 1199.0000,    1.0406,   -0.0000,   -0.0000
 1200.0000,    1.0406,   -0.0000,   -0.0000
 1201.0000,    1.0375,   -0.0000,   -0.0000
 1202.0000,    1.0375,   -0.0000,   -0.0000
 1203.0000,    1.0375,   -0.0000,   -0.0000
 1204.0000,    1.0375,   -0.0000,   -0.0000
 1205.0000,    1.0375,   -0.0000,   -0.0000
 1206.0000,    1.0375,   -0.0000,   -0.0000
 1207.0000,    1.0375,   -0.0000,   -0.0000
 1208.0000,    1.0375,   -0.0000,   -0.0000
 1209.0000,    1.0375,   -0.0000,   -0.0000
 1210.0000,    1.0375,   -0.0000,   -0.0000
 1211.0000,    1.0375,   -0.0000,   -0.0000
 1212.0000,    1.0375,   -0.0000,   -0.0000
 1213.0000,    1.0375,   -0.0000,   -0.0000
 1214.0000,    1.0406,   -0.0000,   -0.0000
 1215.0000,    1.0406,   -0.0000,   -0.0000
 1216.0000,    1.0406,   -0.0000,   -0.0000
 1217.0000,    1.0406,   -0.0000,   -0.0000
 1218.0000,    1.0406,   -0.0000,   -0.0000
 1219.0000,    1.0406,   -0.0000,   -0.0000
 1220.0000,    1.0406,   -0.0000,   -0.0000
 1221.0000,    1.0406,   -0.0000,   -0.0000
 1222.0000,    1.0406,   -0.0000,   -0.0000
 1223.0000,    1.0375,   -0.0000,   -0.0000
 1224.0000,    1.0375,   -0.0000,   -0.0000
 1225.0000,    1.0375,   -0.0000,   -0.0000
 1226.0000,    1.0375,   -0.0000,   -0.0000
 1227.0000,    1.0375,   -0.0000,   -0.0000
 1228.0000,    1.0375,   -0.0000,   -0.0000
 1229.0000,    1.0375,   -0.0000,   -0.0000
 1230.0000,    1.0375,   -0.0000,   -0.0000
 1231.0000,    1.0375,   -0.0000,   -0.0000
 1232.0000,    1.0375,   -0.0000,   -0.0000
 1233.0000,    1.0375,   -0.0000,   -0.0000
 1234.0000,    1.0406,   -0.0000,   -0.0000
 1235.0000,    1.0438,   -0.0000,   -0.0000
 1236.0000,    1.0438,   -0.0000,   -0.0000
 1237.0000,    1.0438,   -0.0000,   -0.0000
 1238.0000,    1.0438,   -0.0000,   -0.0000
 1239.0000,    1.0438,   -0.0000,   -0.0000
 1240.0000,    1.0406,   -0.0000,   -0.0000
 1241.0000,    1.0406,   -0.0000,   -0.0000
 1242.0000,    1.0406,   -0.0000,   -0.0000
 1243.0000,    1.0375,   -0.0000,   -0.0000
 1244.0000,    1.0375,   -0.0000,   -0.0000
 1245.0000,    1.0375,   -0.0000,   -0.0000
 1246.0000,    1.0375,   -0.0000,   -0.0000
 1247.0000,    1.0375,   -0.0000,   -0.0000
 1248.0000,    1.0375,   -0.0000,   -0.0000
 1249.0000,    1.0375,   -0.0000,   -0.0000
 1250.0000,    1.0406,   -0.0000,   -0.0000
 1251.0000,    1.0406,   -0.0000,   -0.0000
 1252.0000,    1.0406,   -0.0000,   -0.0000
 1253.0000,    1.0406,   -0.0000,   -0.0000
 1254.0000,    1.0438,   -0.0000,   -0.0000
 1255.0000,    1.0438,   -0.0000,   -0.0000
 1256.0000,    1.0438,   -0.0000,   -0.0000
 1257.0000,    1.0438,   -0.0000,   -0.0000
 1258.0000,    1.0469,   -0.0000,   -0.0000
 1259.0000,    1.0469,   -0.0000,   -0.0000
 1260.0000,    1.0469,   -0.0000,   -0.0000
 1261.0000,    1.0469,   -0.0000,   -0.0000
 1262.0000,    1.0469,   -0.0000,   -0.0000
 1263.0000,    1.0469,   -0.0000,   -0.0000
 1264.0000,    1.0469,   -0.0000,   -0.0000
 1265.0000,    1.0469,   -0.0000,   -0.0000
 1266.0000,    1.0469,   -0.0000,   -0.0000
 1267.0000,    1.0469,   -0.0000,   -0.0000
 1268.0000,    1.0438,   -0.0000,   -0.0000
 1269.0000,    1.0438,   -0.0000,   -0.0000
 1270.0000,    1.0438,   -0.0000,   -0.0000
 1271.0000,    1.0438,   -0.0000,   -0.0000
 1272.0000,    1.0438,   -0.0000,   -0.0000
 1273.0000,    1.0438,   -0.0000,   -0.0000
 1274.0000,    1.0438,   -0.0000,   -0.0000
 1275.0000,    1.0438,   -0.0000,   -0.0000
 1276.0000,    1.0438,   -0.0000,   -0.0000
 1277.0000,    1.0438,   -0.0000,   -0.0000
 1278.0000,    1.0438,   -0.0000,   -0.0000
 1279.0000,    1.0438,   -0.0000,   -0.0000
 1280.0000,    1.0438,   -0.0000,   -0.0000
 1281.0000,    1.0438,   -0.0000,   -0.0000
 1282.0000,    1.0406,   -0.0000,   -0.0000
 1283.0000,    1.0406,   -0.0000,   -0.0000
 1284.0000,    1.0406,   -0.0000,   -0.0000
 1285.0000,    1.0406,   -0.0000,   -0.0000
 1286.0000,    1.0406,   -0.0000,   -0.0000
 1287.0000,    1.0406,   -0.0000,   -0.0000
 1288.0000,    1.0406,   -0.0000,   -0.0000
 1289.0000,    1.0406,   -0.0000,   -0.0000
 1290.0000,    1.0406,   -0.0000,   -0.0000
 1291.0000,    1.0438,   -0.0000,   -0.0000
 1292.0000,    1.0438,   -0.0000,   -0.0000
 1293.0000,    1.0438,   -0.0000,   -0.0000
 1294.0000,    1.0438,   -0.0000,   -0.0000
 1295.0000,    1.0438,   -0.0000,   -0.0000
 1296.0000,    1.0438,   -0.0000,   -0.0000
 1297.0000,    1.0469,   -0.0000,   -0.0000
 1298.0000,    1.0469,   -0.0000,   -0.0000
 1299.0000,    1.0469,   -0.0000,   -0.0000
 1300.0000,    1.0469,   -0.0000,   -0.0000
 1301.0000,    1.0469,   -0.0000,   -0.0000
 1302.0000,    1.0469,   -0.0000,   -0.0000
 1303.0000,    1.0438,   -0.0000,   -0.0000
 1304.0000,    1.0438,   -0.0000,   -0.0000
 1305.0000,    1.0406,   -0.0000,   -0.0000
 1306.0000,    1.0406,   -0.0000,   -0.0000
 1307.0000,    1.0406,   -0.0000,   -0.0000
 1308.0000,    1.0406,   -0.0000,   -0.0000
 1309.0000,    1.0406,   -0.0000,   -0.0000
 1310.0000,    1.0406,   -0.0000,   -0.0000
 1311.0000,    1.0406,   -0.0000,   -0.0000
 1312.0000,    1.0406,   -0.0000,   -0.0000
 1313.0000,    1.0406,   -0.0000,   -0.0000
 1314.0000,    1.0406,   -0.0000,   -0.0000
 1315.0000,    1.0438,   -0.0000,   -0.0000
 1316.0000,    1.0438,   -0.0000,   -0.0000
 1317.0000,    1.0438,   -0.0000,   -0.0000
 1318.0000,    1.0438,   -0.0000,   -0.0000
 1319.0000,    1.0438,   -0.0000,   -0.0000
 1320.0000,    1.0438,   -0.0000,   -0.0000
 1321.0000,    1.0438,   -0.0000,   -0.0000
 1322.0000,    1.0438,   -0.0000,   -0.0000
 1323.0000,    1.0438,   -0.0000,   -0.0000
 1324.0000,    1.0438,   -0.0000,   -0.0000
 1325.0000,    1.0438,   -0.0000,   -0.0000
 1326.0000,    1.0438,   -0.0000,   -0.0000
 1327.0000,    1.0438,   -0.0000,   -0.0000
 1328.0000,    1.0438,   -0.0000,   -0.0000
 1329.0000,    1.0438,   -0.0000,   -0.0000
 1330.0000,    1.0438,   -0.0000,   -0.0000
 1331.0000,    1.0438,   -0.0000,   -0.0000
 1332.0000,    1.0438,   -0.0000,   -0.0000
 1333.0000,    1.0438,   -0.0000,   -0.0000
 1334.0000,    1.0438,   -0.0000,   -0.0000
 1335.0000,    1.0438,   -0.0000,   -0.0000
 1336.0000,    1.0438,   -0.0000,   -0.0000
 1337.0000,    1.0406,   -0.0000,   -0.0000
 1338.0000,    1.0406,   -0.0000,   -0.0000
 1339.0000,    1.0406,   -0.0000,   -0.0000
 1340.0000,    1.0406,   -0.0000,   -0.0000
 1341.0000,    1.0406,   -0.0000,   -0.0000
 1342.0000,    1.0406,   -0.0000,   -0.0000
 1343.0000,    1.0406,   -0.0000,   -0.0000
 1344.0000,    1.0406,   -0.0000,   -0.0000
 1345.0000,    1.0438,   -0.0000,   -0.0000
 1346.0000,    1.0438,   -0.0000,   -0.0000
 1347.0000,    1.0438,   -0.0000,   -0.0000
 1348.0000,    1.0438,   -0.0000,   -0.0000
 1349.0000,    1.0438,   -0.0000,   -0.0000
 1350.0000,    1.0438,   -0.0000,   -0.0000
 1351.0000,    1.0438,   -0.0000,   -0.0000
 1352.0000,    1.0438,   -0.0000,   -0.0000
 1353.0000,    1.0438,   -0.0000,   -0.0000
 1354.0000,    1.0438,   -0.0000,   -0.0000
 1355.0000,    1.0438,   -0.0000,   -0.0000
 1356.0000,    1.0438,   -0.0000,   -0.0000
 1357.0000,    1.0438,   -0.0000,   -0.0000
 1358.0000,    1.0438,   -0.0000,   -0.0000
 1359.0000,    1.0438,   -0.0000,   -0.0000
 1360.0000,    1.0438,   -0.0000,   -0.0000
 1361.0000,    1.0438,   -0.0000,   -0.0000
 1362.0000,    1.0438,   -0.0000,   -0.0000
 1363.0000,    1.0438,   -0.0000,   -0.0000
 1364.0000,    1.0406,   -0.0000,   -0.0000
 1365.0000,    1.0406,   -0.0000,   -0.0000
 1366.0000,    1.0406,   -0.0000,   -0.0000
 1367.0000,    1.0406,   -0.0000,   -0.0000
 1368.0000,    1.0406,   -0.0000,   -0.0000
 1369.0000,    1.0406,   -0.0000,   -0.0000
 1370.0000,    1.0406,   -0.0000,   -0.0000
 1371.0000,    1.0406,   -0.0000,   -0.0000
 1372.0000,    1.0406,   -0.0000,   -0.0000
 1373.0000,    1.0406,   -0.0000,   -0.0000
 1374.0000,    1.0406,   -0.0000,   -0.0000
 1375.0000,    1.0406,   -0.0000,   -0.0000
 1376.0000,    1.0438,   -0.0000,   -0.0000
 1377.0000,    1.0438,   -0.0000,   -0.0000
 1378.0000,    1.0438,   -0.0000,   -0.0000
 1379.0000,    1.0438,   -0.0000,   -0.0000
 1380.0000,    1.0438,   -0.0000,   -0.0000
 1381.0000,    1.0438,   -0.0000,   -0.0000
 1382.0000,    1.0438,   -0.0000,   -0.0000
 1383.0000,    1.0406,   -0.0000,   -0.0000
 1384.0000,    1.0406,   -0.0000,   -0.0000
 1385.0000,    1.0406,   -0.0000,   -0.0000
 1386.0000,    1.0406,   -0.0000,   -0.0000
 1387.0000,    1.0406,   -0.0000,   -0.0000
 1388.0000,    1.0406,   -0.0000,   -0.0000
 1389.0000,    1.0406,   -0.0000,   -0.0000
 1390.0000,    1.0375,   -0.0000,   -0.0000
 1391.0000,    1.0375,   -0.0000,   -0.0000
 1392.0000,    1.0375,   -0.0000,   -0.0000
 1393.0000,    1.0375,   -0.0000,   -0.0000
 1394.0000,    1.0375,   -0.0000,   -0.0000
 1395.0000,    1.0375,   -0.0000,   -0.0000
 1396.0000,    1.0375,   -0.0000,   -0.0000
 1397.0000,    1.0375,   -0.0000,   -0.0000
 1398.0000,    1.0375,   -0.0000,   -0.0000
 1399.0000,    1.0375,   -0.0000,   -0.0000
 1400.0000,    1.0375,   -0.0000,   -0.0000
 1401.0000,    1.0375,   -0.0000,   -0.0000
 1402.0000,    1.0375,   -0.0000,   -0.0000
 1403.0000,    1.0375,   -0.0000,   -0.0000
 1404.0000,    1.0406,   -0.0000,   -0.0000
 1405.0000,    1.0406,   -0.0000,   -0.0000
 1406.0000,    1.0406,   -0.0000,   -0.0000
 1407.0000,    1.0406,   -0.0000,   -0.0000
 1408.0000,    1.0406,   -0.0000,   -0.0000
 1409.0000,    1.0375,   -0.0000,   -0.0000
 1410.0000,    1.0375,   -0.0000,   -0.0000
 1411.0000,    1.0375,   -0.0000,   -0.0000
 1412.0000,    1.0375,   -0.0000,   -0.0000
 1413.0000,    1.0375,   -0.0000,   -0.0000
 1414.0000,    1.0375,   -0.0000,   -0.0000
 1415.0000,    1.0375,   -0.0000,   -0.0000
 1416.0000,    1.0375,   -0.0000,   -0.0000
 1417.0000,    1.0375,   -0.0000,   -0.0000
 1418.0000,    1.0375,   -0.0000,   -0.0000
 1419.0000,    1.0375,   -0.0000,   -0.0000
 1420.0000,    1.0375,   -0.0000,   -0.0000
 1421.0000,    1.0375,   -0.0000,   -0.0000
 1422.0000,    1.0375,   -0.0000,   -0.0000
 1423.0000,    1.0375,   -0.0000,   -0.0000
 1424.0000,    1.0375,   -0.0000,   -0.0000
 1425.0000,    1.0375,   -0.0000,   -0.0000
 1426.0000,    1.0375,   -0.0000,   -0.0000
 1427.0000,    1.0375,   -0.0000,   -0.0000
 1428.0000,    1.0375,   -0.0000,   -0.0000
 1429.0000,    1.0375,   -0.0000,   -0.0000
 1430.0000,    1.0375,   -0.0000,   -0.0000
 1431.0000,    1.0375,   -0.0000,   -0.0000
 1432.0000,    1.0375,   -0.0000,   -0.0000
 1433.0000,    1.0375,   -0.0000,   -0.0000
 1434.0000,    1.0375,   -0.0000,   -0.0000
 1435.0000,    1.0375,   -0.0000,   -0.0000
 1436.0000,    1.0375,   -0.0000,   -0.0000
 1437.0000,    1.0375,   -0.0000,   -0.0000
 1438.0000,    1.0375,   -0.0000,   -0.0000
 1439.0000,    1.0375,   -0.0000,   -0.0000
 1440.0000,    1.0344,   -0.0000,   -0.0000
