    1.0000,    1.0344,    0.0000,    0.1629
    2.0000,    1.0344,    0.0000,    2.3526
    3.0000,    1.0344,    0.0000,    3.5489
    4.0000,    1.0344,   -0.0000,    3.3121
    5.0000,    1.0344,   -0.0000,    2.4239
    6.0000,    1.0344,    0.0000,    4.9118
    7.0000,    1.0344,    0.0000,    6.0381
    8.0000,    1.0344,    0.0000,    6.2849
    9.0000,    1.0344,    0.0000,    6.7567
   10.0000,    1.0344,    0.0000,    7.4519
   11.0000,    1.0344,    0.0000,    8.1807
   12.0000,    1.0344,   -0.0000,    6.2084
   13.0000,    1.0344,    0.0001,   10.3245
   14.0000,    1.0344,    0.0000,   13.4225
   15.0000,    1.0344,    0.0000,   26.2497
   16.0000,    1.0344,   -0.0000,   35.3273
   17.0000,    1.0344,   -0.0000,   32.5124
   18.0000,    1.0344,   -0.0000,   29.7023
   19.0000,    1.0344,   -0.0001,   16.2920
   20.0000,    1.0344,   -0.0000,   14.4400
   21.0000,    1.0344,    0.0000,   16.3328
   22.0000,    1.0344,    0.0000,   17.4152
   23.0000,    1.0344,   -0.0001,   13.7180
   24.0000,    1.0344,   -0.0001,    9.8663
   25.0000,    1.0344,   -0.0000,    7.4182
   26.0000,    1.0344,   -0.0000,    6.3615
   27.0000,    1.0344,    0.0000,    7.5885
   28.0000,    1.0344,    0.0000,    9.9988
   29.0000,    1.0344,   -0.0000,    9.9147
   30.0000,    1.0344,   -0.0000,    7.8859
   31.0000,    1.0344,   -0.0000,    6.2455
   32.0000,    1.0344,    0.0000,    7.4406
   33.0000,    1.0344,    0.0001,   11.1416
   34.0000,    1.0344,    0.0001,   16.2509
   35.0000,    1.0344,    0.0000,   18.2057
   36.0000,    1.0344,    0.0000,   18.9649
   37.0000,    1.0344,    0.0000,   24.6156
   38.0000,    1.0344,   -0.0000,   29.8359
   39.0000,    1.0344,   -0.0000,   32.2211
   40.0000,    1.0344,   -0.0000,   34.2599
   41.0000,    1.0344,   -0.0001,   29.9548
   42.0000,    1.0344,   -0.0001,   24.4088
   43.0000,    1.0344,   -0.0001,   21.2853
   44.0000,    1.0344,   -0.0001,   16.3891
   45.0000,    1.0344,   -0.0001,   10.8813
   46.0000,    1.0344,   -0.0000,    7.2724
   47.0000,    1.0344,   -0.0000,    4.5205
   48.0000,    1.0344,   -0.0000,    2.5169
   49.0000,    1.0344,    0.0000,   -0.5528
   50.0000,    1.0344,    0.0000,   -2.2834
   51.0000,    1.0344,    0.0000,   -3.1646
   52.0000,    1.0344,    0.0000,   -3.6180
   53.0000,    1.0344,    0.0000,    0.4596
   54.0000,    1.0344,    0.0000,    2.7907
   55.0000,    1.0344,    0.0000,    3.4810
   56.0000,    1.0344,    0.0000,    3.8363
   57.0000,    1.0344,    0.0000,    6.5477
   58.0000,    1.0344,    0.0000,    8.5897
   59.0000,    1.0344,    0.0000,   11.9502
   60.0000,    1.0344,    0.0000,   15.2975
   61.0000,    1.0344,    0.0001,   20.7461
   62.0000,    1.0344,   -0.0000,   30.8653
   63.0000,    1.0344,   -0.0000,   33.3738
   64.0000,    1.0344,   -0.0000,   34.6318
   65.0000,    1.0344,   -0.0000,   30.6498
   66.0000,    1.0344,   -0.0001,   27.2740
   67.0000,    1.0344,   -0.0002,   21.1184
   68.0000,    1.0344,   -0.0001,   15.5733
   69.0000,    1.0344,   -0.0001,   12.7677
   70.0000,    1.0344,   -0.0000,   10.7136
   71.0000,    1.0344,   -0.0000,    9.8399
   72.0000,    1.0344,   -0.0000,    7.0778
   73.0000,    1.0344,    0.0000,    7.1255
   74.0000,    1.0344,   -0.0000,    6.0943
   75.0000,    1.0344,   -0.0000,    5.5237
   76.0000,    1.0344,    0.0000,    5.4737
   77.0000,    1.0344,    0.0000,    5.4462
   78.0000,    1.0344,    0.0000,    6.0910
   79.0000,    1.0344,   -0.0000,    3.6908
   80.0000,    1.0344,   -0.0000,    0.1959
   81.0000,    1.0344,    0.0000,    2.3608
   82.0000,    1.0344,    0.0000,    4.4205
   83.0000,    1.0344,    0.0000,    5.7682
   84.0000,    1.0344,    0.0000,    6.5273
   85.0000,    1.0344,    0.0000,    7.2105
   86.0000,    1.0344,    0.0000,    7.5002
   87.0000,    1.0344,   -0.0000,    5.7388
   88.0000,    1.0344,    0.0000,   14.5885
   89.0000,    1.0344,    0.0000,   16.3603
   90.0000,    1.0344,   -0.0000,   15.8532
   91.0000,    1.0344,   -0.0001,   12.9948
   92.0000,    1.0344,   -0.0000,   11.4994
   93.0000,    1.0344,    0.0000,   13.1783
   94.0000,    1.0344,    0.0000,   23.4764
   95.0000,    1.0344,   -0.0000,   22.9129
   96.0000,    1.0344,    0.0000,   23.2353
   97.0000,    1.0344,    0.0000,   24.0921
   98.0000,    1.0344,    0.0000,   24.9751
   99.0000,    1.0344,    0.0000,   25.1068
  100.0000,    1.0344,   -0.0001,   21.6552
  101.0000,    1.0344,   -0.0001,   17.2891
  102.0000,    1.0344,   -0.0001,   12.0627
  103.0000,    1.0344,   -0.0000,   11.0256
  104.0000,    1.0344,    0.0000,   11.2252
  105.0000,    1.0344,   -0.0000,   10.4787
  106.0000,    1.0344,    0.0001,   13.1301
  107.0000,    1.0344,    0.0000,   15.0839
  108.0000,    1.0344,   -0.0000,   14.2834
  109.0000,    1.0344,    0.0000,   14.4867
  110.0000,    1.0344,   -0.0000,   13.6379
  111.0000,    1.0344,    0.0000,   14.9024
  112.0000,    1.0344,    0.0000,   15.3232
  113.0000,    1.0344,   -0.0000,   14.6750
  114.0000,    1.0344,    0.0000,   16.0266
  115.0000,    1.0344,    0.0001,   20.0516
  116.0000,    1.0344,    0.0000,   21.8682
  117.0000,    1.0344,    0.0000,   22.3443
  118.0000,    1.0344,    0.0000,   23.6525
  119.0000,    1.0344,    0.0000,   25.6668
  120.0000,    1.0344,   -0.0000,   37.1235
  121.0000,    1.0344,   -0.0000,   39.5882
  122.0000,    1.0344,    0.0000,   38.2070
  123.0000,    1.0344,   -0.0000,   35.7280
  124.0000,    1.0344,   -0.0000,   33.3160
  125.0000,    1.0344,   -0.0000,   30.8622
  126.0000,    1.0344,   -0.0001,   27.5471
  127.0000,    1.0344,   -0.0001,   23.8582
  128.0000,    1.0344,   -0.0000,   14.9124
  129.0000,    1.0344,   -0.0001,    9.9601
  130.0000,    1.0344,   -0.0000,    6.6385
  131.0000,    1.0344,   -0.0000,    5.2120
  132.0000,    1.0344,   -0.0000,    4.6767
  133.0000,    1.0344,    0.0000,    4.7195
  134.0000,    1.0344,    0.0000,    8.2210
  135.0000,    1.0344,    0.0001,   14.1190
  136.0000,    1.0344,    0.0000,   17.0701
  137.0000,    1.0344,    0.0000,   17.8334
  138.0000,    1.0344,   -0.0000,   17.8798
  139.0000,    1.0344,    0.0001,   22.6894
  140.0000,    1.0344,    0.0000,   24.7075
  141.0000,    1.0344,   -0.0001,   22.1127
  142.0000,    1.0344,    0.0000,   22.0436
  143.0000,    1.0344,   -0.0000,   32.2336
  144.0000,    1.0344,   -0.0000,   35.2900
  145.0000,    1.0344,   -0.0000,   37.5699
  146.0000,    1.0344,    0.0000,   37.2033
  147.0000,    1.0344,    0.0000,   36.3605
  148.0000,    1.0344,   -0.0000,   32.4547
  149.0000,    1.0344,   -0.0000,   29.6557
  150.0000,    1.0344,   -0.0000,   29.1050
  151.0000,    1.0344,   -0.0000,   31.6578
  152.0000,    1.0344,    0.0000,   31.6346
  153.0000,    1.0344,   -0.0000,   31.4719
  154.0000,    1.0344,   -0.0000,   29.7850
  155.0000,    1.0344,   -0.0000,   27.4086
  156.0000,    1.0344,   -0.0000,   26.6423
  157.0000,    1.0344,   -0.0000,   24.0983
  158.0000,    1.0344,   -0.0000,   23.4982
  159.0000,    1.0344,   -0.0000,   22.8916
  160.0000,    1.0344,    0.0000,   23.0849
  161.0000,    1.0344,   -0.0000,   21.1676
  162.0000,    1.0344,   -0.0001,   18.2595
  163.0000,    1.0344,    0.0000,   19.5912
  164.0000,    1.0344,    0.0001,   24.9168
  165.0000,    1.0344,    0.0000,   26.7649
  166.0000,    1.0344,    0.0000,   28.7629
  167.0000,    1.0344,   -0.0000,   28.7463
  168.0000,    1.0344,   -0.0001,   25.4896
  169.0000,    1.0344,   -0.0001,   21.7524
  170.0000,    1.0344,   -0.0000,   19.9133
  171.0000,    1.0344,    0.0000,   24.1846
  172.0000,    1.0344,    0.0000,   25.5240
  173.0000,    1.0344,    0.0000,   26.4350
  174.0000,    1.0344,    0.0000,   27.0608
  175.0000,    1.0344,    0.0000,   27.7118
  176.0000,    1.0344,   -0.0000,   32.1530
  177.0000,    1.0344,    0.0000,   32.8598
  178.0000,    1.0344,   -0.0000,   32.0119
  179.0000,    1.0344,   -0.0001,   37.8918
  180.0000,    1.0344,   -0.0001,   40.8835
  181.0000,    1.0344,   -0.0000,   41.3228
  182.0000,    1.0344,    0.0000,   39.0006
  183.0000,    1.0344,   -0.0000,   39.4887
  184.0000,    1.0344,   -0.0000,   39.8337
  185.0000,    1.0344,    0.0000,   37.1952
  186.0000,    1.0344,   -0.0001,   32.1140
  187.0000,    1.0344,   -0.0001,   27.6514
  188.0000,    1.0344,   -0.0001,   22.5615
  189.0000,    1.0344,   -0.0001,   17.8050
  190.0000,    1.0344,   -0.0000,   17.1093
  191.0000,    1.0344,    0.0001,   21.2462
  192.0000,    1.0344,    0.0000,   22.8045
  193.0000,    1.0344,    0.0000,   23.0753
  194.0000,    1.0344,   -0.0001,   19.1502
  195.0000,    1.0344,   -0.0000,   16.9450
  196.0000,    1.0344,    0.0000,   18.9640
  197.0000,    1.0344,    0.0000,   28.4717
  198.0000,    1.0344,    0.0000,   29.4871
  199.0000,    1.0344,    0.0000,   31.4177
  200.0000,    1.0344,   -0.0000,   33.3486
  201.0000,    1.0344,   -0.0000,   33.9629
  202.0000,    1.0344,   -0.0000,   34.5205
  203.0000,    1.0344,   -0.0001,   30.2268
  204.0000,    1.0344,   -0.0000,   29.9986
  205.0000,    1.0344,   -0.0000,   28.4488
  206.0000,    1.0344,   -0.0001,   24.6351
  207.0000,    1.0344,   -0.0000,   22.3069
  208.0000,    1.0344,   -0.0001,   19.5817
  209.0000,    1.0344,   -0.0000,   18.8055
  210.0000,    1.0344,   -0.0001,   15.7176
  211.0000,    1.0344,   -0.0001,   10.9791
  212.0000,    1.0344,   -0.0001,    6.8579
  213.0000,    1.0344,   -0.0000,    4.3030
  214.0000,    1.0344,   -0.0000,    3.4670
  215.0000,    1.0344,    0.0000,    3.5429
  216.0000,    1.0344,    0.0000,    3.9798
  217.0000,    1.0344,    0.0001,    8.2260
  218.0000,    1.0344,    0.0001,   13.2038
  219.0000,    1.0344,    0.0001,   16.5335
  220.0000,    1.0344,    0.0000,   17.1608
  221.0000,    1.0344,   -0.0000,   16.8545
  222.0000,    1.0344,   -0.0000,   16.4623
  223.0000,    1.0344,   -0.0001,   13.5590
  224.0000,    1.0344,    0.0000,   15.4177
  225.0000,    1.0344,   -0.0000,   15.5227
  226.0000,    1.0344,   -0.0000,   15.0492
  227.0000,    1.0344,    0.0000,   16.1937
  228.0000,    1.0344,   -0.0000,   14.8463
  229.0000,    1.0344,   -0.0000,   13.1792
  230.0000,    1.0344,   -0.0000,    4.8132
  231.0000,    1.0344,   -0.0000,    2.6373
  232.0000,    1.0344,    0.0000,    4.7523
  233.0000,    1.0344,    0.0000,    6.0315
  234.0000,    1.0344,    0.0000,    6.6906
  235.0000,    1.0344,   -0.0000,    4.5537
  236.0000,    1.0344,   -0.0000,    2.6274
  237.0000,    1.0344,    0.0000,    4.2873
  238.0000,    1.0344,    0.0001,    8.4487
  239.0000,    1.0344,   -0.0000,    8.0591
  240.0000,    1.0344,   -0.0000,    6.0456
  241.0000,    1.0344,   -0.0000,    3.9746
  242.0000,    1.0344,   -0.0000,    2.3206
  243.0000,    1.0344,    0.0000,   -0.2818
  244.0000,    1.0344,    0.0000,    1.7362
  245.0000,    1.0344,    0.0000,    1.6712
  246.0000,    1.0344,    0.0000,    2.3247
  247.0000,    1.0344,    0.0000,    2.3819
  248.0000,    1.0344,   -0.0000,    0.4130
  249.0000,    1.0344,    0.0000,   -0.7315
  250.0000,    1.0344,    0.0000,   -1.4135
  251.0000,    1.0344,   -0.0000,   -1.0371
  252.0000,    1.0344,   -0.0000,   -0.3720
  253.0000,    1.0344,    0.0000,   -0.8766
  254.0000,    1.0344,    0.0000,   -0.7969
  255.0000,    1.0344,    0.0000,    5.2919
  256.0000,    1.0344,    0.0001,    9.6094
  257.0000,    1.0344,    0.0000,   19.5877
  258.0000,    1.0344,    0.0000,   20.8517
  259.0000,    1.0344,    0.0000,   21.7052
  260.0000,    1.0344,   -0.0000,   21.2780
  261.0000,    1.0344,   -0.0000,   20.3219
  262.0000,    1.0344,   -0.0001,   15.0178
  263.0000,    1.0344,   -0.0001,    9.4331
  264.0000,    1.0344,   -0.0000,    7.1417
  265.0000,    1.0344,   -0.0000,    5.2256
  266.0000,    1.0344,    0.0000,    7.0327
  267.0000,    1.0344,    0.0000,    8.3214
  268.0000,    1.0344,   -0.0000,    7.2406
  269.0000,    1.0344,   -0.0000,    3.0940
  270.0000,    1.0313,    0.0000,    2.6093
  271.0000,    1.0313,    0.0000,    2.2290
  272.0000,    1.0313,    0.0000,    3.8616
  273.0000,    1.0313,    0.0000,    4.7542
  274.0000,    1.0313,    0.0000,    5.8137
  275.0000,    1.0313,    0.0000,    6.1051
  276.0000,    1.0313,   -0.0000,    5.7326
  277.0000,    1.0313,    0.0001,    9.1241
  278.0000,    1.0313,    0.0001,   11.6505
  279.0000,    1.0313,    0.0001,   15.7146
  280.0000,    1.0313,    0.0000,   16.5768
  281.0000,    1.0313,   -0.0001,   14.3281
  282.0000,    1.0313,   -0.0001,   11.8311
  283.0000,    1.0313,   -0.0001,    8.7491
  284.0000,    1.0313,    0.0001,   11.7777
  285.0000,    1.0313,    0.0001,   15.5040
  286.0000,    1.0313,    0.0001,   17.8102
  287.0000,    1.0313,    0.0001,   20.7192
  288.0000,    1.0313,    0.0000,   21.5073
  289.0000,    1.0313,   -0.0001,   17.8561
  290.0000,    1.0313,   -0.0001,   13.0775
  291.0000,    1.0313,   -0.0001,    7.7565
  292.0000,    1.0313,   -0.0000,    3.3100
  293.0000,    1.0313,   -0.0000,    1.2153
  294.0000,    1.0313,    0.0000,   -0.4845
  295.0000,    1.0313,    0.0000,   -1.5506
  296.0000,    1.0313,   -0.0000,   -1.7144
  297.0000,    1.0313,    0.0000,    1.3080
  298.0000,    1.0313,    0.0000,    3.2735
  299.0000,    1.0313,    0.0000,    3.7633
  300.0000,    1.0313,    0.0000,    6.2391
  301.0000,    1.0313,    0.0001,    9.2055
  302.0000,    1.0313,   -0.0000,    8.2538
  303.0000,    1.0313,   -0.0000,    6.1689
  304.0000,    1.0313,    0.0001,    9.2848
  305.0000,    1.0313,    0.0000,    9.7579
  306.0000,    1.0313,    0.0000,   10.1507
  307.0000,    1.0313,    0.0001,   12.5591
  308.0000,    1.0313,    0.0000,   13.0198
  309.0000,    1.0313,   -0.0001,   10.5660
  310.0000,    1.0313,   -0.0001,    7.9039
  311.0000,    1.0313,   -0.0000,    5.5473
  312.0000,    1.0313,   -0.0000,    4.3255
  313.0000,    1.0313,    0.0000,    4.4647
  314.0000,    1.0313,    0.0000,    5.3131
  315.0000,    1.0313,    0.0000,    6.7504
  316.0000,    1.0313,    0.0000,    7.3463
  317.0000,    1.0313,    0.0001,   10.2908
  318.0000,    1.0313,    0.0000,   11.5863
  319.0000,    1.0313,   -0.0000,   11.0483
  320.0000,    1.0313,   -0.0001,    6.3347
  321.0000,    1.0313,   -0.0000,    5.6850
  322.0000,    1.0313,    0.0000,    5.8892
  323.0000,    1.0313,   -0.0000,    5.6897
  324.0000,    1.0313,    0.0000,    7.9342
  325.0000,    1.0313,    0.0001,   10.6886
  326.0000,    1.0313,    0.0000,   12.4962
  327.0000,    1.0313,   -0.0000,   11.6010
  328.0000,    1.0313,   -0.0000,   10.8568
  329.0000,    1.0313,   28.4200,   -1.0862
  330.0000,    1.0281,   29.3461,   -0.2698
  331.0000,    1.0281,   30.6211,    0.4287
  332.0000,    1.0281,   31.7289,    1.5620
  333.0000,    1.0281,   32.9072,    4.3502
  334.0000,    1.0281,   35.0694,    5.4409
  335.0000,    1.0281,   37.1472,    6.1422
  336.0000,    1.0281,   39.8181,    2.1500
  337.0000,    1.0281,   40.4952,   -2.3654
  338.0000,    1.0281,    0.0001,    7.9771
  339.0000,    1.0281,   31.1267,   -1.4591
  340.0000,    1.0281,   31.6584,   -2.1032
  341.0000,    1.0281,    0.0001,    8.4296
  342.0000,    1.0281,   43.8063,   -3.9261
  343.0000,    1.0281,   44.8688,   -3.6728
  344.0000,    1.0281,   46.1923,    0.5569
  345.0000,    1.0281,   43.8199,    4.9620
  346.0000,    1.0281,   42.5610,    6.3090
  347.0000,    1.0281,    0.0002,   19.5596
  348.0000,    1.0281,    0.0001,   22.4028
  349.0000,    1.0281,   -0.0002,   18.2434
  350.0000,    1.0281,   43.1725,    5.7909
  351.0000,    1.0281,   43.1939,    3.7756
  352.0000,    1.0281,   43.6541,    1.2118
  353.0000,    1.0281,    0.0001,   10.0011
  354.0000,    1.0281,    0.0000,    9.8832
  355.0000,    1.0281,   31.1811,   -0.2772
  356.0000,    1.0281,   45.7624,   -4.4875
  357.0000,    1.0281,   46.7580,   -5.2064
  358.0000,    1.0281,   47.8131,   -4.5213
  359.0000,    1.0281,   49.4360,   -4.7004
  360.0000,    1.0281,   51.2547,   -5.8133
  361.0000,    1.0281,   51.9760,   -6.4090
  362.0000,    1.0281,   53.0823,   -6.8334
  363.0000,    1.0281,   54.1181,   -6.6084
  364.0000,    1.0281,   52.0420,    2.7239
  365.0000,    1.0281,   55.4734,   12.7375
  366.0000,    1.0281,   55.7916,   11.2827
  367.0000,    1.0281,   55.6177,   10.1884
  368.0000,    1.0281,   55.0010,    7.7098
  369.0000,    1.0281,   41.3871,    3.7525
  370.0000,    1.0281,   55.1414,   -2.2214
  371.0000,    1.0281,   54.1176,   -4.8670
  372.0000,    1.0281,   53.3232,   -3.9690
  373.0000,    1.0281,   50.6380,   -3.5749
  374.0000,    1.0281,   55.9129,   -5.3250
  375.0000,    1.0281,   56.0658,   -6.4805
  376.0000,    1.0281,   55.4885,   -6.6902
  377.0000,    1.0281,   55.9534,   -5.5611
  378.0000,    1.0281,   56.1821,   -5.9658
  379.0000,    1.0281,   57.8032,   -7.8213
  380.0000,    1.0281,   60.5957,   -8.0841
  381.0000,    1.0250,   62.1790,   -5.7478
  382.0000,    1.0250,   64.1142,   -1.7699
  383.0000,    1.0250,   65.8139,    0.7322
  384.0000,    1.0250,   66.9195,    4.1781
  385.0000,    1.0250,   65.5992,    6.1744
  386.0000,    1.0250,   54.7644,    7.3207
  387.0000,    1.0250,   49.4674,    8.7754
  388.0000,    1.0250,   66.6050,    6.7210
  389.0000,    1.0250,   51.4604,    6.3365
  390.0000,    1.0250,   52.5335,    4.8830
  391.0000,    1.0250,   70.1919,    0.3089
  392.0000,    1.0250,   69.8776,   -0.1437
  393.0000,    1.0250,   69.0740,   -1.0789
  394.0000,    1.0250,   68.7479,   -2.5300
  395.0000,    1.0250,   68.9409,    1.1398
  396.0000,    1.0250,   69.4402,    2.3749
  397.0000,    1.0250,   69.1985,    3.1968
  398.0000,    1.0250,   69.6295,    2.6572
  399.0000,    1.0250,   71.3724,    3.1821
  400.0000,    1.0250,   72.5164,    5.5676
  401.0000,    1.0250,   73.9288,    5.9784
  402.0000,    1.0250,   75.2456,    4.2146
  403.0000,    1.0250,   75.2081,    2.4789
  404.0000,    1.0250,   76.0932,    3.3394
  405.0000,    1.0250,   76.3525,    5.2528
  406.0000,    1.0250,   79.2230,    5.4670
  407.0000,    1.0250,   80.8479,    6.6888
  408.0000,    1.0250,   49.9398,   12.3903
  409.0000,    1.0250,   51.7620,   10.0911
  410.0000,    1.0250,   78.6873,   -2.6275
  411.0000,    1.0250,   87.3113,   -6.5958
  412.0000,    1.0250,   87.4876,   -8.7593
  413.0000,    1.0250,   82.9655,   -5.2867
  414.0000,    1.0250,   87.3477,   -5.0375
  415.0000,    1.0250,   88.0137,   -5.9018
  416.0000,    1.0250,   88.4574,   -7.4517
  417.0000,    1.0250,   88.2242,  -10.2112
  418.0000,    1.0219,   88.6899,   -8.1675
  419.0000,    1.0219,   88.8902,   -6.8958
  420.0000,    1.0219,   89.9188,   -5.6164
  421.0000,    1.0219,   92.4429,   -6.1871
  422.0000,    1.0219,   92.7556,   -2.7240
  423.0000,    1.0219,   89.4027,   -1.1525
  424.0000,    1.0219,   87.1422,    1.2038
  425.0000,    1.0219,   86.4341,    4.2084
  426.0000,    1.0219,   86.7729,    4.4780
  427.0000,    1.0219,   87.8920,    5.2375
  428.0000,    1.0219,   89.8759,    5.7465
  429.0000,    1.0219,   93.1908,   16.3597
  430.0000,    1.0219,   98.7038,   15.8618
  431.0000,    1.0219,  103.5634,   13.4619
  432.0000,    1.0219,   69.8744,   18.8186
  433.0000,    1.0219,   82.9454,   17.5905
  434.0000,    1.0219,   59.9375,   21.1564
  435.0000,    1.0219,   72.6114,   16.7376
  436.0000,    1.0219,   65.8680,   18.4068
  437.0000,    1.0219,   73.1519,   15.2886
  438.0000,    1.0219,   68.1740,   17.5741
  439.0000,    1.0219,   69.6121,   17.7396
  440.0000,    1.0219,   40.6969,   26.2923
  441.0000,    1.0219,   73.1234,   17.6869
  442.0000,    1.0219,   71.5572,   17.1897
  443.0000,    1.0219,  112.2806,    5.5999
  444.0000,    1.0219,  108.2847,    3.3026
  445.0000,    1.0219,  101.7505,    7.6720
  446.0000,    1.0219,  117.4178,    4.7768
  447.0000,    1.0219,  114.5532,    3.8509
  448.0000,    1.0219,   76.7130,   13.9969
  449.0000,    1.0219,   72.2810,   15.2500
  450.0000,    1.0219,   99.8186,    4.9309
  451.0000,    1.0219,  121.2181,    0.1521
  452.0000,    1.0219,   85.5125,    4.0977
  453.0000,    1.0219,  121.3332,   -5.9645
  454.0000,    1.0219,   78.8958,   -0.5127
  455.0000,    1.0219,   79.4203,    1.6046
  456.0000,    1.0219,  120.6161,  -10.4871
  457.0000,    1.0219,   99.1921,   -9.2387
  458.0000,    1.0219,   96.1172,   -8.1000
  459.0000,    1.0219,  112.6230,   -9.7419
  460.0000,    1.0219,   65.9584,    6.9888
  461.0000,    1.0219,   88.8857,   10.2835
  462.0000,    1.0219,  138.0029,   -1.3051
  463.0000,    1.0219,   92.3296,    4.4462
  464.0000,    1.0219,  101.2095,    5.5314
  465.0000,    1.0219,   72.2458,   19.6863
  466.0000,    1.0219,  103.5695,   15.4824
  467.0000,    1.0219,   90.5022,   16.8432
  468.0000,    1.0219,   97.5108,   16.6332
  469.0000,    1.0219,   84.7694,   17.8215
  470.0000,    1.0219,   41.6107,   29.3748
  471.0000,    1.0219,   45.5186,   28.5039
  472.0000,    1.0219,  105.0160,    9.2598
  473.0000,    1.0219,  112.3093,   -0.3910
  474.0000,    1.0219,   56.4422,   14.4220
  475.0000,    1.0219,  109.0419,    4.4898
  476.0000,    1.0219,  106.2341,    2.5838
  477.0000,    1.0219,   83.4239,    6.2151
  478.0000,    1.0219,   40.8299,   21.8582
  479.0000,    1.0219,   42.8663,   21.8175
  480.0000,    1.0219,   45.9147,   20.0816
  481.0000,    1.0219,   92.0310,    5.0435
  482.0000,    1.0219,   79.1667,    3.2402
  483.0000,    1.0219,  103.2709,   -5.6637
  484.0000,    1.0187,  148.3889,   -8.9310
  485.0000,    1.0187,   92.0849,   14.8447
  486.0000,    1.0187,  121.8073,   11.9044
  487.0000,    1.0187,  141.4382,    6.9597
  488.0000,    1.0187,  151.2642,    4.1023
  489.0000,    1.0187,   94.1325,   22.1949
  490.0000,    1.0187,   70.5635,   37.0769
  491.0000,    1.0219,   52.3199,   43.5224
  492.0000,    1.0219,   46.1726,   44.2980
  493.0000,    1.0219,   39.8712,   44.0778
  494.0000,    1.0219,   35.9632,   34.6863
  495.0000,    1.0219,   34.6021,   29.6566
  496.0000,    1.0219,   31.6077,   26.3999
  497.0000,    1.0219,   29.5692,   24.5341
  498.0000,    1.0219,   29.3765,   23.3456
  499.0000,    1.0219,   95.4082,   -0.7716
  500.0000,    1.0219,  128.0319,  -10.5341
  501.0000,    1.0187,  161.3217,  -13.4327
  502.0000,    1.0187,  160.8863,  -12.7039
  503.0000,    1.0187,  157.6575,  -10.4829
  504.0000,    1.0187,  164.9069,   -9.3938
  505.0000,    1.0187,  161.6946,   -7.7568
  506.0000,    1.0187,  161.6393,   -7.1184
  507.0000,    1.0187,  167.8612,   -7.8883
  508.0000,    1.0187,  170.4456,   -4.6378
  509.0000,    1.0187,  174.3358,   -3.5756
  510.0000,    1.0187,  181.5521,   -3.2397
  511.0000,    1.0187,  182.5085,   -4.4035
  512.0000,    1.0187,  186.3436,   -4.4969
  513.0000,    1.0187,  196.5005,   -3.0384
  514.0000,    1.0187,  134.7209,   19.8519
  515.0000,    1.0219,   69.6632,   42.8976
  516.0000,    1.0250,   61.9222,   42.0907
  517.0000,    1.0250,   93.4877,   28.5500
  518.0000,    1.0250,   49.7401,   30.2063
  519.0000,    1.0250,   44.9073,   20.7457
  520.0000,    1.0250,   41.3571,   18.6896
  521.0000,    1.0250,   38.4625,   17.1126
  522.0000,    1.0250,   38.2287,   17.0436
  523.0000,    1.0250,   44.0776,   12.5404
  524.0000,    1.0250,   54.1553,    8.0778
  525.0000,    1.0187,  140.0874,  -13.3888
  526.0000,    1.0187,   49.0143,   16.2371
  527.0000,    1.0187,   46.8590,   17.7487
  528.0000,    1.0187,   47.4675,   19.1087
  529.0000,    1.0187,   41.4844,   23.1157
  530.0000,    1.0187,   37.7956,   26.3697
  531.0000,    1.0187,   40.4939,   36.8114
  532.0000,    1.0219,   52.1621,   36.4634
  533.0000,    1.0219,  140.2168,    8.9648
  534.0000,    1.0219,  116.9596,   14.7891
  535.0000,    1.0219,  198.8988,   -5.1642
  536.0000,    1.0219,  187.2007,   -5.1908
  537.0000,    1.0219,  154.7675,   -0.0490
  538.0000,    1.0219,  136.6955,   10.9427
  539.0000,    1.0219,  152.5102,   10.6845
  540.0000,    1.0219,  171.5337,    6.4252
  541.0000,    1.0219,  169.2304,    3.5484
  542.0000,    1.0219,  140.5515,    3.7227
  543.0000,    1.0219,  126.2500,    2.9506
  544.0000,    1.0187,  186.0393,  -12.6213
  545.0000,    1.0187,  192.5691,  -12.4028
  546.0000,    1.0187,  110.3267,    7.4271
  547.0000,    1.0187,  138.3765,    4.9715
  548.0000,    1.0156,  219.9673,  -13.3438
  549.0000,    1.0156,  220.8346,  -13.8971
  550.0000,    1.0156,  137.4525,    4.9096
  551.0000,    1.0156,   85.2370,   25.0668
  552.0000,    1.0156,   82.8336,   26.3585
  553.0000,    1.0156,  138.8443,    9.8859
  554.0000,    1.0156,  140.7403,    8.5384
  555.0000,    1.0156,  182.1580,   -2.8750
  556.0000,    1.0156,  175.3019,   -3.9220
  557.0000,    1.0156,  201.1226,   -6.6360
  558.0000,    1.0156,  172.2930,    2.1603
  559.0000,    1.0156,  176.8568,    3.8188
  560.0000,    1.0156,  175.0285,   11.9683
  561.0000,    1.0156,  183.7583,   11.8620
  562.0000,    1.0156,  144.5698,   24.1948
  563.0000,    1.0187,   91.9054,   39.0512
  564.0000,    1.0187,  137.1543,   30.4055
  565.0000,    1.0219,   75.7487,   46.7050
  566.0000,    1.0219,   73.7643,   43.3688
  567.0000,    1.0219,   71.5792,   40.8518
  568.0000,    1.0219,   70.7151,   37.0850
  569.0000,    1.0219,   79.9624,   31.0205
  570.0000,    1.0219,   92.5410,   21.9116
  571.0000,    1.0219,   85.6855,   21.6409
  572.0000,    1.0219,   86.5949,   22.9453
  573.0000,    1.0219,   93.8021,   21.4369
  574.0000,    1.0219,   99.9181,   19.6778
  575.0000,    1.0219,  123.6919,    9.6964
  576.0000,    1.0187,  185.4505,   -5.7366
  577.0000,    1.0187,  203.0418,   -5.4353
  578.0000,    1.0187,   83.4484,   29.6873
  579.0000,    1.0187,   76.4218,   33.0513
  580.0000,    1.0187,   76.8596,   35.6588
  581.0000,    1.0187,   89.3967,   34.2897
  582.0000,    1.0219,   69.0304,   35.5632
  583.0000,    1.0219,   66.4832,   40.4056
  584.0000,    1.0250,   65.8941,   48.4872
  585.0000,    1.0250,   65.2504,   45.3747
  586.0000,    1.0250,   65.8839,   42.4700
  587.0000,    1.0250,   69.0817,   40.2792
  588.0000,    1.0250,   86.5384,   34.9378
  589.0000,    1.0250,   78.9141,   32.2077
  590.0000,    1.0250,   61.3253,   33.9316
  591.0000,    1.0250,   58.1935,   31.2732
  592.0000,    1.0250,   57.2644,   26.9455
  593.0000,    1.0250,   59.5212,   23.2530
  594.0000,    1.0250,   62.8099,   20.4302
  595.0000,    1.0250,   67.2573,   20.1527
  596.0000,    1.0250,   80.4958,   16.6027
  597.0000,    1.0250,   61.6761,   18.2358
  598.0000,    1.0250,   67.0758,   20.2706
  599.0000,    1.0219,  168.4592,   -1.2391
  600.0000,    1.0219,  152.9377,    3.3581
  601.0000,    1.0219,   90.6728,   28.5521
  602.0000,    1.0219,  188.1495,    1.3813
  603.0000,    1.0219,  177.8455,    1.3319
  604.0000,    1.0219,  195.6340,   -0.7355
  605.0000,    1.0219,  208.2021,   -1.1213
  606.0000,    1.0219,  216.4266,   -0.0257
  607.0000,    1.0219,  154.7125,   12.7744
  608.0000,    1.0219,   74.5659,   39.3964
  609.0000,    1.0219,  174.1226,   10.9331
  610.0000,    1.0219,  195.5560,    5.8324
  611.0000,    1.0219,  192.5404,    1.8398
  612.0000,    1.0219,  161.0480,   11.9972
  613.0000,    1.0219,  127.3167,   17.5364
  614.0000,    1.0219,   80.3320,   33.3642
  615.0000,    1.0219,  170.3277,    2.4893
  616.0000,    1.0219,  162.4215,    2.0119
  617.0000,    1.0219,   79.0232,   20.7944
  618.0000,    1.0219,   85.1775,   21.3000
  619.0000,    1.0219,  184.5850,   -5.5390
  620.0000,    1.0219,  105.2215,   17.9027
  621.0000,    1.0219,   85.0077,   28.8759
  622.0000,    1.0219,   88.4270,   27.5688
  623.0000,    1.0219,  178.2192,   -0.9342
  624.0000,    1.0219,  157.2880,    4.5167
  625.0000,    1.0219,   76.5057,   31.6725
  626.0000,    1.0219,   70.6517,   40.6234
  627.0000,    1.0219,   68.9563,   41.8262
  628.0000,    1.0219,   70.8895,   40.1551
  629.0000,    1.0219,   77.1877,   39.5837
  630.0000,    1.0219,   94.3660,   36.9205
  631.0000,    1.0219,   96.6815,   35.1756
  632.0000,    1.0219,   86.9201,   36.4331
  633.0000,    1.0219,   75.7437,   36.7994
  634.0000,    1.0219,   69.7739,   33.5331
  635.0000,    1.0219,   71.4657,   30.0528
  636.0000,    1.0219,   82.4384,   25.3459
  637.0000,    1.0219,   80.1138,   23.5295
  638.0000,    1.0219,   83.3814,   25.2145
  639.0000,    1.0219,   84.4038,   28.5492
  640.0000,    1.0219,   78.4551,   30.8932
  641.0000,    1.0219,   70.9683,   33.3639
  642.0000,    1.0219,   71.4163,   36.4023
  643.0000,    1.0219,   77.9811,   35.9105
  644.0000,    1.0219,   79.0547,   35.0140
  645.0000,    1.0219,   81.1761,   31.9281
  646.0000,    1.0219,   81.2274,   31.1973
  647.0000,    1.0219,   81.3828,   34.4816
  648.0000,    1.0219,   87.3641,   36.6600
  649.0000,    1.0219,  145.9508,   18.9044
  650.0000,    1.0187,  228.1323,    3.5793
  651.0000,    1.0187,  237.7276,    2.4857
  652.0000,    1.0187,  214.0779,    4.1949
  653.0000,    1.0187,  111.9691,   31.3076
  654.0000,    1.0187,  195.7453,    7.5434
  655.0000,    1.0187,  122.4084,   20.9487
  656.0000,    1.0187,  206.9877,   -3.1352
  657.0000,    1.0156,  246.8753,  -11.1852
  658.0000,    1.0156,  238.6336,  -10.0331
  659.0000,    1.0156,  213.9884,   -6.6806
  660.0000,    1.0156,  129.7496,   21.0187
  661.0000,    1.0156,  230.7290,   -3.4237
  662.0000,    1.0156,  200.1410,   -1.5620
  663.0000,    1.0187,   85.4150,   32.0090
  664.0000,    1.0187,   73.0514,   34.7653
  665.0000,    1.0219,   81.1124,   36.5598
  666.0000,    1.0219,  109.4096,   31.3405
  667.0000,    1.0219,  181.0781,   18.1506
  668.0000,    1.0219,  226.3559,    4.6728
  669.0000,    1.0187,  250.0016,   -3.6845
  670.0000,    1.0187,  133.0569,   29.2943
  671.0000,    1.0187,  122.3003,   32.8970
  672.0000,    1.0187,  193.8308,   13.9079
  673.0000,    1.0187,  234.7541,    3.9609
  674.0000,    1.0187,  225.7222,    3.3161
  675.0000,    1.0187,  145.0205,   27.0920
  676.0000,    1.0187,  239.4332,    3.1045
  677.0000,    1.0187,  248.9794,    0.9858
  678.0000,    1.0187,  220.9213,    2.2357
  679.0000,    1.0187,  235.8773,   -5.0369
  680.0000,    1.0187,  188.8897,   -3.9015
  681.0000,    1.0187,  106.7302,   16.5023
  682.0000,    1.0187,  185.6339,    4.6708
  683.0000,    1.0187,  170.7645,    6.5049
  684.0000,    1.0187,  166.4823,    8.9396
  685.0000,    1.0187,  219.7592,   -1.2898
  686.0000,    1.0187,  217.9873,   -2.5680
  687.0000,    1.0187,  151.2855,   13.2894
  688.0000,    1.0187,  220.5048,    0.6985
  689.0000,    1.0187,  236.7310,    2.0696
  690.0000,    1.0187,  198.7902,   22.0257
  691.0000,    1.0187,  187.8635,   25.1867
  692.0000,    1.0187,  236.3811,   15.7266
  693.0000,    1.0187,  199.4305,   20.2858
  694.0000,    1.0187,  240.1742,    9.5806
  695.0000,    1.0187,  238.5046,    7.4925
  696.0000,    1.0187,  236.7101,    4.5842
  697.0000,    1.0187,  249.9966,    0.9406
  698.0000,    1.0187,  249.9982,   -1.1320
  699.0000,    1.0187,  246.8756,   -1.7883
  700.0000,    1.0187,  155.1593,   21.7439
  701.0000,    1.0187,  119.2804,   33.0632
  702.0000,    1.0219,  103.0070,   42.0414
  703.0000,    1.0219,  161.8118,   18.6734
  704.0000,    1.0250,   87.4701,   37.1681
  705.0000,    1.0250,   77.8171,   38.7478
  706.0000,    1.0250,  119.8848,   27.1287
  707.0000,    1.0250,   88.8656,   32.9822
  708.0000,    1.0250,  120.5007,   28.3126
  709.0000,    1.0250,   76.4090,   45.1914
  710.0000,    1.0250,   79.9515,   43.9689
  711.0000,    1.0250,   81.7528,   44.5209
  712.0000,    1.0281,   82.5947,   47.1499
  713.0000,    1.0281,   87.9626,   47.3925
  714.0000,    1.0250,  230.7014,    3.1298
  715.0000,    1.0250,  249.9978,    1.0813
  716.0000,    1.0250,  243.4528,   -0.0932
  717.0000,    1.0250,  209.2094,    7.2120
  718.0000,    1.0250,  202.3984,   10.4039
  719.0000,    1.0250,  246.7451,    5.6431
  720.0000,    1.0250,  249.7682,    2.3285
  721.0000,    1.0250,  205.8899,    6.4510
  722.0000,    1.0250,  217.5163,    6.9038
  723.0000,    1.0250,  211.8254,    5.2893
  724.0000,    1.0250,  176.1848,    8.4689
  725.0000,    1.0219,  228.5263,    0.0374
  726.0000,    1.0219,  241.5425,   -2.0660
  727.0000,    1.0187,  250.0018,   -6.4739
  728.0000,    1.0156,  250.0024,   -4.8594
  729.0000,    1.0156,  222.0889,   -0.9364
  730.0000,    1.0156,  247.5939,   -2.5794
  731.0000,    1.0156,  245.0715,   -2.6452
  732.0000,    1.0156,  244.0468,   -0.3260
  733.0000,    1.0156,  210.4402,   17.5460
  734.0000,    1.0156,  209.5480,   24.6222
  735.0000,    1.0156,  224.4108,   22.8669
  736.0000,    1.0156,  224.9604,   21.0482
  737.0000,    1.0156,  221.8117,   24.4792
  738.0000,    1.0219,  173.8122,   37.0760
  739.0000,    1.0219,  167.9876,   37.3841
  740.0000,    1.0313,   65.3495,   54.1767
  741.0000,    1.0313,   94.8524,   43.0731
  742.0000,    1.0313,  128.6299,   32.1832
  743.0000,    1.0281,  235.1917,   -1.6758
  744.0000,    1.0281,  220.3967,   -0.7032
  745.0000,    1.0281,  187.0208,    2.9956
  746.0000,    1.0250,  216.8870,   -6.5716
  747.0000,    1.0219,  250.0019,   -8.8369
  748.0000,    1.0187,  242.9684,   -5.4596
  749.0000,    1.0187,  235.9311,   -3.0223
  750.0000,    1.0187,  231.8468,   -0.8414
  751.0000,    1.0187,  229.9272,   -0.3091
  752.0000,    1.0187,  232.2148,   -1.3592
  753.0000,    1.0187,  239.5643,   -4.6334
  754.0000,    1.0156,  244.8500,   -6.3547
  755.0000,    1.0156,  250.0009,   -5.4653
  756.0000,    1.0156,  246.2521,   -4.7665
  757.0000,    1.0156,  250.0015,   -2.8066
  758.0000,    1.0156,  183.3219,   24.8496
  759.0000,    1.0219,  109.5528,   43.0919
  760.0000,    1.0219,  112.4047,   39.1255
  761.0000,    1.0219,  205.4211,    9.3145
  762.0000,    1.0219,  205.7179,   10.3859
  763.0000,    1.0219,  125.4148,   38.5991
  764.0000,    1.0219,  198.3697,   17.1684
  765.0000,    1.0219,  156.8270,   26.3582
  766.0000,    1.0250,   73.9962,   53.8401
  767.0000,    1.0250,  144.8018,   28.1618
  768.0000,    1.0250,  199.8269,    9.4844
  769.0000,    1.0250,  199.8582,    8.2813
  770.0000,    1.0250,  232.8096,    6.6185
  771.0000,    1.0250,  242.2798,    4.5941
  772.0000,    1.0250,  238.0247,    4.7124
  773.0000,    1.0250,  237.8002,    4.2608
  774.0000,    1.0250,  243.5425,    1.9475
  775.0000,    1.0219,  243.9250,   -5.2595
  776.0000,    1.0219,  185.0557,    5.8634
  777.0000,    1.0219,  109.2724,   29.3314
  778.0000,    1.0219,   82.5725,   34.7969
  779.0000,    1.0219,   83.9808,   33.7299
  780.0000,    1.0219,   86.4820,   32.3609
  781.0000,    1.0219,   96.7569,   27.5817
  782.0000,    1.0219,   98.1892,   23.6259
  783.0000,    1.0219,  101.7494,   20.3674
  784.0000,    1.0219,  114.0737,   16.5528
  785.0000,    1.0219,  100.3499,   26.2534
  786.0000,    1.0219,   95.7593,   35.3286
  787.0000,    1.0250,   92.6526,   37.2584
  788.0000,    1.0250,   90.6895,   36.9273
  789.0000,    1.0250,   91.5396,   36.7304
  790.0000,    1.0250,   95.8563,   38.1253
  791.0000,    1.0250,  103.2938,   42.2129
  792.0000,    1.0250,  132.2151,   38.2490
  793.0000,    1.0250,  196.2901,   14.9341
  794.0000,    1.0250,  132.8422,   31.3459
  795.0000,    1.0250,  108.6571,   43.2845
  796.0000,    1.0281,  106.2570,   45.0730
  797.0000,    1.0281,  117.8468,   43.2435
  798.0000,    1.0281,  105.9706,   44.6716
  799.0000,    1.0281,   99.1920,   45.9242
  800.0000,    1.0281,   93.2971,   45.1613
  801.0000,    1.0281,   87.5224,   46.7969
  802.0000,    1.0281,   82.2680,   48.8550
  803.0000,    1.0281,   78.5746,   50.9452
  804.0000,    1.0313,   76.7012,   50.0129
  805.0000,    1.0313,   78.8513,   47.0295
  806.0000,    1.0313,   83.3637,   42.4875
  807.0000,    1.0313,   91.9000,   38.2914
  808.0000,    1.0313,  103.3622,   33.8125
  809.0000,    1.0313,  131.5206,   20.9717
  810.0000,    1.0313,  107.0842,   23.9451
  811.0000,    1.0313,   97.3449,   23.1204
  812.0000,    1.0313,   86.0916,   21.7736
  813.0000,    1.0313,   77.6756,   19.8079
  814.0000,    1.0313,   72.6011,   20.6223
  815.0000,    1.0313,   69.7326,   21.1304
  816.0000,    1.0313,   68.3857,   20.6836
  817.0000,    1.0313,   67.9672,   22.0628
  818.0000,    1.0313,   68.7196,   30.6181
  819.0000,    1.0313,   70.4594,   35.7949
  820.0000,    1.0313,   72.4333,   36.9901
  821.0000,    1.0313,   79.5111,   41.9518
  822.0000,    1.0344,   82.8157,   50.4604
  823.0000,    1.0344,   81.6915,   48.8220
  824.0000,    1.0344,   82.3774,   46.6876
  825.0000,    1.0344,   81.2490,   43.9560
  826.0000,    1.0344,   79.5792,   41.7017
  827.0000,    1.0344,   78.2089,   40.0753
  828.0000,    1.0344,   76.6425,   39.4095
  829.0000,    1.0344,   74.6527,   39.5680
  830.0000,    1.0344,   72.5287,   41.5691
  831.0000,    1.0344,   69.5051,   46.1706
  832.0000,    1.0344,   67.0068,   47.9853
  833.0000,    1.0344,   64.7660,   49.4219
  834.0000,    1.0344,   64.0644,   49.3412
  835.0000,    1.0344,   64.1148,   50.2447
  836.0000,    1.0344,   66.6157,   51.4615
  837.0000,    1.0344,   70.6633,   51.2732
  838.0000,    1.0344,   76.1323,   49.5930
  839.0000,    1.0344,   83.0219,   47.2151
  840.0000,    1.0344,   92.1979,   44.4145
  841.0000,    1.0344,  103.0613,   39.7301
  842.0000,    1.0344,  131.0331,   28.5868
  843.0000,    1.0344,  136.7350,   22.9761
  844.0000,    1.0313,  180.7643,    8.8678
  845.0000,    1.0313,  170.9219,   10.1483
  846.0000,    1.0313,  117.6863,   25.4416
  847.0000,    1.0313,  191.3246,    8.8693
  848.0000,    1.0250,  246.6312,   -2.3444
  849.0000,    1.0250,  178.6368,   20.4403
  850.0000,    1.0250,  146.9524,   34.6883
  851.0000,    1.0250,  200.3701,   29.9185
  852.0000,    1.0250,  209.9053,   20.8154
  853.0000,    1.0250,  212.4086,   19.0070
  854.0000,    1.0250,  170.3026,   32.4135
  855.0000,    1.0250,  173.5919,   33.4168
  856.0000,    1.0250,  148.9495,   41.8915
  857.0000,    1.0250,  153.7048,   42.0581
  858.0000,    1.0281,  102.3088,   49.1129
  859.0000,    1.0281,  176.2310,   21.5848
  860.0000,    1.0281,  169.0062,   23.1062
  861.0000,    1.0281,  137.9326,   35.6878
  862.0000,    1.0281,  186.7906,   31.0683
  863.0000,    1.0281,  221.6286,   15.8573
  864.0000,    1.0281,  212.7261,   16.7181
  865.0000,    1.0281,  177.4445,   29.3740
  866.0000,    1.0281,  180.9758,   33.3595
  867.0000,    1.0281,  185.3957,   34.2681
  868.0000,    1.0281,  160.2024,   42.7216
  869.0000,    1.0313,  142.5173,   48.0328
  870.0000,    1.0313,  140.9922,   47.7460
  871.0000,    1.0313,  123.7848,   51.0749
  872.0000,    1.0313,  201.4772,   27.0458
  873.0000,    1.0313,  192.0134,   24.0390
  874.0000,    1.0313,  186.2782,   23.6238
  875.0000,    1.0313,  180.8521,   24.4386
  876.0000,    1.0313,  176.4522,   25.5669
  877.0000,    1.0313,  176.2316,   26.2193
  878.0000,    1.0313,  118.1735,   43.6603
  879.0000,    1.0313,  119.8920,   46.1996
  880.0000,    1.0344,  108.6203,   51.8280
  881.0000,    1.0344,  111.7953,   50.4373
  882.0000,    1.0344,  164.4055,   35.0526
  883.0000,    1.0344,  162.0217,   32.9072
  884.0000,    1.0344,  161.9835,   30.7656
  885.0000,    1.0344,  162.1763,   27.7699
  886.0000,    1.0344,  163.4920,   25.6649
  887.0000,    1.0344,  164.5466,   17.5055
  888.0000,    1.0344,  166.1952,   21.8519
  889.0000,    1.0344,  166.2007,   23.9561
  890.0000,    1.0344,  165.5157,   24.8289
  891.0000,    1.0344,  164.1109,   26.3023
  892.0000,    1.0344,  163.3307,   26.8319
  893.0000,    1.0344,  162.1914,   25.3403
  894.0000,    1.0344,  161.6791,   26.9551
  895.0000,    1.0344,  159.2602,   26.5948
  896.0000,    1.0344,  157.7446,   26.2120
  897.0000,    1.0344,  155.5948,   26.5619
  898.0000,    1.0344,  152.6376,   27.7811
  899.0000,    1.0344,  151.8682,   28.3689
  900.0000,    1.0344,  150.1765,   30.0766
  901.0000,    1.0344,  149.4467,   32.4813
  902.0000,    1.0344,  148.0207,   37.5580
  903.0000,    1.0344,  147.1284,   41.8470
  904.0000,    1.0344,  146.7929,   44.4196
  905.0000,    1.0344,  146.7627,   44.6064
  906.0000,    1.0344,  147.0280,   46.1878
  907.0000,    1.0344,  148.0604,   46.7352
  908.0000,    1.0344,  148.2676,   43.2980
  909.0000,    1.0344,  149.6636,   41.7902
  910.0000,    1.0344,  151.4019,   40.1455
  911.0000,    1.0344,  152.0939,   39.8440
  912.0000,    1.0344,  162.9799,   37.5984
  913.0000,    1.0344,  109.3244,   52.7602
  914.0000,    1.0344,  133.5891,   49.1986
  915.0000,    1.0344,  113.6613,   52.3590
  916.0000,    1.0344,  103.1894,   53.4065
  917.0000,    1.0344,  118.4588,   49.6612
  918.0000,    1.0344,  158.8599,   32.8247
  919.0000,    1.0344,  161.8014,   29.6551
  920.0000,    1.0344,  159.7072,   30.0637
  921.0000,    1.0344,  154.1057,   32.3347
  922.0000,    1.0344,  135.4413,   37.2663
  923.0000,    1.0344,  136.0331,   37.9056
  924.0000,    1.0375,   65.8702,   63.5088
  925.0000,    1.0375,  106.5274,   50.6034
  926.0000,    1.0375,  140.9992,   37.4550
  927.0000,    1.0375,  138.8952,   36.7701
  928.0000,    1.0375,  137.1257,   37.3711
  929.0000,    1.0375,  136.7253,   38.5586
  930.0000,    1.0375,  136.3771,   40.5611
  931.0000,    1.0375,  136.6895,   41.3388
  932.0000,    1.0375,  137.3521,   40.0258
  933.0000,    1.0375,  138.1719,   39.1139
  934.0000,    1.0375,  139.2034,   38.8772
  935.0000,    1.0375,  140.2274,   35.6557
  936.0000,    1.0375,  141.2056,   32.6294
  937.0000,    1.0375,  142.2680,   33.1479
  938.0000,    1.0375,  143.0512,   32.1554
  939.0000,    1.0375,  143.3801,   31.3342
  940.0000,    1.0375,  143.2334,   32.0016
  941.0000,    1.0375,  142.3386,   32.6800
  942.0000,    1.0375,  141.0128,   30.1981
  943.0000,    1.0375,  139.0640,   29.8400
  944.0000,    1.0375,  137.1204,   30.8718
  945.0000,    1.0375,  122.8958,   32.6083
  946.0000,    1.0375,  121.6984,   31.4474
  947.0000,    1.0375,  130.1137,   28.5378
  948.0000,    1.0375,  127.1602,   31.0903
  949.0000,    1.0375,  124.3345,   32.1298
  950.0000,    1.0375,  122.4746,   32.3062
  951.0000,    1.0375,  121.9126,   33.3318
  952.0000,    1.0375,  120.9215,   32.0291
  953.0000,    1.0375,  120.2555,   28.9229
  954.0000,    1.0375,  121.1415,   26.6431
  955.0000,    1.0375,  112.4956,   27.9624
  956.0000,    1.0375,  129.4457,   22.6163
  957.0000,    1.0375,  101.2209,   25.6949
  958.0000,    1.0375,  122.2935,   21.4819
  959.0000,    1.0375,   90.1357,   30.8473
  960.0000,    1.0406,   28.5075,   61.4199
  961.0000,    1.0406,   49.5857,   50.9710
  962.0000,    1.0406,   96.1030,   34.2690
  963.0000,    1.0406,   94.3106,   32.7719
  964.0000,    1.0406,   51.3607,   52.9797
  965.0000,    1.0406,   40.0488,   65.9481
  966.0000,    1.0406,   42.3863,   65.8923
  967.0000,    1.0406,  106.8818,   38.1705
  968.0000,    1.0406,  105.2822,   35.6087
  969.0000,    1.0406,   88.6516,   38.0910
  970.0000,    1.0406,   88.4774,   39.7905
  971.0000,    1.0406,   51.1554,   49.9945
  972.0000,    1.0406,   43.9234,   52.8087
  973.0000,    1.0438,   42.8815,   64.2190
  974.0000,    1.0438,   44.5851,   62.0205
  975.0000,    1.0438,   46.2987,   60.4281
  976.0000,    1.0438,   58.9408,   49.0600
  977.0000,    1.0438,  105.3813,   23.0210
  978.0000,    1.0438,  104.5572,   19.2556
  979.0000,    1.0438,   42.9370,   35.6583
  980.0000,    1.0438,   91.4888,   23.8174
  981.0000,    1.0438,   87.6289,   22.4708
  982.0000,    1.0438,   30.8722,   39.4176
  983.0000,    1.0438,   30.0199,   38.8065
  984.0000,    1.0438,   31.6302,   42.1785
  985.0000,    1.0438,   80.1914,   36.9693
  986.0000,    1.0438,  130.4257,   20.3228
  987.0000,    1.0438,   92.8067,   28.7036
  988.0000,    1.0438,  100.9008,   27.9497
  989.0000,    1.0438,   99.5954,   26.8908
  990.0000,    1.0438,   71.5020,   37.5959
  991.0000,    1.0406,  117.0903,   22.3378
  992.0000,    1.0406,  119.7113,   22.0788
  993.0000,    1.0406,  115.1318,   27.2066
  994.0000,    1.0406,  112.0332,   30.5772
  995.0000,    1.0406,  110.3966,   32.3288
  996.0000,    1.0406,   96.0462,   36.9304
  997.0000,    1.0406,   73.2990,   40.7172
  998.0000,    1.0406,   75.6837,   38.7263
  999.0000,    1.0406,  109.8226,   28.2938
 1000.0000,    1.0406,  107.4810,   27.4996
 1001.0000,    1.0406,   66.2560,   38.4888
 1002.0000,    1.0406,   80.2296,   36.5462
 1003.0000,    1.0406,   30.0426,   54.9625
 1004.0000,    1.0406,   28.5541,   55.8273
 1005.0000,    1.0406,   -0.0009,   65.6448
 1006.0000,    1.0438,    0.0026,   63.5023
 1007.0000,    1.0438,    0.0001,   63.8398
 1008.0000,    1.0438,    0.0011,   61.8648
 1009.0000,    1.0438,    0.0008,   60.1030
 1010.0000,    1.0438,    0.0007,   58.5363
 1011.0000,    1.0438,   29.4479,   49.2945
 1012.0000,    1.0438,   31.8603,   44.5541
 1013.0000,    1.0438,   38.9908,   44.5561
 1014.0000,    1.0438,   65.2187,   32.3507
 1015.0000,    1.0438,   36.6259,   35.0296
 1016.0000,    1.0438,   35.2842,   34.6533
 1017.0000,    1.0438,   35.1438,   36.9207
 1018.0000,    1.0438,   34.2011,   41.1723
 1019.0000,    1.0438,   33.5341,   52.0911
 1020.0000,    1.0438,   33.1483,   50.4344
 1021.0000,    1.0438,   33.0474,   47.4777
 1022.0000,    1.0438,   34.0217,   44.6833
 1023.0000,    1.0438,   67.2971,   31.3224
 1024.0000,    1.0438,   98.4802,   19.3339
 1025.0000,    1.0438,   60.4732,   28.1986
 1026.0000,    1.0438,   78.1803,   25.1715
 1027.0000,    1.0406,  102.6016,   16.6876
 1028.0000,    1.0406,   68.8814,   24.9377
 1029.0000,    1.0406,   32.9377,   36.2138
 1030.0000,    1.0406,   62.6348,   34.2884
 1031.0000,    1.0406,   55.9902,   35.5185
 1032.0000,    1.0406,   31.3917,   37.8150
 1033.0000,    1.0406,   32.7811,   37.3423
 1034.0000,    1.0406,   34.1283,   38.5508
 1035.0000,    1.0406,   35.2800,   40.4305
 1036.0000,    1.0406,   35.8103,   40.5286
 1037.0000,    1.0406,   35.7178,   40.0936
 1038.0000,    1.0406,   36.3855,   40.5474
 1039.0000,    1.0406,   35.8972,   44.8954
 1040.0000,    1.0406,   39.9894,   44.2736
 1041.0000,    1.0406,   70.0221,   32.3860
 1042.0000,    1.0406,   77.9209,   29.6331
 1043.0000,    1.0406,   52.1817,   34.1400
 1044.0000,    1.0406,   43.3701,   37.3793
 1045.0000,    1.0406,   61.6852,   34.2909
 1046.0000,    1.0406,   51.5037,   33.2107
 1047.0000,    1.0406,   80.9033,   19.7248
 1048.0000,    1.0406,   76.4291,   14.7091
 1049.0000,    1.0406,   58.6479,   18.7330
 1050.0000,    1.0406,   78.2062,   15.5023
 1051.0000,    1.0406,   74.3346,   12.4383
 1052.0000,    1.0406,   52.6525,   15.4020
 1053.0000,    1.0406,   55.2448,   14.2223
 1054.0000,    1.0406,   56.1179,   10.0191
 1055.0000,    1.0406,   29.5855,   17.9478
 1056.0000,    1.0406,   29.6175,   16.4352
 1057.0000,    1.0406,   31.6097,   19.0565
 1058.0000,    1.0406,   33.1352,   18.9664
 1059.0000,    1.0406,   33.6147,   21.3137
 1060.0000,    1.0406,   32.3375,   22.8555
 1061.0000,    1.0406,   48.5647,   19.9728
 1062.0000,    1.0406,   48.6942,   19.6967
 1063.0000,    1.0406,   31.5005,   30.6115
 1064.0000,    1.0406,   42.1877,   30.0406
 1065.0000,    1.0406,   63.6903,   25.7740
 1066.0000,    1.0406,   67.5371,   24.5825
 1067.0000,    1.0406,   64.7310,   23.7452
 1068.0000,    1.0406,   60.6663,   24.1402
 1069.0000,    1.0406,   62.7120,   23.5811
 1070.0000,    1.0406,   59.2511,   23.3929
 1071.0000,    1.0406,   47.8142,   23.4303
 1072.0000,    1.0406,   56.4624,   20.9372
 1073.0000,    1.0406,   39.6923,   23.4474
 1074.0000,    1.0406,   -0.0004,   37.6290
 1075.0000,    1.0406,    0.0001,   35.8907
 1076.0000,    1.0406,    0.0001,   34.5111
 1077.0000,    1.0406,    0.0001,   33.4237
 1078.0000,    1.0406,    0.0000,   32.8447
 1079.0000,    1.0406,   -0.0003,   36.1045
 1080.0000,    1.0406,   -0.0001,   36.7630
 1081.0000,    1.0406,   -0.0001,   37.8263
 1082.0000,    1.0406,   30.5991,   29.2173
 1083.0000,    1.0406,   -0.0004,   33.8506
 1084.0000,    1.0406,   -0.0001,   34.2669
 1085.0000,    1.0406,    0.0001,   32.2018
 1086.0000,    1.0406,    0.0001,   30.3455
 1087.0000,    1.0406,    0.0001,   27.5444
 1088.0000,    1.0406,    0.0001,   23.6808
 1089.0000,    1.0406,    0.0000,   22.6250
 1090.0000,    1.0406,    0.0001,   21.0153
 1091.0000,    1.0406,   -0.0000,   21.5229
 1092.0000,    1.0406,   -0.0002,   25.2986
 1093.0000,    1.0406,   -0.0002,   28.3889
 1094.0000,    1.0406,   -0.0001,   29.7888
 1095.0000,    1.0406,    0.0001,   28.0937
 1096.0000,    1.0406,    0.0000,   27.4727
 1097.0000,    1.0406,   -0.0001,   28.4964
 1098.0000,    1.0406,   -0.0003,   31.9335
 1099.0000,    1.0406,   -0.0003,   41.7509
 1100.0000,    1.0406,   -0.0002,   43.7294
 1101.0000,    1.0406,    0.0004,   40.6520
 1102.0000,    1.0406,    0.0002,   38.2979
 1103.0000,    1.0406,    0.0001,   36.4831
 1104.0000,    1.0406,    0.0002,   34.2124
 1105.0000,    1.0406,   -0.0001,   35.2865
 1106.0000,    1.0406,   -0.0001,   36.0412
 1107.0000,    1.0406,    0.0001,   34.3825
 1108.0000,    1.0406,    0.0001,   31.3280
 1109.0000,    1.0406,   -0.0001,   31.8039
 1110.0000,    1.0406,    0.0002,   28.9440
 1111.0000,    1.0406,    0.0000,   28.6065
 1112.0000,    1.0406,   32.6784,   18.6392
 1113.0000,    1.0406,   29.9211,   27.2923
 1114.0000,    1.0406,   -0.0002,   35.9549
 1115.0000,    1.0406,    0.0002,   32.5699
 1116.0000,    1.0406,    0.0002,   28.7439
 1117.0000,    1.0406,    0.0001,   26.0618
 1118.0000,    1.0406,    0.0001,   21.3723
 1119.0000,    1.0406,    0.0001,   15.5877
 1120.0000,    1.0406,    0.0000,   12.6119
 1121.0000,    1.0406,   -0.0001,   15.7495
 1122.0000,    1.0406,   -0.0000,   17.4836
 1123.0000,    1.0406,   -0.0001,   20.1219
 1124.0000,    1.0406,   -0.0000,   21.2174
 1125.0000,    1.0406,   -0.0000,   22.5131
 1126.0000,    1.0406,    0.0000,   22.2054
 1127.0000,    1.0406,    0.0000,   12.0794
 1128.0000,    1.0406,   -0.0001,   17.2639
 1129.0000,    1.0406,   -0.0002,   22.0483
 1130.0000,    1.0406,   -0.0002,   25.9783
 1131.0000,    1.0406,   -0.0000,   26.7445
 1132.0000,    1.0406,    0.0000,   25.9906
 1133.0000,    1.0406,    0.0001,   20.7045
 1134.0000,    1.0406,    0.0001,   17.9824
 1135.0000,    1.0406,    0.0000,   16.1740
 1136.0000,    1.0406,    0.0000,   15.2817
 1137.0000,    1.0406,    0.0000,   13.9676
 1138.0000,    1.0406,    0.0000,   10.7670
 1139.0000,    1.0406,   -0.0001,   19.6660
 1140.0000,    1.0406,   -0.0001,   21.5321
 1141.0000,    1.0406,   -0.0001,   23.2532
 1142.0000,    1.0406,   -0.0004,   29.2915
 1143.0000,    1.0406,   -0.0002,   32.2470
 1144.0000,    1.0406,    0.0001,   31.4935
 1145.0000,    1.0406,    0.0002,   26.5603
 1146.0000,    1.0406,    0.0001,   23.7150
 1147.0000,    1.0406,    0.0001,   20.9465
 1148.0000,    1.0406,    0.0001,   16.8773
 1149.0000,    1.0406,    0.0000,   12.1759
 1150.0000,    1.0375,    0.0000,    8.0837
 1151.0000,    1.0375,    0.0000,   11.7748
 1152.0000,    1.0375,   -0.0000,   14.6397
 1153.0000,    1.0375,   -0.0000,   15.7981
 1154.0000,    1.0375,   -0.0001,   20.4251
 1155.0000,    1.0375,   -0.0001,   31.0359
 1156.0000,    1.0375,   -0.0002,   35.0411
 1157.0000,    1.0375,   -0.0000,   35.7685
 1158.0000,    1.0375,    0.0000,   24.5904
 1159.0000,    1.0375,    0.0000,   20.4025
 1160.0000,    1.0375,   -0.0000,   16.9765
 1161.0000,    1.0375,    0.0000,   16.1626
 1162.0000,    1.0375,   -0.0000,   16.6609
 1163.0000,    1.0375,   -0.0001,   27.7722
 1164.0000,    1.0375,   -0.0000,   29.4474
 1165.0000,    1.0375,   -0.0000,   30.5265
 1166.0000,    1.0375,    0.0000,   30.4733
 1167.0000,    1.0375,   -0.0000,   30.6112
 1168.0000,    1.0375,    0.0000,   30.0032
 1169.0000,    1.0375,    0.0001,   27.0675
 1170.0000,    1.0375,    0.0000,   23.7147
 1171.0000,    1.0375,    0.0000,   19.1352
 1172.0000,    1.0375,   -0.0001,   22.3477
 1173.0000,    1.0375,   -0.0001,   25.3049
 1174.0000,    1.0375,   -0.0003,   31.3766
 1175.0000,    1.0375,   -0.0002,   35.2813
 1176.0000,    1.0375,   -0.0001,   36.8681
 1177.0000,    1.0375,   -0.0000,   37.6289
 1178.0000,    1.0375,    0.0002,   32.9353
 1179.0000,    1.0375,    0.0001,   27.1469
 1180.0000,    1.0375,    0.0000,   23.1158
 1181.0000,    1.0375,   -0.0000,   24.7693
 1182.0000,    1.0375,   -0.0001,   26.8931
 1183.0000,    1.0375,   -0.0002,   30.6451
 1184.0000,    1.0375,   -0.0003,   36.0756
 1185.0000,    1.0375,    0.0000,   35.7414
 1186.0000,    1.0375,    0.0001,   31.9895
 1187.0000,    1.0375,    0.0000,   30.4218
 1188.0000,    1.0375,    0.0000,   28.8621
 1189.0000,    1.0375,    0.0000,   27.6725
 1190.0000,    1.0375,    0.0000,   23.0151
 1191.0000,    1.0375,   -0.0000,   22.8857
 1192.0000,    1.0375,   -0.0000,   23.2676
 1193.0000,    1.0375,   -0.0001,   27.2927
 1194.0000,    1.0375,   -0.0000,   27.6731
 1195.0000,    1.0375,   -0.0002,   31.9232
 1196.0000,    1.0375,   -0.0001,   33.2707
 1197.0000,    1.0375,   -0.0000,   33.9213
 1198.0000,    1.0375,    0.0001,   30.6877
 1199.0000,    1.0375,    0.0001,   27.0258
 1200.0000,    1.0375,    0.0000,   21.5304
 1201.0000,    1.0375,    0.0000,   17.0922
 1202.0000,    1.0375,    0.0000,   16.4410
 1203.0000,    1.0375,    0.0000,   15.9754
 1204.0000,    1.0375,   -0.0000,   16.1343
 1205.0000,    1.0375,   -0.0001,   20.5885
 1206.0000,    1.0375,   -0.0000,   22.7690
 1207.0000,    1.0375,   -0.0001,   26.1579
 1208.0000,    1.0375,   -0.0001,   29.1160
 1209.0000,    1.0375,    0.0000,   29.1286
 1210.0000,    1.0375,   -0.0001,   30.8470
 1211.0000,    1.0375,    0.0001,   27.5909
 1212.0000,    1.0375,    0.0000,   26.5378
 1213.0000,    1.0375,   -0.0000,   27.7938
 1214.0000,    1.0375,   -0.0002,   37.6096
 1215.0000,    1.0375,   -0.0001,   38.9345
 1216.0000,    1.0375,    0.0000,   38.5334
 1217.0000,    1.0375,   -0.0001,   39.5716
 1218.0000,    1.0375,   -0.0000,   40.2440
 1219.0000,    1.0375,    0.0002,   37.1877
 1220.0000,    1.0375,    0.0001,   33.3025
 1221.0000,    1.0375,    0.0001,   31.2917
 1222.0000,    1.0375,    0.0001,   26.4818
 1223.0000,    1.0375,    0.0000,   17.5576
 1224.0000,    1.0375,   -0.0000,   15.6114
 1225.0000,    1.0375,   -0.0000,   14.3384
 1226.0000,    1.0375,   -0.0000,   12.0999
 1227.0000,    1.0375,   -0.0000,   15.7619
 1228.0000,    1.0375,   -0.0000,   18.7324
 1229.0000,    1.0375,    0.0000,   18.7295
 1230.0000,    1.0375,   -0.0000,   19.7678
 1231.0000,    1.0375,   -0.0001,   24.1964
 1232.0000,    1.0375,   -0.0002,   29.9733
 1233.0000,    1.0375,   -0.0001,   32.3779
 1234.0000,    1.0375,   -0.0003,   43.3792
 1235.0000,    1.0375,   -0.0003,   46.7217
 1236.0000,    1.0375,    0.0002,   45.0392
 1237.0000,    1.0375,    0.0001,   43.1375
 1238.0000,    1.0375,    0.0002,   40.7205
 1239.0000,    1.0375,    0.0002,   35.7673
 1240.0000,    1.0375,    0.0000,   26.6941
 1241.0000,    1.0375,    0.0000,   22.8739
 1242.0000,    1.0375,    0.0000,   20.9832
 1243.0000,    1.0375,   -0.0000,   17.5589
 1244.0000,    1.0375,   -0.0000,   15.1076
 1245.0000,    1.0375,   -0.0000,   17.0714
 1246.0000,    1.0375,    0.0000,   16.4150
 1247.0000,    1.0375,   -0.0000,   12.3947
 1248.0000,    1.0375,   -0.0000,    9.7507
 1249.0000,    1.0375,   -0.0002,   27.5303
 1250.0000,    1.0375,   -0.0003,   39.9688
 1251.0000,    1.0375,    0.0001,   39.2659
 1252.0000,    1.0375,   -0.0001,   40.2675
 1253.0000,    1.0375,   -0.0003,   43.3351
 1254.0000,    1.0375,   -0.0004,   53.1362
 1255.0000,    1.0375,   -0.0004,   55.5427
 1256.0000,    1.0375,   -0.0001,   56.0206
 1257.0000,    1.0375,   -0.0001,   57.1833
 1258.0000,    1.0375,   -0.0003,   59.0211
 1259.0000,    1.0375,    0.0002,   58.5489
 1260.0000,    1.0375,    0.0003,   44.2551
 1261.0000,    1.0375,   -0.0002,   45.6605
 1262.0000,    1.0375,   -0.0004,   48.3386
 1263.0000,    1.0375,   -0.0001,   49.3193
 1264.0000,    1.0375,   -0.0000,   49.4467
 1265.0000,    1.0375,    0.0000,   49.0997
 1266.0000,    1.0375,    0.0001,   47.8137
 1267.0000,    1.0375,    0.0004,   43.0736
 1268.0000,    1.0375,    0.0002,   39.9701
 1269.0000,    1.0375,   -0.0003,   43.0437
 1270.0000,    1.0375,   -0.0004,   46.7397
 1271.0000,    1.0375,   -0.0001,   47.6689
 1272.0000,    1.0375,   -0.0001,   48.6682
 1273.0000,    1.0375,    0.0002,   46.4702
 1274.0000,    1.0375,   -0.0003,   48.8809
 1275.0000,    1.0375,   -0.0002,   50.5599
 1276.0000,    1.0375,    0.0003,   47.3625
 1277.0000,    1.0375,    0.0003,   43.1359
 1278.0000,    1.0375,    0.0002,   39.6462
 1279.0000,    1.0375,   -0.0001,   40.7063
 1280.0000,    1.0375,    0.0001,   38.7797
 1281.0000,    1.0375,    0.0002,   34.8085
 1282.0000,    1.0375,    0.0000,   26.4875
 1283.0000,    1.0375,    0.0000,   24.4758
 1284.0000,    1.0375,   -0.0001,   26.5696
 1285.0000,    1.0375,   -0.0002,   30.2358
 1286.0000,    1.0375,   -0.0003,   35.2815
 1287.0000,    1.0375,   -0.0002,   38.4819
 1288.0000,    1.0375,   -0.0006,   43.8905
 1289.0000,    1.0375,    0.0000,   43.7311
 1290.0000,    1.0375,    0.0002,   41.6852
 1291.0000,    1.0375,   -0.0001,   49.5274
 1292.0000,    1.0375,   -0.0004,   52.0519
 1293.0000,    1.0375,    0.0000,   52.0453
 1294.0000,    1.0375,    0.0002,   50.8477
 1295.0000,    1.0375,   -0.0008,   55.3722
 1296.0000,    1.0375,   -0.0001,   56.4798
 1297.0000,    1.0375,   -0.0003,   58.3311
 1298.0000,    1.0375,    0.0004,   55.7746
 1299.0000,    1.0375,    0.0005,   51.2032
 1300.0000,    1.0375,    0.0004,   47.2160
 1301.0000,    1.0375,   -0.0000,   47.0937
 1302.0000,    1.0375,    0.0001,   45.2094
 1303.0000,    1.0375,    0.0000,   36.5285
 1304.0000,    1.0375,    0.0001,   32.3874
 1305.0000,    1.0375,    0.0001,   29.6915
 1306.0000,    1.0375,    0.0001,   24.4083
 1307.0000,    1.0375,    0.0000,   21.3790
 1308.0000,    1.0375,    0.0000,   19.7221
 1309.0000,    1.0375,   -0.0000,   20.8929
 1310.0000,    1.0375,   -0.0000,   22.9384
 1311.0000,    1.0375,    0.0000,   21.2574
 1312.0000,    1.0375,   -0.0000,   22.6234
 1313.0000,    1.0375,   -0.0001,   26.5921
 1314.0000,    1.0375,   -0.0002,   36.2084
 1315.0000,    1.0375,   -0.0003,   46.1098
 1316.0000,    1.0375,   -0.0003,   48.7594
 1317.0000,    1.0375,    0.0001,   48.7282
 1318.0000,    1.0375,   -0.0007,   53.5031
 1319.0000,    1.0375,    0.0000,   53.4879
 1320.0000,    1.0375,    0.0000,   53.3834
 1321.0000,    1.0375,   -0.0003,   55.4499
 1322.0000,    1.0375,    0.0006,   50.3283
 1323.0000,    1.0375,    0.0003,   47.0216
 1324.0000,    1.0375,   -0.0004,   56.4280
 1325.0000,    1.0375,    0.0004,   54.2427
 1326.0000,    1.0375,    0.0003,   52.2083
 1327.0000,    1.0375,    0.0002,   49.9654
 1328.0000,    1.0375,    0.0001,   48.7268
 1329.0000,    1.0375,   -0.0002,   50.2166
 1330.0000,    1.0375,    0.0004,   46.0921
 1331.0000,    1.0375,   -0.0008,   51.5375
 1332.0000,    1.0375,    0.0005,   45.8143
 1333.0000,    1.0375,   -0.0004,   48.9399
 1334.0000,    1.0375,    0.0002,   39.2281
 1335.0000,    1.0375,    0.0001,   30.3072
 1336.0000,    1.0375,   -0.0001,   32.3729
 1337.0000,    1.0375,    0.0000,   22.7650
 1338.0000,    1.0375,   -0.0002,   28.3197
 1339.0000,    1.0375,    0.0001,   23.8275
 1340.0000,    1.0375,   -0.0001,   32.5377
 1341.0000,    1.0375,   -0.0001,   34.5533
 1342.0000,    1.0375,   -0.0004,   39.1122
 1343.0000,    1.0375,    0.0001,   37.3103
 1344.0000,    1.0375,    0.0001,   33.2789
 1345.0000,    1.0375,   -0.0005,   48.2537
 1346.0000,    1.0375,    0.0004,   43.2867
 1347.0000,    1.0375,   -0.0004,   47.2366
 1348.0000,    1.0375,    0.0004,   42.6447
 1349.0000,    1.0375,   -0.0003,   45.5706
 1350.0000,    1.0375,    0.0002,   43.7369
 1351.0000,    1.0375,    0.0002,   40.9716
 1352.0000,    1.0375,    0.0000,   40.4139
 1353.0000,    1.0375,   -0.0000,   40.7700
 1354.0000,    1.0375,   -0.0005,   45.2050
 1355.0000,    1.0375,    0.0002,   42.4961
 1356.0000,    1.0375,   -0.0002,   44.6931
 1357.0000,    1.0375,    0.0001,   34.1873
 1358.0000,    1.0375,   -0.0005,   39.6095
 1359.0000,    1.0375,    0.0002,   35.1239
 1360.0000,    1.0375,   -0.0001,   36.8296
 1361.0000,    1.0375,    0.0000,   36.6495
 1362.0000,    1.0375,    0.0001,   33.9525
 1363.0000,    1.0375,   -0.0003,   37.3668
 1364.0000,    1.0375,    0.0001,   28.2633
 1365.0000,    1.0375,    0.0000,   26.9715
 1366.0000,    1.0375,   -0.0001,   28.4191
 1367.0000,    1.0375,   -0.0000,   29.0153
 1368.0000,    1.0375,    0.0000,   25.6602
 1369.0000,    1.0375,    0.0000,   24.2711
 1370.0000,    1.0375,    0.0000,   23.4720
 1371.0000,    1.0375,   -0.0000,   23.6484
 1372.0000,    1.0375,   -0.0000,   24.5883
 1373.0000,    1.0375,    0.0000,   22.8983
 1374.0000,    1.0375,   -0.0001,   26.2309
 1375.0000,    1.0375,   -0.0003,   40.9425
 1376.0000,    1.0375,   -0.0008,   47.3652
 1377.0000,    1.0375,   -0.0002,   49.2787
 1378.0000,    1.0375,    0.0001,   48.9041
 1379.0000,    1.0375,    0.0001,   48.1194
 1380.0000,    1.0375,    0.0002,   46.6396
 1381.0000,    1.0375,    0.0002,   44.5430
 1382.0000,    1.0375,    0.0004,   38.7669
 1383.0000,    1.0375,    0.0001,   28.5279
 1384.0000,    1.0375,    0.0000,   27.9199
 1385.0000,    1.0375,   -0.0001,   30.7351
 1386.0000,    1.0375,    0.0001,   28.6357
 1387.0000,    1.0375,    0.0001,   24.3017
 1388.0000,    1.0375,    0.0000,   22.6837
 1389.0000,    1.0375,    0.0000,   21.1020
 1390.0000,    1.0375,    0.0000,   19.3694
 1391.0000,    1.0375,    0.0000,   18.1079
 1392.0000,    1.0375,    0.0000,   16.0992
 1393.0000,    1.0375,   -0.0000,   12.6415
 1394.0000,    1.0375,   -0.0000,   10.1433
 1395.0000,    1.0375,   -0.0000,    8.6229
 1396.0000,    1.0375,   -0.0000,    7.8367
 1397.0000,    1.0375,    0.0000,    8.4536
 1398.0000,    1.0375,   -0.0000,   19.9449
 1399.0000,    1.0375,   -0.0001,   29.5887
 1400.0000,    1.0375,    0.0001,   28.3537
 1401.0000,    1.0375,    0.0001,   23.8917
 1402.0000,    1.0375,    0.0000,   22.9956
 1403.0000,    1.0375,   -0.0002,   27.4006
 1404.0000,    1.0375,   -0.0000,   35.8767
 1405.0000,    1.0375,    0.0000,   35.8035
 1406.0000,    1.0375,    0.0001,   34.4417
 1407.0000,    1.0375,    0.0001,   32.2742
 1408.0000,    1.0375,    0.0001,   27.2623
 1409.0000,    1.0375,    0.0000,   17.7461
 1410.0000,    1.0375,   -0.0000,   18.0064
 1411.0000,    1.0375,    0.0000,   17.7531
 1412.0000,    1.0375,    0.0000,   17.0562
 1413.0000,    1.0375,   -0.0000,   19.6186
 1414.0000,    1.0375,   -0.0001,   22.6407
 1415.0000,    1.0375,   -0.0000,   22.5453
 1416.0000,    1.0375,    0.0000,   21.3906
 1417.0000,    1.0375,    0.0000,   19.8516
 1418.0000,    1.0375,   -0.0000,   19.9504
 1419.0000,    1.0375,    0.0000,   19.2577
 1420.0000,    1.0375,   -0.0001,   24.5091
 1421.0000,    1.0375,   -0.0000,   25.3747
 1422.0000,    1.0375,    0.0000,   21.5052
 1423.0000,    1.0375,    0.0000,   20.5824
 1424.0000,    1.0375,    0.0000,   18.7275
 1425.0000,    1.0375,    0.0000,   17.8130
 1426.0000,    1.0375,   -0.0000,   18.3228
 1427.0000,    1.0375,    0.0000,   16.1350
 1428.0000,    1.0375,   -0.0000,   12.4130
 1429.0000,    1.0375,    0.0000,   12.1543
 1430.0000,    1.0375,   -0.0000,   11.0602
 1431.0000,    1.0375,   -0.0000,   13.2364
 1432.0000,    1.0375,   -0.0000,   13.6435
 1433.0000,    1.0375,   -0.0000,   10.9390
 1434.0000,    1.0375,   -0.0000,   13.8458
 1435.0000,    1.0375,   -0.0001,   18.5692
 1436.0000,    1.0375,    0.0000,   17.2225
 1437.0000,    1.0375,   -0.0000,   14.7411
 1438.0000,    1.0375,   -0.0000,   12.8398
 1439.0000,    1.0375,   -0.0000,    9.7692
 1440.0000,    1.0375,   -0.0000,    6.5299
