735781.000000000000,-0.077000000000,19.134000000000,19.104000000000
735781.000694444400,-0.079000000000,22.160000000000,22.132000000000
735781.001388888920,-0.079000000000,22.436000000000,22.409000000000
735781.002083333330,-0.078000000000,22.732000000000,22.703000000000
735781.002777777730,-0.078000000000,22.176000000000,22.146000000000
735781.003472222250,-0.082000000000,19.489000000000,19.458000000000
735781.004166666650,-0.087000000000,20.517000000000,20.484000000000
735781.004861111050,-0.085000000000,20.824000000000,20.792000000000
735781.005555555570,-0.084000000000,18.718000000000,18.687000000000
735781.006249999980,-0.085000000000,18.262000000000,18.229000000000
735781.006944444500,-0.085000000000,17.931000000000,17.898000000000
735781.007638888900,-0.084000000000,16.692000000000,16.659000000000
735781.008333333300,-0.085000000000,15.935000000000,15.902000000000
735781.009027777820,-0.085000000000,15.944000000000,15.913000000000
735781.009722222220,-0.085000000000,15.807000000000,15.775000000000
735781.010416666630,-0.086000000000,15.920000000000,15.887000000000
735781.011111111150,-0.088000000000,14.523000000000,14.493000000000
735781.011805555550,-0.085000000000,13.907000000000,13.875000000000
735781.012499999950,-0.086000000000,13.509000000000,13.476000000000
735781.013194444470,-0.087000000000,13.337000000000,13.306000000000
735781.013888888880,-0.087000000000,13.279000000000,13.249000000000
735781.014583333280,-0.083000000000,14.442000000000,14.411000000000
735781.015277777800,-0.079000000000,15.604000000000,15.576000000000
735781.015972222200,-0.078000000000,15.597000000000,15.569000000000
735781.016666666720,-0.078000000000,15.598000000000,15.570000000000
735781.017361111120,-0.078000000000,15.583000000000,15.554000000000
735781.018055555530,-0.080000000000,14.746000000000,14.716000000000
735781.018750000050,-0.082000000000,13.370000000000,13.340000000000
735781.019444444450,-0.081000000000,12.211000000000,12.184000000000
735781.020138888850,-0.081000000000,11.800000000000,11.773000000000
735781.020833333370,-0.082000000000,12.726000000000,12.699000000000
735781.021527777780,-0.083000000000,14.124000000000,14.098000000000
735781.022222222180,-0.083000000000,13.166000000000,13.139000000000
735781.022916666700,-0.082000000000,13.104000000000,13.079000000000
735781.023611111100,-0.081000000000,13.405000000000,13.378000000000
735781.024305555500,-0.087000000000,18.247000000000,18.215000000000
735781.025000000020,-0.087000000000,18.236000000000,18.205000000000
735781.025694444430,-0.086000000000,14.751000000000,14.718000000000
735781.026388888950,-0.087000000000,13.174000000000,13.143000000000
735781.027083333350,-0.086000000000,12.649000000000,12.616000000000
735781.027777777750,-0.086000000000,12.641000000000,12.610000000000
735781.028472222270,-0.086000000000,12.616000000000,12.583000000000
735781.029166666670,-0.085000000000,12.777000000000,12.744000000000
735781.029861111080,-0.080000000000,15.795000000000,15.765000000000
735781.030555555600,-0.079000000000,16.148000000000,16.119000000000
735781.031250000000,-0.078000000000,16.133000000000,16.104000000000
735781.031944444400,-0.079000000000,16.072000000000,16.043000000000
735781.032638888920,-0.079000000000,16.123000000000,16.094000000000
735781.033333333330,-0.085000000000,16.360000000000,16.327000000000
735781.034027777730,-0.086000000000,17.704000000000,17.671000000000
735781.034722222250,-0.089000000000,18.289000000000,18.256000000000
735781.035416666650,-0.089000000000,18.263000000000,18.230000000000
735781.036111111050,-0.089000000000,17.080000000000,17.049000000000
735781.036805555570,-0.089000000000,15.940000000000,15.907000000000
735781.037499999980,-0.087000000000,15.302000000000,15.269000000000
735781.038194444500,-0.086000000000,15.100000000000,15.069000000000
735781.038888888900,-0.086000000000,15.024000000000,14.991000000000
735781.039583333300,-0.086000000000,14.989000000000,14.958000000000
735781.040277777820,-0.086000000000,12.911000000000,12.880000000000
735781.040972222220,-0.086000000000,12.697000000000,12.664000000000
735781.041666666630,-0.086000000000,12.507000000000,12.474000000000
735781.042361111150,-0.086000000000,13.828000000000,13.795000000000
735781.043055555550,-0.086000000000,15.037000000000,15.004000000000
735781.043749999950,-0.082000000000,12.081000000000,12.052000000000
735781.044444444470,-0.079000000000,10.353000000000,10.326000000000
735781.045138888880,-0.078000000000,12.084000000000,12.058000000000
735781.045833333280,-0.074000000000,14.044000000000,14.021000000000
735781.046527777800,-0.074000000000,13.885000000000,13.862000000000
735781.047222222200,-0.074000000000,12.322000000000,12.299000000000
735781.047916666720,-0.079000000000,18.027000000000,18.000000000000
735781.048611111120,-0.085000000000,17.696000000000,17.665000000000
735781.049305555530,-0.084000000000,18.672000000000,18.640000000000
735781.050000000050,-0.084000000000,18.087000000000,18.054000000000
735781.050694444450,-0.084000000000,17.859000000000,17.828000000000
735781.051388888850,-0.085000000000,16.631000000000,16.599000000000
735781.052083333370,-0.085000000000,19.002000000000,18.969000000000
735781.052777777780,-0.084000000000,19.392000000000,19.359000000000
735781.053472222180,-0.085000000000,19.426000000000,19.393000000000
735781.054166666700,-0.084000000000,19.125000000000,19.092000000000
735781.054861111100,-0.086000000000,17.736000000000,17.703000000000
735781.055555555500,-0.085000000000,16.881000000000,16.850000000000
735781.056250000020,-0.085000000000,16.479000000000,16.447000000000
735781.056944444430,-0.085000000000,16.246000000000,16.215000000000
735781.057638888950,-0.086000000000,16.174000000000,16.143000000000
735781.058333333350,-0.085000000000,16.236000000000,16.204000000000
735781.059027777750,-0.085000000000,16.318000000000,16.285000000000
735781.059722222270,-0.085000000000,16.214000000000,16.182000000000
735781.060416666670,-0.086000000000,16.182000000000,16.149000000000
735781.061111111080,-0.081000000000,17.878000000000,17.848000000000
735781.061805555600,-0.079000000000,18.868000000000,18.840000000000
735781.062500000000,-0.079000000000,20.369000000000,20.342000000000
735781.063194444400,-0.081000000000,21.974000000000,21.945000000000
735781.063888888920,-0.083000000000,23.154000000000,23.124000000000
735781.064583333330,-0.086000000000,24.439000000000,24.406000000000
735781.065277777730,-0.089000000000,26.603000000000,26.570000000000
735781.065972222250,-0.089000000000,27.519000000000,27.486000000000
735781.066666666650,-0.089000000000,26.613000000000,26.580000000000
735781.067361111050,-0.087000000000,18.763000000000,18.733000000000
735781.068055555570,-0.081000000000,14.606000000000,14.579000000000
735781.068749999980,-0.079000000000,13.079000000000,13.050000000000
735781.069444444500,-0.079000000000,12.787000000000,12.760000000000
735781.070138888900,-0.079000000000,10.706000000000,10.679000000000
735781.070833333300,-0.080000000000,10.439000000000,10.412000000000
735781.071527777820,-0.080000000000,10.193000000000,10.167000000000
735781.072222222220,-0.080000000000,10.302000000000,10.275000000000
735781.072916666630,-0.080000000000,10.542000000000,10.516000000000
735781.073611111150,-0.080000000000,11.005000000000,10.978000000000
735781.074305555550,-0.085000000000,15.683000000000,15.650000000000
735781.074999999950,-0.087000000000,17.148000000000,17.117000000000
735781.075694444470,-0.086000000000,16.948000000000,16.918000000000
735781.076388888880,-0.086000000000,16.641000000000,16.610000000000
735781.077083333280,-0.083000000000,17.925000000000,17.894000000000
735781.077777777800,-0.080000000000,19.331000000000,19.301000000000
735781.078472222200,-0.080000000000,18.992000000000,18.962000000000
735781.079166666720,-0.079000000000,18.555000000000,18.526000000000
735781.079861111120,-0.082000000000,18.333000000000,18.301000000000
735781.080555555530,-0.084000000000,21.120000000000,21.089000000000
735781.081250000050,-0.087000000000,20.620000000000,20.587000000000
735781.081944444450,-0.087000000000,20.623000000000,20.591000000000
735781.082638888850,-0.087000000000,21.961000000000,21.929000000000
735781.083333333370,-0.087000000000,21.469000000000,21.436000000000
735781.084027777780,-0.086000000000,21.680000000000,21.650000000000
735781.084722222180,-0.084000000000,20.924000000000,20.891000000000
735781.085416666700,-0.078000000000,16.493000000000,16.466000000000
735781.086111111100,-0.079000000000,13.617000000000,13.591000000000
735781.086805555500,-0.079000000000,12.923000000000,12.896000000000
735781.087500000020,-0.081000000000,11.641000000000,11.615000000000
735781.088194444430,-0.080000000000,11.574000000000,11.548000000000
735781.088888888950,-0.080000000000,11.424000000000,11.398000000000
735781.089583333350,-0.080000000000,11.368000000000,11.342000000000
735781.090277777750,-0.082000000000,13.761000000000,13.730000000000
735781.090972222270,-0.086000000000,16.757000000000,16.725000000000
735781.091666666670,-0.085000000000,16.360000000000,16.327000000000
735781.092361111080,-0.084000000000,16.709000000000,16.679000000000
735781.093055555600,-0.077000000000,19.357000000000,19.328000000000
735781.093750000000,-0.077000000000,19.243000000000,19.215000000000
735781.094444444400,-0.078000000000,19.446000000000,19.419000000000
735781.095138888920,-0.079000000000,19.119000000000,19.091000000000
735781.095833333330,-0.082000000000,17.027000000000,16.994000000000
735781.096527777730,-0.084000000000,17.751000000000,17.718000000000
735781.097222222250,-0.085000000000,20.447000000000,20.414000000000
735781.097916666650,-0.085000000000,20.285000000000,20.252000000000
735781.098611111050,-0.085000000000,20.057000000000,20.026000000000
735781.099305555570,-0.084000000000,18.125000000000,18.094000000000
735781.099999999980,-0.079000000000,12.909000000000,12.882000000000
735781.100694444500,-0.079000000000,12.081000000000,12.054000000000
735781.101388888900,-0.079000000000,11.544000000000,11.517000000000
735781.102083333300,-0.079000000000,9.453000000000,9.426000000000
735781.102777777820,-0.079000000000,10.539000000000,10.512000000000
735781.103472222220,-0.078000000000,11.390000000000,11.363000000000
735781.104166666630,-0.078000000000,11.285000000000,11.259000000000
735781.104861111150,-0.082000000000,13.149000000000,13.121000000000
735781.105555555550,-0.087000000000,16.592000000000,16.559000000000
735781.106249999950,-0.086000000000,17.168000000000,17.137000000000
735781.106944444470,-0.088000000000,17.053000000000,17.020000000000
735781.107638888880,-0.088000000000,15.325000000000,15.292000000000
735781.108333333280,-0.085000000000,15.615000000000,15.584000000000
735781.109027777800,-0.081000000000,17.142000000000,17.111000000000
735781.109722222200,-0.081000000000,16.784000000000,16.754000000000
735781.110416666720,-0.081000000000,17.736000000000,17.706000000000
735781.111111111120,-0.083000000000,18.592000000000,18.561000000000
735781.111805555530,-0.083000000000,20.299000000000,20.266000000000
735781.112500000050,-0.086000000000,19.702000000000,19.670000000000
735781.113194444450,-0.085000000000,22.295000000000,22.265000000000
735781.113888888850,-0.081000000000,19.889000000000,19.862000000000
735781.114583333370,-0.081000000000,19.512000000000,19.485000000000
735781.115277777780,-0.082000000000,19.516000000000,19.490000000000
735781.115972222180,-0.082000000000,18.109000000000,18.082000000000
735781.116666666700,-0.080000000000,17.774000000000,17.747000000000
735781.117361111100,-0.077000000000,16.683000000000,16.656000000000
735781.118055555500,-0.077000000000,15.799000000000,15.773000000000
735781.118750000020,-0.080000000000,15.495000000000,15.468000000000
735781.119444444430,-0.084000000000,19.582000000000,19.551000000000
735781.120138888950,-0.085000000000,21.336000000000,21.303000000000
735781.120833333350,-0.085000000000,21.437000000000,21.406000000000
735781.121527777750,-0.085000000000,21.456000000000,21.423000000000
735781.122222222270,-0.084000000000,21.279000000000,21.248000000000
735781.122916666670,-0.084000000000,22.142000000000,22.110000000000
735781.123611111080,-0.083000000000,23.239000000000,23.208000000000
735781.124305555600,-0.080000000000,24.122000000000,24.091000000000
735781.125000000000,-0.077000000000,24.783000000000,24.754000000000
735781.125694444400,-0.078000000000,22.556000000000,22.527000000000
735781.126388888920,-0.078000000000,22.390000000000,22.364000000000
735781.127083333330,-0.078000000000,16.163000000000,16.135000000000
735781.127777777730,-0.079000000000,10.690000000000,10.664000000000
735781.128472222250,-0.080000000000,9.308000000000,9.282000000000
735781.129166666650,-0.082000000000,12.568000000000,12.541000000000
735781.129861111050,-0.082000000000,12.308000000000,12.282000000000
735781.130555555570,-0.082000000000,12.115000000000,12.088000000000
735781.131249999980,-0.082000000000,11.555000000000,11.529000000000
735781.131944444500,-0.081000000000,10.231000000000,10.204000000000
735781.132638888900,-0.080000000000,10.108000000000,10.081000000000
735781.133333333300,-0.081000000000,12.146000000000,12.117000000000
735781.134027777820,-0.086000000000,13.540000000000,13.508000000000
735781.134722222220,-0.087000000000,13.946000000000,13.913000000000
735781.135416666630,-0.088000000000,13.832000000000,13.802000000000
735781.136111111150,-0.088000000000,14.448000000000,14.416000000000
735781.136805555550,-0.087000000000,14.562000000000,14.529000000000
735781.137499999950,-0.087000000000,14.493000000000,14.462000000000
735781.138194444470,-0.088000000000,14.203000000000,14.171000000000
735781.138888888880,-0.086000000000,13.541000000000,13.508000000000
735781.139583333280,-0.085000000000,13.292000000000,13.260000000000
735781.140277777800,-0.083000000000,12.910000000000,12.879000000000
735781.140972222200,-0.074000000000,10.659000000000,10.635000000000
735781.141666666720,-0.072000000000,10.714000000000,10.690000000000
735781.142361111120,-0.073000000000,10.724000000000,10.701000000000
735781.143055555530,-0.073000000000,11.996000000000,11.973000000000
735781.143750000050,-0.077000000000,11.007000000000,10.980000000000
735781.144444444450,-0.078000000000,12.297000000000,12.271000000000
735781.145138888850,-0.077000000000,12.696000000000,12.672000000000
735781.145833333370,-0.078000000000,11.330000000000,11.306000000000
735781.146527777780,-0.077000000000,10.124000000000,10.100000000000
735781.147222222180,-0.077000000000,9.800000000000,9.776000000000
735781.147916666700,-0.083000000000,13.390000000000,13.361000000000
735781.148611111100,-0.083000000000,13.240000000000,13.212000000000
735781.149305555500,-0.083000000000,12.339000000000,12.311000000000
735781.150000000020,-0.083000000000,10.900000000000,10.870000000000
735781.150694444430,-0.082000000000,10.525000000000,10.495000000000
735781.151388888950,-0.083000000000,10.510000000000,10.480000000000
735781.152083333350,-0.084000000000,11.208000000000,11.178000000000
735781.152777777750,-0.084000000000,11.101000000000,11.071000000000
735781.153472222270,-0.084000000000,11.476000000000,11.446000000000
735781.154166666670,-0.082000000000,9.685000000000,9.658000000000
735781.154861111080,-0.078000000000,6.381000000000,6.357000000000
735781.155555555600,-0.078000000000,5.807000000000,5.783000000000
735781.156250000000,-0.077000000000,5.218000000000,5.194000000000
735781.156944444400,-0.071000000000,7.191000000000,7.169000000000
735781.157638888920,-0.069000000000,8.006000000000,7.985000000000
735781.158333333330,-0.069000000000,8.293000000000,8.270000000000
735781.159027777730,-0.069000000000,8.205000000000,8.185000000000
735781.159722222250,-0.073000000000,6.538000000000,6.514000000000
735781.160416666650,-0.075000000000,9.084000000000,9.060000000000
735781.161111111050,-0.078000000000,9.792000000000,9.768000000000
735781.161805555570,-0.078000000000,9.741000000000,9.717000000000
735781.162499999980,-0.078000000000,9.711000000000,9.687000000000
735781.163194444500,-0.078000000000,8.002000000000,7.978000000000
735781.163888888900,-0.078000000000,7.760000000000,7.736000000000
735781.164583333300,-0.076000000000,7.496000000000,7.472000000000
735781.165277777820,-0.077000000000,5.812000000000,5.788000000000
735781.165972222220,-0.077000000000,5.706000000000,5.682000000000
735781.166666666630,-0.077000000000,5.507000000000,5.483000000000
735781.167361111150,-0.077000000000,5.455000000000,5.431000000000
735781.168055555550,-0.077000000000,6.491000000000,6.467000000000
735781.168749999950,-0.077000000000,6.515000000000,6.491000000000
735781.169444444470,-0.077000000000,6.616000000000,6.592000000000
735781.170138888880,-0.076000000000,6.647000000000,6.623000000000
735781.170833333280,-0.075000000000,9.182000000000,9.158000000000
735781.171527777800,-0.076000000000,8.954000000000,8.930000000000
735781.172222222200,-0.077000000000,8.452000000000,8.428000000000
735781.172916666720,-0.072000000000,10.332000000000,10.311000000000
735781.173611111120,-0.070000000000,11.227000000000,11.207000000000
735781.174305555530,-0.071000000000,11.332000000000,11.312000000000
735781.175000000050,-0.071000000000,12.474000000000,12.454000000000
735781.175694444450,-0.076000000000,12.864000000000,12.840000000000
735781.176388888850,-0.079000000000,15.076000000000,15.050000000000
735781.177083333370,-0.081000000000,14.720000000000,14.696000000000
735781.177777777780,-0.081000000000,14.710000000000,14.686000000000
735781.178472222180,-0.081000000000,13.847000000000,13.823000000000
735781.179166666700,-0.080000000000,12.484000000000,12.460000000000
735781.179861111100,-0.079000000000,11.809000000000,11.785000000000
735781.180555555500,-0.077000000000,10.530000000000,10.506000000000
735781.181250000020,-0.078000000000,9.202000000000,9.178000000000
735781.181944444430,-0.076000000000,9.165000000000,9.141000000000
735781.182638888950,-0.076000000000,9.157000000000,9.133000000000
735781.183333333350,-0.076000000000,8.224000000000,8.200000000000
735781.184027777750,-0.076000000000,8.197000000000,8.173000000000
735781.184722222270,-0.076000000000,8.101000000000,8.077000000000
735781.185416666670,-0.077000000000,7.915000000000,7.891000000000
735781.186111111080,-0.079000000000,6.582000000000,6.556000000000
735781.186805555600,-0.081000000000,5.367000000000,5.343000000000
735781.187500000000,-0.085000000000,4.761000000000,4.737000000000
735781.188194444400,-0.083000000000,4.369000000000,4.343000000000
735781.188888888920,-0.096000000000,6.283000000000,6.242000000000
735781.189583333330,-0.216000000000,7.238000000000,7.074000000000
735781.190277777730,-0.213000000000,7.192000000000,7.035000000000
735781.190972222250,-0.209000000000,7.152000000000,6.996000000000
735781.191666666650,-0.210000000000,7.753000000000,7.595000000000
735781.192361111050,-0.209000000000,9.500000000000,9.346000000000
735781.193055555570,-0.083000000000,9.840000000000,9.814000000000
735781.193749999980,-0.084000000000,10.550000000000,10.524000000000
735781.194444444500,-0.083000000000,10.065000000000,10.039000000000
735781.195138888900,-0.082000000000,8.840000000000,8.815000000000
735781.195833333300,-0.082000000000,9.376000000000,9.349000000000
735781.196527777820,-0.190000000000,8.067000000000,7.931000000000
735781.197222222220,-0.194000000000,6.765000000000,6.628000000000
735781.197916666630,-0.223000000000,6.947000000000,6.783000000000
735781.198611111150,-0.256000000000,6.915000000000,6.720000000000
735781.199305555550,-0.248000000000,7.090000000000,6.909000000000
735781.199999999950,-0.173000000000,7.453000000000,7.354000000000
735781.200694444470,-0.149000000000,7.516000000000,7.437000000000
735781.201388888880,-0.119000000000,7.169000000000,7.117000000000
735781.202083333280,-0.069000000000,6.912000000000,6.901000000000
735781.202777777800,-0.054000000000,5.776000000000,5.768000000000
735781.203472222200,-0.045000000000,5.805000000000,5.800000000000
735781.204166666720,-0.046000000000,5.059000000000,5.057000000000
735781.204861111120,-0.065000000000,7.333000000000,7.316000000000
735781.205555555530,-0.102000000000,8.024000000000,7.979000000000
735781.206250000050,-0.096000000000,8.087000000000,8.055000000000
735781.206944444450,-0.104000000000,7.836000000000,7.792000000000
735781.207638888850,-0.102000000000,6.680000000000,6.637000000000
735781.208333333370,-0.066000000000,7.914000000000,7.902000000000
735781.209027777780,0.005000000000,7.912000000000,7.966000000000
735781.209722222180,0.012000000000,8.020000000000,8.072000000000
735781.210416666700,0.029000000000,6.478000000000,6.539000000000
735781.211111111100,0.041000000000,8.356000000000,8.426000000000
735781.211805555500,0.059000000000,8.377000000000,8.464000000000
735781.212500000020,0.084000000000,5.677000000000,5.777000000000
735781.213194444430,0.125000000000,7.162000000000,7.299000000000
735781.213888888950,0.132000000000,5.900000000000,6.043000000000
735781.214583333350,0.142000000000,5.348000000000,5.505000000000
735781.215277777750,0.159000000000,5.696000000000,5.865000000000
735781.215972222270,0.192000000000,6.437000000000,6.639000000000
735781.216666666670,0.209000000000,6.913000000000,7.129000000000
735781.217361111080,0.222000000000,7.245000000000,7.475000000000
735781.218055555600,0.284000000000,7.582000000000,7.878000000000
735781.218750000000,0.322000000000,7.137000000000,7.464000000000
735781.219444444400,0.306000000000,7.254000000000,7.560000000000
735781.220138888920,0.325000000000,7.156000000000,7.486000000000
735781.220833333330,0.333000000000,9.238000000000,9.575000000000
735781.221527777730,0.307000000000,9.840000000000,10.149000000000
735781.222222222250,0.325000000000,9.632000000000,9.960000000000
735781.222916666650,0.352000000000,9.468000000000,9.821000000000
735781.223611111050,0.389000000000,10.116000000000,10.503000000000
735781.224305555570,0.434000000000,9.158000000000,9.590000000000
735781.224999999980,0.483000000000,8.884000000000,9.371000000000
735781.225694444500,0.525000000000,7.435000000000,7.960000000000
735781.226388888900,0.575000000000,5.796000000000,6.372000000000
735781.227083333300,0.594000000000,5.886000000000,6.480000000000
735781.227777777820,0.672000000000,6.951000000000,7.624000000000
735781.228472222220,0.825000000000,5.203000000000,6.028000000000
735781.229166666630,0.836000000000,4.878000000000,5.712000000000
735781.229861111150,0.782000000000,4.854000000000,5.635000000000
735781.230555555550,0.814000000000,4.598000000000,5.413000000000
735781.231249999950,0.830000000000,4.483000000000,5.313000000000
735781.231944444470,0.842000000000,4.552000000000,5.396000000000
735781.232638888880,0.903000000000,4.354000000000,5.257000000000
735781.233333333280,0.958000000000,4.814000000000,5.769000000000
735781.234027777800,1.026000000000,5.174000000000,6.201000000000
735781.234722222200,1.061000000000,5.732000000000,6.797000000000
735781.235416666720,1.022000000000,6.778000000000,7.799000000000
735781.236111111120,1.099000000000,6.693000000000,7.792000000000
735781.236805555530,1.265000000000,6.524000000000,7.789000000000
735781.237500000050,1.213000000000,8.672000000000,9.885000000000
735781.238194444450,1.222000000000,9.548000000000,10.769000000000
735781.238888888850,1.321000000000,8.885000000000,10.202000000000
735781.239583333370,1.460000000000,10.814000000000,12.275000000000
735781.240277777780,1.483000000000,8.652000000000,10.137000000000
735781.240972222180,1.636000000000,8.058000000000,9.698000000000
735781.241666666700,1.544000000000,7.172000000000,8.719000000000
735781.242361111100,1.390000000000,5.682000000000,7.074000000000
735781.243055555500,1.409000000000,5.984000000000,7.390000000000
735781.243750000020,1.534000000000,4.972000000000,6.502000000000
735781.244444444430,1.752000000000,4.484000000000,6.233000000000
735781.245138888950,2.003000000000,3.924000000000,5.928000000000
735781.245833333350,2.093000000000,4.017000000000,6.111000000000
735781.246527777750,2.212000000000,3.008000000000,5.221000000000
735781.247222222270,2.115000000000,2.981000000000,5.096000000000
735781.247916666670,2.023000000000,3.335000000000,5.358000000000
735781.248611111080,2.070000000000,3.219000000000,5.289000000000
735781.249305555600,2.075000000000,3.058000000000,5.134000000000
735781.250000000000,2.166000000000,3.181000000000,5.348000000000
735781.250694444400,2.274000000000,2.855000000000,5.129000000000
735781.251388888920,2.300000000000,3.641000000000,5.940000000000
735781.252083333330,2.387000000000,4.100000000000,6.487000000000
735781.252777777730,2.448000000000,4.188000000000,6.639000000000
735781.253472222250,2.644000000000,6.947000000000,9.590000000000
735781.254166666650,2.768000000000,7.272000000000,10.041000000000
735781.254861111050,2.824000000000,6.223000000000,9.048000000000
735781.255555555570,2.699000000000,6.320000000000,9.021000000000
735781.256249999980,2.757000000000,4.564000000000,7.322000000000
735781.256944444500,2.961000000000,3.562000000000,6.523000000000
735781.257638888900,3.028000000000,3.365000000000,6.393000000000
735781.258333333300,3.048000000000,3.005000000000,6.052000000000
735781.259027777820,3.078000000000,3.933000000000,7.012000000000
735781.259722222220,3.206000000000,4.359000000000,7.563000000000
735781.260416666630,3.371000000000,3.892000000000,7.262000000000
735781.261111111150,3.454000000000,3.890000000000,7.346000000000
735781.261805555550,3.580000000000,3.664000000000,7.244000000000
735781.262499999950,3.975000000000,3.670000000000,7.647000000000
735781.263194444470,4.015000000000,4.881000000000,8.894000000000
735781.263888888880,3.865000000000,3.754000000000,7.621000000000
735781.264583333280,3.874000000000,3.984000000000,7.860000000000
735781.265277777800,3.991000000000,4.172000000000,8.162000000000
735781.265972222200,4.086000000000,3.812000000000,7.898000000000
735781.266666666720,4.177000000000,3.621000000000,7.795000000000
735781.267361111120,4.171000000000,3.432000000000,7.603000000000
735781.268055555530,4.480000000000,2.095000000000,6.574000000000
735781.268750000050,5.233000000000,1.232000000000,6.464000000000
735781.269444444450,5.641000000000,2.883000000000,8.527000000000
735781.270138888850,5.401000000000,3.081000000000,8.484000000000
735781.270833333370,5.335000000000,2.991000000000,8.324000000000
735781.271527777780,5.956000000000,1.177000000000,7.132000000000
735781.272222222180,5.708000000000,0.441000000000,6.148000000000
735781.272916666700,5.095000000000,0.207000000000,5.302000000000
735781.273611111100,5.564000000000,0.363000000000,5.927000000000
735781.274305555500,5.639000000000,0.488000000000,6.126000000000
735781.275000000020,5.907000000000,0.190000000000,6.098000000000
735781.275694444430,6.467000000000,-0.165000000000,6.303000000000
735781.276388888950,6.079000000000,0.250000000000,6.330000000000
735781.277083333350,5.852000000000,0.869000000000,6.721000000000
735781.277777777750,6.375000000000,-0.101000000000,6.274000000000
735781.278472222270,6.740000000000,-0.278000000000,6.461000000000
735781.279166666670,7.048000000000,-0.194000000000,6.851000000000
735781.279861111080,6.634000000000,0.277000000000,6.911000000000
735781.280555555600,6.612000000000,1.319000000000,7.927000000000
735781.281250000000,6.365000000000,1.711000000000,8.076000000000
735781.281944444400,6.850000000000,1.742000000000,8.593000000000
735781.282638888920,6.978000000000,1.838000000000,8.816000000000
735781.283333333330,7.208000000000,1.585000000000,8.793000000000
735781.284027777730,7.020000000000,1.672000000000,8.693000000000
735781.284722222250,6.936000000000,2.984000000000,9.921000000000
735781.285416666650,6.518000000000,6.313000000000,12.831000000000
735781.286111111050,5.705000000000,6.362000000000,12.068000000000
735781.286805555570,5.631000000000,4.672000000000,10.301000000000
735781.287499999980,6.500000000000,1.315000000000,7.816000000000
735781.288194444500,6.547000000000,0.085000000000,6.630000000000
735781.288888888900,6.215000000000,-0.630000000000,5.586000000000
735781.289583333300,6.356000000000,-0.674000000000,5.682000000000
735781.290277777820,5.992000000000,0.334000000000,6.326000000000
735781.290972222220,7.293000000000,-0.394000000000,6.899000000000
735781.291666666630,7.084000000000,2.837000000000,9.926000000000
735781.292361111150,7.168000000000,2.840000000000,10.007000000000
735781.293055555550,6.556000000000,3.457000000000,10.013000000000
735781.293749999950,6.109000000000,4.131000000000,10.243000000000
735781.294444444470,6.094000000000,5.766000000000,11.861000000000
735781.295138888880,7.089000000000,5.505000000000,12.595000000000
735781.295833333280,7.742000000000,3.930000000000,11.671000000000
735781.296527777800,7.194000000000,5.065000000000,12.256000000000
735781.297222222200,8.246000000000,4.697000000000,12.943000000000
735781.297916666720,7.919000000000,3.914000000000,11.834000000000
735781.298611111120,6.641000000000,5.166000000000,11.807000000000
735781.299305555530,7.042000000000,6.170000000000,13.213000000000
735781.300000000050,8.800000000000,4.201000000000,13.003000000000
735781.300694444450,9.123000000000,3.803000000000,12.925000000000
735781.301388888850,7.691000000000,5.989000000000,13.682000000000
735781.302083333370,7.617000000000,4.378000000000,11.997000000000
735781.302777777780,9.060000000000,2.806000000000,11.867000000000
735781.303472222180,9.449000000000,2.208000000000,11.659000000000
735781.304166666700,9.893000000000,1.560000000000,11.451000000000
735781.304861111100,10.072000000000,0.873000000000,10.949000000000
735781.305555555500,10.136000000000,-1.312000000000,8.823000000000
735781.306250000020,10.207000000000,-2.442000000000,7.765000000000
735781.306944444430,9.969000000000,-2.626000000000,7.344000000000
735781.307638888950,9.920000000000,-1.042000000000,8.878000000000
735781.308333333350,10.051000000000,-2.551000000000,7.500000000000
735781.309027777750,10.390000000000,-3.069000000000,7.320000000000
735781.309722222270,10.447000000000,-3.712000000000,6.737000000000
735781.310416666670,10.420000000000,-3.338000000000,7.081000000000
735781.311111111080,10.636000000000,-3.427000000000,7.208000000000
735781.311805555600,10.670000000000,-3.266000000000,7.405000000000
735781.312500000000,10.549000000000,-0.412000000000,10.136000000000
735781.313194444400,10.586000000000,2.556000000000,13.141000000000
735781.313888888920,10.529000000000,1.680000000000,12.209000000000
735781.314583333330,10.922000000000,0.610000000000,11.532000000000
735781.315277777730,11.026000000000,0.522000000000,11.549000000000
735781.315972222250,11.158000000000,1.379000000000,12.538000000000
735781.316666666650,11.955000000000,-0.719000000000,11.238000000000
735781.317361111050,12.410000000000,-2.290000000000,10.121000000000
735781.318055555570,12.673000000000,-3.122000000000,9.552000000000
735781.318749999980,12.702000000000,-3.128000000000,9.574000000000
735781.319444444500,13.029000000000,-2.748000000000,10.281000000000
735781.320138888900,13.007000000000,-0.327000000000,12.679000000000
735781.320833333300,13.269000000000,-0.671000000000,12.598000000000
735781.321527777820,13.578000000000,-1.161000000000,12.417000000000
735781.322222222220,13.836000000000,-1.846000000000,11.991000000000
735781.322916666630,13.797000000000,-1.242000000000,12.555000000000
735781.323611111150,13.574000000000,-0.771000000000,12.806000000000
735781.324305555550,13.411000000000,-0.200000000000,13.210000000000
735781.324999999950,13.613000000000,0.726000000000,14.339000000000
735781.325694444470,13.454000000000,-0.764000000000,12.690000000000
735781.326388888880,13.745000000000,1.980000000000,15.724000000000
735781.327083333280,14.035000000000,2.327000000000,16.362000000000
735781.327777777800,14.244000000000,1.325000000000,15.569000000000
735781.328472222200,14.814000000000,1.734000000000,16.546000000000
735781.329166666720,14.621000000000,0.044000000000,14.669000000000
735781.329861111120,14.520000000000,0.477000000000,14.997000000000
735781.330555555530,14.677000000000,-3.966000000000,10.708000000000
735781.331250000050,15.065000000000,-5.308000000000,9.758000000000
735781.331944444450,15.654000000000,-6.652000000000,9.004000000000
735781.332638888850,16.116000000000,-7.709000000000,8.407000000000
735781.333333333370,16.126000000000,-7.841000000000,8.284000000000
735781.334027777780,15.890000000000,-7.226000000000,8.661000000000
735781.334722222180,16.188000000000,-6.693000000000,9.495000000000
735781.335416666700,16.352000000000,-6.923000000000,9.427000000000
735781.336111111100,16.217000000000,-6.962000000000,9.254000000000
735781.336805555500,15.990000000000,-6.684000000000,9.303000000000
735781.337500000020,15.986000000000,-6.757000000000,9.228000000000
735781.338194444430,16.591000000000,-7.383000000000,9.207000000000
735781.338888888950,16.141000000000,-6.838000000000,9.303000000000
735781.339583333350,15.503000000000,-4.164000000000,11.341000000000
735781.340277777750,15.811000000000,-2.411000000000,13.398000000000
735781.340972222270,16.126000000000,-1.900000000000,14.226000000000
735781.341666666670,16.111000000000,-1.944000000000,14.167000000000
735781.342361111080,16.287000000000,-1.098000000000,15.190000000000
735781.343055555600,15.598000000000,-1.035000000000,14.564000000000
735781.343750000000,16.138000000000,-2.353000000000,13.785000000000
735781.344444444400,16.297000000000,-2.337000000000,13.958000000000
735781.345138888920,16.141000000000,-3.686000000000,12.456000000000
735781.345833333330,16.177000000000,-4.206000000000,11.971000000000
735781.346527777730,16.535000000000,-4.850000000000,11.686000000000
735781.347222222250,15.833000000000,-4.050000000000,11.785000000000
735781.347916666650,15.852000000000,-3.336000000000,12.519000000000
735781.348611111050,15.646000000000,-3.383000000000,12.263000000000
735781.349305555570,16.274000000000,-5.108000000000,11.163000000000
735781.349999999980,15.695000000000,-5.042000000000,10.654000000000
735781.350694444500,16.523000000000,-6.312000000000,10.213000000000
735781.351388888900,17.009000000000,-8.244000000000,8.766000000000
735781.352083333300,17.476000000000,-9.176000000000,8.301000000000
735781.352777777820,17.743000000000,-9.168000000000,8.574000000000
735781.353472222220,18.010000000000,-8.534000000000,9.478000000000
735781.354166666630,17.446000000000,-6.199000000000,11.250000000000
735781.354861111150,17.765000000000,-5.226000000000,12.541000000000
735781.355555555550,18.176000000000,-4.708000000000,13.472000000000
735781.356249999950,18.897000000000,-4.743000000000,14.152000000000
735781.356944444470,18.420000000000,-5.010000000000,13.409000000000
735781.357638888880,19.038000000000,-5.720000000000,13.318000000000
735781.358333333280,18.245000000000,-6.588000000000,11.658000000000
735781.359027777800,18.126000000000,-6.922000000000,11.203000000000
735781.359722222200,18.655000000000,-8.783000000000,9.869000000000
735781.360416666720,18.544000000000,-9.921000000000,8.621000000000
735781.361111111120,17.990000000000,-8.684000000000,9.307000000000
735781.361805555530,18.402000000000,-8.768000000000,9.638000000000
735781.362500000050,18.504000000000,-5.851000000000,12.654000000000
735781.363194444450,19.263000000000,-4.227000000000,15.037000000000
735781.363888888850,18.695000000000,-3.172000000000,15.522000000000
735781.364583333370,18.468000000000,-3.356000000000,15.114000000000
735781.365277777780,19.562000000000,-4.173000000000,15.391000000000
735781.365972222180,19.861000000000,-4.455000000000,15.406000000000
735781.366666666700,20.102000000000,-4.758000000000,15.342000000000
735781.367361111100,20.278000000000,-4.249000000000,16.029000000000
735781.368055555500,20.312000000000,-3.818000000000,16.495000000000
735781.368750000020,20.716000000000,-3.129000000000,17.584000000000
735781.369444444430,20.887000000000,-3.245000000000,17.642000000000
735781.370138888950,21.317000000000,-4.164000000000,17.153000000000
735781.370833333350,21.459000000000,-4.599000000000,16.857000000000
735781.371527777750,20.233000000000,-2.303000000000,17.929000000000
735781.372222222270,21.047000000000,-2.677000000000,18.371000000000
735781.372916666670,21.157000000000,-5.906000000000,15.251000000000
735781.373611111080,20.007000000000,-5.466000000000,14.539000000000
735781.374305555600,18.667000000000,-4.932000000000,13.734000000000
735781.375000000000,16.999000000000,-2.784000000000,14.212000000000
735781.375694444400,19.747000000000,-5.204000000000,14.541000000000
735781.376388888920,21.211000000000,-6.412000000000,14.798000000000
735781.377083333330,21.475000000000,-6.762000000000,14.713000000000
735781.377777777730,20.494000000000,-6.940000000000,13.552000000000
735781.378472222250,22.373000000000,-11.798000000000,10.576000000000
735781.379166666650,23.166000000000,-12.640000000000,10.525000000000
735781.379861111050,21.538000000000,-9.969000000000,11.571000000000
735781.380555555570,19.580000000000,-7.897000000000,11.680000000000
735781.381249999980,19.544000000000,-7.667000000000,11.879000000000
735781.381944444500,19.612000000000,-7.720000000000,11.889000000000
735781.382638888900,22.232000000000,-7.555000000000,14.678000000000
735781.383333333300,22.807000000000,-6.575000000000,16.233000000000
735781.384027777820,22.892000000000,-7.421000000000,15.473000000000
735781.384722222220,23.395000000000,-6.744000000000,16.653000000000
735781.385416666630,23.672000000000,-6.008000000000,17.665000000000
735781.386111111150,23.889000000000,-7.426000000000,16.463000000000
735781.386805555550,23.426000000000,-7.434000000000,15.991000000000
735781.387499999950,24.438000000000,-10.514000000000,13.923000000000
735781.388194444470,23.670000000000,-9.972000000000,13.699000000000
735781.388888888880,21.529000000000,-7.707000000000,13.817000000000
735781.389583333280,21.899000000000,-7.252000000000,14.649000000000
735781.390277777800,23.002000000000,-8.431000000000,14.572000000000
735781.390972222200,23.337000000000,-9.812000000000,13.525000000000
735781.391666666720,23.838000000000,-8.854000000000,14.986000000000
735781.392361111120,24.194000000000,-9.161000000000,15.036000000000
735781.393055555530,24.659000000000,-10.795000000000,13.867000000000
735781.393750000050,24.056000000000,-10.870000000000,13.187000000000
735781.394444444450,25.272000000000,-12.722000000000,12.551000000000
735781.395138888850,24.694000000000,-13.685000000000,11.010000000000
735781.395833333370,23.465000000000,-14.522000000000,8.940000000000
735781.396527777780,22.452000000000,-13.095000000000,9.358000000000
735781.397222222180,22.741000000000,-10.386000000000,12.356000000000
735781.397916666700,22.469000000000,-10.237000000000,12.234000000000
735781.398611111100,25.322000000000,-11.121000000000,14.205000000000
735781.399305555500,25.423000000000,-11.871000000000,13.552000000000
735781.400000000020,24.988000000000,-11.395000000000,13.593000000000
735781.400694444430,21.772000000000,-9.232000000000,12.541000000000
735781.401388888950,22.847000000000,-11.271000000000,11.577000000000
735781.402083333350,22.935000000000,-12.108000000000,10.830000000000
735781.402777777750,22.981000000000,-12.582000000000,10.400000000000
735781.403472222270,23.383000000000,-12.934000000000,10.449000000000
735781.404166666670,26.085000000000,-16.833000000000,9.250000000000
735781.404861111080,26.325000000000,-17.095000000000,9.229000000000
735781.405555555600,27.690000000000,-17.325000000000,10.366000000000
735781.406250000000,27.199000000000,-17.049000000000,10.148000000000
735781.406944444400,27.045000000000,-16.617000000000,10.427000000000
735781.407638888920,24.740000000000,-13.642000000000,11.098000000000
735781.408333333330,23.515000000000,-12.501000000000,11.014000000000
735781.409027777730,23.771000000000,-12.877000000000,10.893000000000
735781.409722222250,24.792000000000,-13.946000000000,10.848000000000
735781.410416666650,25.980000000000,-15.025000000000,10.954000000000
735781.411111111050,26.161000000000,-13.106000000000,13.055000000000
735781.411805555570,26.299000000000,-12.858000000000,13.442000000000
735781.412499999980,26.340000000000,-12.783000000000,13.560000000000
735781.413194444500,26.419000000000,-12.601000000000,13.820000000000
735781.413888888900,27.064000000000,-12.300000000000,14.764000000000
735781.414583333300,26.264000000000,-12.615000000000,13.646000000000
735781.415277777820,26.182000000000,-14.041000000000,12.142000000000
735781.415972222220,26.230000000000,-14.255000000000,11.977000000000
735781.416666666630,24.883000000000,-12.410000000000,12.471000000000
735781.417361111150,26.525000000000,-14.049000000000,12.476000000000
735781.418055555550,26.142000000000,-13.704000000000,12.439000000000
735781.418749999950,26.787000000000,-15.491000000000,11.293000000000
735781.419444444470,26.722000000000,-12.473000000000,14.251000000000
735781.420138888880,26.885000000000,-13.056000000000,13.828000000000
735781.420833333280,26.138000000000,-12.486000000000,13.652000000000
735781.421527777800,26.723000000000,-13.280000000000,13.444000000000
735781.422222222200,27.052000000000,-13.031000000000,14.019000000000
735781.422916666720,25.787000000000,-13.027000000000,12.759000000000
735781.423611111120,26.504000000000,-14.652000000000,11.852000000000
735781.424305555530,25.297000000000,-14.828000000000,10.469000000000
735781.425000000050,24.321000000000,-12.365000000000,11.955000000000
735781.425694444450,26.801000000000,-12.149000000000,14.651000000000
735781.426388888850,28.546000000000,-13.323000000000,15.223000000000
735781.427083333370,27.080000000000,-9.479000000000,17.603000000000
735781.427777777780,28.202000000000,-9.261000000000,18.939000000000
735781.428472222180,27.391000000000,-7.930000000000,19.460000000000
735781.429166666700,28.183000000000,-6.571000000000,21.611000000000
735781.429861111100,28.144000000000,-6.669000000000,21.475000000000
735781.430555555500,28.217000000000,-7.960000000000,20.256000000000
735781.431250000020,28.115000000000,-6.801000000000,21.313000000000
735781.431944444430,28.520000000000,-11.053000000000,17.468000000000
735781.432638888950,27.033000000000,-8.056000000000,18.976000000000
735781.433333333350,26.048000000000,-7.465000000000,18.583000000000
735781.434027777750,25.668000000000,-7.642000000000,18.026000000000
735781.434722222270,27.285000000000,-11.399000000000,15.885000000000
735781.435416666670,26.215000000000,-9.687000000000,16.527000000000
735781.436111111080,26.972000000000,-13.386000000000,13.588000000000
735781.436805555600,27.218000000000,-13.781000000000,13.439000000000
735781.437500000000,28.149000000000,-14.783000000000,13.371000000000
735781.438194444400,27.802000000000,-14.608000000000,13.194000000000
735781.438888888920,25.400000000000,-10.239000000000,15.164000000000
735781.439583333330,26.316000000000,-10.566000000000,15.750000000000
735781.440277777730,29.047000000000,-15.118000000000,13.929000000000
735781.440972222250,28.473000000000,-15.777000000000,12.694000000000
735781.441666666650,28.837000000000,-19.269000000000,9.568000000000
735781.442361111050,28.788000000000,-20.150000000000,8.639000000000
735781.443055555570,27.843000000000,-19.817000000000,8.025000000000
735781.443749999980,26.336000000000,-18.415000000000,7.922000000000
735781.444444444500,27.457000000000,-18.154000000000,9.302000000000
735781.445138888900,27.249000000000,-14.810000000000,12.439000000000
735781.445833333300,28.590000000000,-16.180000000000,12.411000000000
735781.446527777820,28.035000000000,-15.633000000000,12.401000000000
735781.447222222220,29.765000000000,-17.080000000000,12.685000000000
735781.447916666630,29.633000000000,-17.105000000000,12.529000000000
735781.448611111150,29.355000000000,-15.452000000000,13.905000000000
735781.449305555550,28.528000000000,-15.388000000000,13.140000000000
735781.449999999950,26.406000000000,-13.311000000000,13.096000000000
735781.450694444470,27.776000000000,-8.486000000000,19.293000000000
735781.451388888880,27.890000000000,-7.149000000000,20.739000000000
735781.452083333280,26.967000000000,-7.702000000000,19.266000000000
735781.452777777800,27.029000000000,-7.752000000000,19.278000000000
735781.453472222200,26.691000000000,-8.025000000000,18.666000000000
735781.454166666720,26.397000000000,-5.922000000000,20.472000000000
735781.454861111120,26.150000000000,-6.483000000000,19.665000000000
735781.455555555530,28.231000000000,-11.286000000000,16.947000000000
735781.456250000050,28.081000000000,-9.502000000000,18.580000000000
735781.456944444450,26.013000000000,-7.168000000000,18.846000000000
735781.457638888850,26.182000000000,-6.269000000000,19.913000000000
735781.458333333370,30.353000000000,-5.728000000000,24.627000000000
735781.459027777780,28.846000000000,-8.491000000000,20.351000000000
735781.459722222180,27.241000000000,-3.389000000000,23.855000000000
735781.460416666700,28.486000000000,-5.206000000000,23.278000000000
735781.461111111100,29.250000000000,-5.561000000000,23.687000000000
735781.461805555500,29.796000000000,-3.234000000000,26.562000000000
735781.462500000020,29.739000000000,-3.547000000000,26.191000000000
735781.463194444430,31.368000000000,-7.489000000000,23.878000000000
735781.463888888950,30.889000000000,-2.832000000000,28.057000000000
735781.464583333350,31.700000000000,-3.435000000000,28.265000000000
735781.465277777750,30.100000000000,-5.765000000000,24.336000000000
735781.465972222270,31.344000000000,-8.239000000000,23.105000000000
735781.466666666670,30.563000000000,-11.259000000000,19.305000000000
735781.467361111080,28.915000000000,-5.620000000000,23.296000000000
735781.468055555600,28.773000000000,-5.288000000000,23.483000000000
735781.468750000000,30.325000000000,-5.134000000000,25.191000000000
735781.469444444400,31.453000000000,-10.052000000000,21.402000000000
735781.470138888920,30.760000000000,-2.653000000000,28.106000000000
735781.470833333330,28.289000000000,3.589000000000,31.878000000000
735781.471527777730,28.046000000000,2.897000000000,30.942000000000
735781.472222222250,28.019000000000,0.378000000000,28.397000000000
735781.472916666650,27.887000000000,3.028000000000,30.917000000000
735781.473611111050,28.197000000000,3.558000000000,31.756000000000
735781.474305555570,28.451000000000,-1.321000000000,27.130000000000
735781.474999999980,28.539000000000,-5.523000000000,23.016000000000
735781.475694444500,28.879000000000,-1.398000000000,27.479000000000
735781.476388888900,28.727000000000,-2.288000000000,26.437000000000
735781.477083333300,28.594000000000,-1.732000000000,26.863000000000
735781.477777777820,28.392000000000,-6.419000000000,21.974000000000
735781.478472222220,27.812000000000,-1.104000000000,26.707000000000
735781.479166666630,28.111000000000,-1.928000000000,26.182000000000
735781.479861111150,27.237000000000,-3.844000000000,23.394000000000
735781.480555555550,27.307000000000,-6.155000000000,21.152000000000
735781.481249999950,28.442000000000,-3.322000000000,25.116000000000
735781.481944444470,27.043000000000,-4.207000000000,22.837000000000
735781.482638888880,24.767000000000,-6.035000000000,18.734000000000
735781.483333333280,27.946000000000,-12.825000000000,15.121000000000
735781.484027777800,29.808000000000,-14.752000000000,15.057000000000
735781.484722222200,29.725000000000,-7.776000000000,21.950000000000
735781.485416666720,28.022000000000,-5.234000000000,22.789000000000
735781.486111111120,27.348000000000,-6.860000000000,20.487000000000
735781.486805555530,27.519000000000,-6.553000000000,20.966000000000
735781.487500000050,27.151000000000,-1.143000000000,26.008000000000
735781.488194444450,27.503000000000,-4.876000000000,22.630000000000
735781.488888888850,27.598000000000,-13.420000000000,14.178000000000
735781.489583333370,28.146000000000,-14.331000000000,13.814000000000
735781.490277777780,29.729000000000,-8.129000000000,21.600000000000
735781.490972222180,29.613000000000,-8.118000000000,21.493000000000
735781.491666666700,29.040000000000,-11.116000000000,17.924000000000
735781.492361111100,28.801000000000,-10.675000000000,18.125000000000
735781.493055555500,29.876000000000,-11.085000000000,18.790000000000
735781.493750000020,29.573000000000,-6.786000000000,22.784000000000
735781.494444444430,29.650000000000,-8.761000000000,20.892000000000
735781.495138888950,29.447000000000,-13.676000000000,15.771000000000
735781.495833333350,29.745000000000,-15.144000000000,14.606000000000
735781.496527777750,29.520000000000,-15.483000000000,14.036000000000
735781.497222222270,29.995000000000,-17.051000000000,12.946000000000
735781.497916666670,29.857000000000,-17.069000000000,12.787000000000
735781.498611111080,30.287000000000,-17.519000000000,12.769000000000
735781.499305555600,31.418000000000,-18.767000000000,12.650000000000
735781.500000000000,31.737000000000,-19.032000000000,12.707000000000
735781.500694444400,31.807000000000,-15.582000000000,16.227000000000
735781.501388888920,29.248000000000,-11.199000000000,18.047000000000
735781.502083333330,30.032000000000,-11.032000000000,18.999000000000
735781.502777777730,30.111000000000,-13.416000000000,16.696000000000
735781.503472222250,29.503000000000,-12.540000000000,16.961000000000
735781.504166666650,29.788000000000,-12.767000000000,17.021000000000
735781.504861111050,30.230000000000,-14.574000000000,15.656000000000
735781.505555555570,29.843000000000,-14.980000000000,14.863000000000
735781.506249999980,30.420000000000,-17.343000000000,13.078000000000
735781.506944444500,29.080000000000,-16.269000000000,12.811000000000
735781.507638888900,28.181000000000,-16.246000000000,11.937000000000
735781.508333333300,30.885000000000,-20.706000000000,10.179000000000
735781.509027777820,29.986000000000,-20.034000000000,9.953000000000
735781.509722222220,30.148000000000,-15.932000000000,14.217000000000
735781.510416666630,31.097000000000,-13.948000000000,17.152000000000
735781.511111111150,30.026000000000,-12.831000000000,17.195000000000
735781.511805555550,28.793000000000,-11.725000000000,17.071000000000
735781.512499999950,29.385000000000,-11.607000000000,17.775000000000
735781.513194444470,29.238000000000,-11.214000000000,18.023000000000
735781.513888888880,29.717000000000,-8.155000000000,21.563000000000
735781.514583333280,29.810000000000,-5.027000000000,24.783000000000
735781.515277777800,31.672000000000,-6.900000000000,24.770000000000
735781.515972222200,28.645000000000,-4.012000000000,24.632000000000
735781.516666666720,25.656000000000,-2.077000000000,23.580000000000
735781.517361111120,24.545000000000,-1.618000000000,22.929000000000
735781.518055555530,24.615000000000,0.820000000000,25.438000000000
735781.518750000050,24.827000000000,2.065000000000,26.895000000000
735781.519444444450,26.427000000000,1.065000000000,27.492000000000
735781.520138888850,24.944000000000,1.795000000000,26.738000000000
735781.520833333370,31.363000000000,-6.454000000000,24.910000000000
735781.521527777780,32.427000000000,-7.620000000000,24.806000000000
735781.522222222180,32.179000000000,-10.028000000000,22.151000000000
735781.522916666700,32.131000000000,-10.332000000000,21.797000000000
735781.523611111100,32.046000000000,-10.385000000000,21.658000000000
735781.524305555500,31.741000000000,-9.981000000000,21.762000000000
735781.525000000020,31.935000000000,-11.430000000000,20.507000000000
735781.525694444430,31.930000000000,-12.758000000000,19.169000000000
735781.526388888950,31.786000000000,-13.633000000000,18.149000000000
735781.527083333350,31.649000000000,-14.548000000000,17.101000000000
735781.527777777750,31.511000000000,-14.458000000000,17.054000000000
735781.528472222270,29.989000000000,-10.121000000000,19.869000000000
735781.529166666670,31.100000000000,-9.605000000000,21.496000000000
735781.529861111080,31.147000000000,-9.905000000000,21.243000000000
735781.530555555600,31.304000000000,-10.357000000000,20.946000000000
735781.531250000000,31.014000000000,-12.923000000000,18.092000000000
735781.531944444400,30.259000000000,-12.114000000000,18.144000000000
735781.532638888920,30.936000000000,-11.173000000000,19.762000000000
735781.533333333330,30.826000000000,-10.588000000000,20.239000000000
735781.534027777730,30.727000000000,-9.538000000000,21.188000000000
735781.534722222250,30.768000000000,-11.018000000000,19.750000000000
735781.535416666650,30.710000000000,-11.712000000000,19.000000000000
735781.536111111050,29.695000000000,-14.730000000000,14.965000000000
735781.536805555570,30.564000000000,-18.044000000000,12.519000000000
735781.537499999980,30.584000000000,-20.142000000000,10.443000000000
735781.538194444500,30.661000000000,-19.918000000000,10.740000000000
735781.538888888900,30.759000000000,-19.828000000000,10.927000000000
735781.539583333300,30.772000000000,-19.968000000000,10.808000000000
735781.540277777820,30.603000000000,-19.957000000000,10.644000000000
735781.540972222220,30.751000000000,-20.649000000000,10.099000000000
735781.541666666630,30.856000000000,-21.301000000000,9.562000000000
735781.542361111150,30.990000000000,-19.661000000000,11.330000000000
735781.543055555550,30.819000000000,-19.164000000000,11.655000000000
735781.543749999950,30.828000000000,-19.130000000000,11.699000000000
735781.544444444470,31.065000000000,-19.255000000000,11.810000000000
735781.545138888880,31.265000000000,-19.445000000000,11.818000000000
735781.545833333280,31.189000000000,-19.337000000000,11.850000000000
735781.546527777800,31.213000000000,-20.002000000000,11.213000000000
735781.547222222200,31.378000000000,-21.109000000000,10.270000000000
735781.547916666720,30.697000000000,-19.032000000000,11.665000000000
735781.548611111120,28.790000000000,-13.315000000000,15.473000000000
735781.549305555530,28.606000000000,-11.907000000000,16.700000000000
735781.550000000050,29.216000000000,-14.993000000000,14.224000000000
735781.550694444450,25.671000000000,-13.923000000000,11.748000000000
735781.551388888850,27.927000000000,-16.375000000000,11.554000000000
735781.552083333370,30.828000000000,-17.459000000000,13.368000000000
735781.552777777780,26.577000000000,-12.080000000000,14.497000000000
735781.553472222180,29.095000000000,-14.068000000000,15.027000000000
735781.554166666700,31.044000000000,-15.407000000000,15.635000000000
735781.554861111100,30.846000000000,-13.294000000000,17.553000000000
735781.555555555500,31.056000000000,-13.696000000000,17.362000000000
735781.556250000020,29.999000000000,-10.206000000000,19.793000000000
735781.556944444430,30.325000000000,-7.321000000000,23.005000000000
735781.557638888950,30.200000000000,-3.837000000000,26.364000000000
735781.558333333350,28.819000000000,-2.531000000000,26.287000000000
735781.559027777750,28.710000000000,-3.115000000000,25.595000000000
735781.559722222270,31.073000000000,-5.808000000000,25.263000000000
735781.560416666670,31.915000000000,-6.732000000000,25.181000000000
735781.561111111080,29.399000000000,-4.061000000000,25.338000000000
735781.561805555600,28.393000000000,-3.324000000000,25.070000000000
735781.562500000000,27.850000000000,-3.984000000000,23.865000000000
735781.563194444400,30.366000000000,-5.643000000000,24.724000000000
735781.563888888920,29.058000000000,-3.872000000000,25.186000000000
735781.564583333330,30.470000000000,-6.244000000000,24.226000000000
735781.565277777730,30.307000000000,-6.340000000000,23.968000000000
735781.565972222250,28.877000000000,-5.591000000000,23.288000000000
735781.566666666650,29.055000000000,-7.624000000000,21.429000000000
735781.567361111050,29.955000000000,-10.402000000000,19.550000000000
735781.568055555570,29.744000000000,-10.503000000000,19.239000000000
735781.568749999980,29.849000000000,-8.434000000000,21.411000000000
735781.569444444500,29.042000000000,-5.836000000000,23.206000000000
735781.570138888900,27.546000000000,-3.338000000000,24.207000000000
735781.570833333300,27.660000000000,-1.155000000000,26.507000000000
735781.571527777820,29.037000000000,-3.474000000000,25.566000000000
735781.572222222220,27.326000000000,-2.862000000000,24.465000000000
735781.572916666630,27.147000000000,-2.877000000000,24.271000000000
735781.573611111150,28.661000000000,-4.398000000000,24.263000000000
735781.574305555550,27.195000000000,-3.314000000000,23.884000000000
735781.574999999950,25.942000000000,-1.178000000000,24.765000000000
735781.575694444470,24.686000000000,-0.554000000000,24.130000000000
735781.576388888880,26.918000000000,-3.874000000000,23.039000000000
735781.577083333280,27.073000000000,1.672000000000,28.748000000000
735781.577777777800,27.983000000000,1.108000000000,29.088000000000
735781.578472222200,28.501000000000,1.234000000000,29.736000000000
735781.579166666720,28.319000000000,1.759000000000,30.079000000000
735781.579861111120,28.040000000000,1.056000000000,29.097000000000
735781.580555555530,26.263000000000,2.472000000000,28.735000000000
735781.581250000050,23.669000000000,5.135000000000,28.802000000000
735781.581944444450,22.106000000000,7.109000000000,29.215000000000
735781.582638888850,21.263000000000,7.034000000000,28.298000000000
735781.583333333370,24.687000000000,4.273000000000,28.962000000000
735781.584027777780,25.844000000000,4.377000000000,30.223000000000
735781.584722222180,25.799000000000,5.586000000000,31.387000000000
735781.585416666700,25.619000000000,5.921000000000,31.541000000000
735781.586111111100,25.302000000000,6.580000000000,31.881000000000
735781.586805555500,25.612000000000,6.199000000000,31.811000000000
735781.587500000020,25.693000000000,5.146000000000,30.842000000000
735781.588194444430,25.600000000000,5.442000000000,31.043000000000
735781.588888888950,23.763000000000,6.474000000000,30.239000000000
735781.589583333350,21.835000000000,8.285000000000,30.118000000000
735781.590277777750,22.805000000000,7.733000000000,30.540000000000
735781.590972222270,25.262000000000,11.129000000000,36.391000000000
735781.591666666670,25.616000000000,11.847000000000,37.460000000000
735781.592361111080,26.196000000000,11.413000000000,37.607000000000
735781.593055555600,23.756000000000,13.573000000000,37.330000000000
735781.593750000000,24.334000000000,12.829000000000,37.162000000000
735781.594444444400,24.462000000000,12.613000000000,37.077000000000
735781.595138888920,24.657000000000,8.601000000000,33.257000000000
735781.595833333330,26.342000000000,6.299000000000,32.641000000000
735781.596527777730,23.202000000000,9.392000000000,32.592000000000
735781.597222222250,24.273000000000,8.736000000000,33.008000000000
735781.597916666650,24.152000000000,9.314000000000,33.464000000000
735781.598611111050,23.676000000000,8.606000000000,32.282000000000
735781.599305555570,22.884000000000,10.892000000000,33.777000000000
735781.599999999980,22.684000000000,9.166000000000,31.849000000000
735781.600694444500,22.533000000000,13.488000000000,36.022000000000
735781.601388888900,23.095000000000,12.356000000000,35.450000000000
735781.602083333300,24.377000000000,11.925000000000,36.301000000000
735781.602777777820,26.212000000000,10.909000000000,37.119000000000
735781.603472222220,23.736000000000,13.841000000000,37.575000000000
735781.604166666630,23.311000000000,17.319000000000,40.632000000000
735781.604861111150,23.355000000000,12.989000000000,36.343000000000
735781.605555555550,25.055000000000,6.864000000000,31.919000000000
735781.606249999950,23.183000000000,8.830000000000,32.015000000000
735781.606944444470,25.232000000000,7.586000000000,32.817000000000
735781.607638888880,23.873000000000,8.451000000000,32.325000000000
735781.608333333280,22.831000000000,10.405000000000,33.233000000000
735781.609027777800,24.983000000000,10.302000000000,35.284000000000
735781.609722222200,25.670000000000,11.433000000000,37.101000000000
735781.610416666720,25.774000000000,12.050000000000,37.826000000000
735781.611111111120,25.643000000000,11.852000000000,37.498000000000
735781.611805555530,25.337000000000,11.980000000000,37.317000000000
735781.612500000050,25.171000000000,12.170000000000,37.340000000000
735781.613194444450,25.031000000000,15.132000000000,40.164000000000
735781.613888888850,24.872000000000,16.543000000000,41.414000000000
735781.614583333370,23.194000000000,21.784000000000,44.979000000000
735781.615277777780,24.921000000000,18.852000000000,43.773000000000
735781.615972222180,23.186000000000,20.225000000000,43.408000000000
735781.616666666700,19.577000000000,25.416000000000,44.994000000000
735781.617361111100,19.228000000000,23.936000000000,43.166000000000
735781.618055555500,21.234000000000,20.882000000000,42.118000000000
735781.618750000020,20.904000000000,25.371000000000,46.276000000000
735781.619444444430,21.110000000000,24.185000000000,45.293000000000
735781.620138888950,20.912000000000,23.881000000000,44.793000000000
735781.620833333350,20.540000000000,19.867000000000,40.407000000000
735781.621527777750,21.310000000000,16.504000000000,37.816000000000
735781.622222222270,20.669000000000,19.818000000000,40.486000000000
735781.622916666670,22.750000000000,18.884000000000,41.633000000000
735781.623611111080,22.884000000000,18.930000000000,41.813000000000
735781.624305555600,20.174000000000,21.553000000000,41.727000000000
735781.625000000000,19.913000000000,19.386000000000,39.298000000000
735781.625694444400,21.354000000000,16.955000000000,38.308000000000
735781.626388888920,22.796000000000,16.372000000000,39.173000000000
735781.627083333330,22.580000000000,22.202000000000,44.783000000000
735781.627777777730,20.733000000000,25.306000000000,46.039000000000
735781.628472222250,20.837000000000,25.643000000000,46.483000000000
735781.629166666650,21.829000000000,24.467000000000,46.297000000000
735781.629861111050,19.768000000000,25.870000000000,45.636000000000
735781.630555555570,19.065000000000,27.960000000000,47.023000000000
735781.631249999980,19.531000000000,26.385000000000,45.917000000000
735781.631944444500,19.629000000000,27.539000000000,47.169000000000
735781.632638888900,21.268000000000,28.086000000000,49.355000000000
735781.633333333300,21.659000000000,27.485000000000,49.143000000000
735781.634027777820,21.379000000000,26.048000000000,47.428000000000
735781.634722222220,18.970000000000,27.230000000000,46.199000000000
735781.635416666630,18.792000000000,20.947000000000,39.741000000000
735781.636111111150,18.691000000000,15.924000000000,34.612000000000
735781.636805555550,18.556000000000,15.066000000000,33.620000000000
735781.637499999950,18.483000000000,15.606000000000,34.088000000000
735781.638194444470,20.374000000000,15.064000000000,35.438000000000
735781.638888888880,20.125000000000,15.293000000000,35.417000000000
735781.639583333280,20.303000000000,15.092000000000,35.393000000000
735781.640277777800,20.233000000000,15.250000000000,35.483000000000
735781.640972222200,20.125000000000,14.382000000000,34.508000000000
735781.641666666720,19.701000000000,12.823000000000,32.526000000000
735781.642361111120,19.843000000000,13.113000000000,32.958000000000
735781.643055555530,20.444000000000,17.992000000000,38.434000000000
735781.643750000050,20.353000000000,18.048000000000,38.401000000000
735781.644444444450,19.757000000000,18.749000000000,38.508000000000
735781.645138888850,19.444000000000,19.019000000000,38.463000000000
735781.645833333370,19.565000000000,19.441000000000,39.004000000000
735781.646527777780,19.435000000000,19.272000000000,38.710000000000
735781.647222222180,18.667000000000,22.633000000000,41.300000000000
735781.647916666700,17.084000000000,26.950000000000,44.032000000000
735781.648611111100,16.833000000000,24.216000000000,41.049000000000
735781.649305555500,16.564000000000,24.251000000000,40.814000000000
735781.650000000020,17.679000000000,22.454000000000,40.135000000000
735781.650694444430,17.847000000000,19.764000000000,37.611000000000
735781.651388888950,16.374000000000,20.063000000000,36.438000000000
735781.652083333350,17.135000000000,19.386000000000,36.522000000000
735781.652777777750,17.973000000000,15.266000000000,33.238000000000
735781.653472222270,17.822000000000,13.042000000000,30.864000000000
735781.654166666670,17.570000000000,13.329000000000,30.898000000000
735781.654861111080,17.320000000000,13.422000000000,30.742000000000
735781.655555555600,16.231000000000,15.038000000000,31.268000000000
735781.656250000000,14.008000000000,15.195000000000,29.202000000000
735781.656944444400,14.824000000000,13.766000000000,28.588000000000
735781.657638888920,13.820000000000,14.754000000000,28.576000000000
735781.658333333330,14.036000000000,14.683000000000,28.721000000000
735781.659027777730,15.549000000000,13.135000000000,28.686000000000
735781.659722222250,15.615000000000,15.882000000000,31.499000000000
735781.660416666650,15.492000000000,20.481000000000,35.974000000000
735781.661111111050,15.332000000000,22.003000000000,37.335000000000
735781.661805555570,15.082000000000,25.111000000000,40.194000000000
735781.662499999980,14.756000000000,25.471000000000,40.229000000000
735781.663194444500,14.559000000000,25.364000000000,39.922000000000
735781.663888888900,14.558000000000,25.020000000000,39.578000000000
735781.664583333300,14.501000000000,23.657000000000,38.155000000000
735781.665277777820,14.037000000000,21.595000000000,35.633000000000
735781.665972222220,12.969000000000,27.749000000000,40.718000000000
735781.666666666630,12.546000000000,29.510000000000,42.058000000000
735781.667361111150,12.404000000000,29.717000000000,42.120000000000
735781.668055555550,12.339000000000,28.014000000000,40.354000000000
735781.668749999950,12.791000000000,26.002000000000,38.791000000000
735781.669444444470,11.945000000000,26.519000000000,38.464000000000
735781.670138888880,12.462000000000,26.060000000000,38.525000000000
735781.670833333280,12.156000000000,26.769000000000,38.926000000000
735781.671527777800,11.802000000000,27.498000000000,39.299000000000
735781.672222222200,12.104000000000,27.113000000000,39.219000000000
735781.672916666720,12.021000000000,27.158000000000,39.178000000000
735781.673611111120,11.358000000000,29.332000000000,40.691000000000
735781.674305555530,10.527000000000,31.344000000000,41.874000000000
735781.675000000050,10.779000000000,28.282000000000,39.062000000000
735781.675694444450,10.974000000000,29.851000000000,40.825000000000
735781.676388888850,10.223000000000,29.859000000000,40.083000000000
735781.677083333370,9.582000000000,30.617000000000,40.199000000000
735781.677777777780,10.128000000000,30.022000000000,40.151000000000
735781.678472222180,10.163000000000,30.045000000000,40.205000000000
735781.679166666700,10.025000000000,30.330000000000,40.359000000000
735781.679861111100,9.823000000000,26.935000000000,36.757000000000
735781.680555555500,9.900000000000,33.404000000000,43.305000000000
735781.681250000020,9.128000000000,31.750000000000,40.879000000000
735781.681944444430,9.124000000000,28.309000000000,37.433000000000
735781.682638888950,9.283000000000,27.496000000000,36.781000000000
735781.683333333350,8.360000000000,27.865000000000,36.225000000000
735781.684027777750,8.774000000000,24.230000000000,33.002000000000
735781.684722222270,8.896000000000,23.910000000000,32.806000000000
735781.685416666670,8.312000000000,23.643000000000,31.956000000000
735781.686111111080,8.637000000000,24.630000000000,33.267000000000
735781.686805555600,7.652000000000,24.455000000000,32.107000000000
735781.687500000000,7.363000000000,23.136000000000,30.497000000000
735781.688194444400,7.464000000000,23.069000000000,30.531000000000
735781.688888888920,7.544000000000,23.355000000000,30.901000000000
735781.689583333330,6.816000000000,24.274000000000,31.091000000000
735781.690277777730,6.640000000000,24.217000000000,30.853000000000
735781.690972222250,7.768000000000,23.403000000000,31.170000000000
735781.691666666650,7.539000000000,26.600000000000,34.138000000000
735781.692361111050,7.550000000000,26.545000000000,34.095000000000
735781.693055555570,7.422000000000,27.110000000000,34.530000000000
735781.693749999980,7.300000000000,27.045000000000,34.344000000000
735781.694444444500,7.203000000000,27.340000000000,34.543000000000
735781.695138888900,6.260000000000,28.617000000000,34.877000000000
735781.695833333300,6.059000000000,29.056000000000,35.117000000000
735781.696527777820,5.798000000000,27.572000000000,33.370000000000
735781.697222222220,5.987000000000,25.688000000000,31.673000000000
735781.697916666630,4.986000000000,27.383000000000,32.369000000000
735781.698611111150,6.470000000000,23.005000000000,29.475000000000
735781.699305555550,5.548000000000,20.380000000000,25.927000000000
735781.699999999950,4.400000000000,20.523000000000,24.921000000000
735781.700694444470,4.298000000000,20.277000000000,24.576000000000
735781.701388888880,4.302000000000,20.348000000000,24.648000000000
735781.702083333280,4.527000000000,20.233000000000,24.756000000000
735781.702777777800,5.113000000000,19.480000000000,24.593000000000
735781.703472222200,5.154000000000,22.416000000000,27.571000000000
735781.704166666720,5.185000000000,22.668000000000,27.852000000000
735781.704861111120,5.137000000000,25.222000000000,30.356000000000
735781.705555555530,5.055000000000,25.428000000000,30.485000000000
735781.706250000050,4.584000000000,28.832000000000,33.418000000000
735781.706944444450,4.642000000000,29.744000000000,34.386000000000
735781.707638888850,4.240000000000,29.715000000000,33.956000000000
735781.708333333370,4.096000000000,30.528000000000,34.627000000000
735781.709027777780,4.348000000000,29.059000000000,33.407000000000
735781.709722222180,4.288000000000,28.794000000000,33.083000000000
735781.710416666700,3.867000000000,29.225000000000,33.092000000000
735781.711111111100,3.855000000000,28.955000000000,32.813000000000
735781.711805555500,3.956000000000,28.149000000000,32.104000000000
735781.712500000020,3.877000000000,26.521000000000,30.399000000000
735781.713194444430,3.797000000000,25.761000000000,29.557000000000
735781.713888888950,3.799000000000,25.849000000000,29.651000000000
735781.714583333350,3.758000000000,25.806000000000,29.567000000000
735781.715277777750,3.723000000000,26.124000000000,29.848000000000
735781.715972222270,3.688000000000,25.394000000000,29.081000000000
735781.716666666670,3.650000000000,24.011000000000,27.665000000000
735781.717361111080,3.612000000000,26.670000000000,30.283000000000
735781.718055555600,3.584000000000,27.201000000000,30.786000000000
735781.718750000000,3.517000000000,27.396000000000,30.915000000000
735781.719444444400,3.438000000000,27.862000000000,31.300000000000
735781.720138888920,3.391000000000,28.035000000000,31.423000000000
735781.720833333330,3.348000000000,27.928000000000,31.277000000000
735781.721527777730,3.355000000000,29.194000000000,32.549000000000
735781.722222222250,3.306000000000,31.421000000000,34.731000000000
735781.722916666650,3.231000000000,33.773000000000,37.007000000000
735781.723611111050,3.172000000000,34.282000000000,37.455000000000
735781.724305555570,3.098000000000,34.160000000000,37.255000000000
735781.724999999980,3.028000000000,37.442000000000,40.468000000000
735781.725694444500,2.972000000000,34.961000000000,37.934000000000
735781.726388888900,2.918000000000,32.729000000000,35.648000000000
735781.727083333300,2.853000000000,31.001000000000,33.854000000000
735781.727777777820,2.793000000000,30.404000000000,33.196000000000
735781.728472222220,2.739000000000,29.086000000000,31.829000000000
735781.729166666630,2.686000000000,29.143000000000,31.830000000000
735781.729861111150,2.637000000000,29.123000000000,31.762000000000
735781.730555555550,2.587000000000,29.441000000000,32.031000000000
735781.731249999950,2.537000000000,29.047000000000,31.588000000000
735781.731944444470,2.482000000000,29.004000000000,31.497000000000
735781.732638888880,2.413000000000,32.177000000000,34.599000000000
735781.733333333280,2.345000000000,32.633000000000,34.987000000000
735781.734027777800,2.282000000000,32.246000000000,34.533000000000
735781.734722222200,2.213000000000,29.934000000000,32.153000000000
735781.735416666720,2.144000000000,26.043000000000,28.196000000000
735781.736111111120,2.089000000000,25.214000000000,27.310000000000
735781.736805555530,2.037000000000,27.991000000000,30.034000000000
735781.737500000050,1.972000000000,27.951000000000,29.931000000000
735781.738194444450,1.817000000000,27.992000000000,29.819000000000
735781.738888888850,1.753000000000,29.041000000000,30.805000000000
735781.739583333370,1.662000000000,30.203000000000,31.878000000000
735781.740277777780,1.545000000000,30.084000000000,31.642000000000
735781.740972222180,1.465000000000,28.948000000000,30.429000000000
735781.741666666700,1.406000000000,30.228000000000,31.649000000000
735781.742361111100,1.336000000000,31.088000000000,32.442000000000
735781.743055555500,1.269000000000,31.234000000000,32.521000000000
735781.743750000020,1.212000000000,29.406000000000,30.639000000000
735781.744444444430,1.165000000000,28.775000000000,29.959000000000
735781.745138888950,1.142000000000,28.421000000000,29.579000000000
735781.745833333350,1.100000000000,28.623000000000,29.743000000000
735781.746527777750,1.048000000000,28.935000000000,30.002000000000
735781.747222222270,0.986000000000,29.803000000000,30.814000000000
735781.747916666670,0.922000000000,32.093000000000,33.039000000000
735781.748611111080,0.853000000000,33.512000000000,34.390000000000
735781.749305555600,0.792000000000,33.218000000000,34.036000000000
735781.750000000000,0.731000000000,33.075000000000,33.826000000000
735781.750694444400,0.652000000000,33.270000000000,33.949000000000
735781.751388888920,0.602000000000,35.887000000000,36.517000000000
735781.752083333330,0.538000000000,35.708000000000,36.273000000000
735781.752777777730,0.490000000000,35.378000000000,35.895000000000
735781.753472222250,0.460000000000,33.442000000000,33.914000000000
735781.754166666650,0.415000000000,33.066000000000,33.490000000000
735781.754861111050,0.375000000000,34.993000000000,35.378000000000
735781.755555555570,0.295000000000,36.167000000000,36.470000000000
735781.756249999980,0.242000000000,35.160000000000,35.417000000000
735781.756944444500,0.199000000000,34.732000000000,34.952000000000
735781.757638888900,0.112000000000,34.788000000000,34.917000000000
735781.758333333300,0.073000000000,34.764000000000,34.856000000000
735781.759027777820,0.073000000000,34.440000000000,34.535000000000
735781.759722222220,0.065000000000,33.734000000000,33.823000000000
735781.760416666630,0.032000000000,35.701000000000,35.755000000000
735781.761111111150,0.047000000000,34.958000000000,35.033000000000
735781.761805555550,0.027000000000,39.363000000000,39.419000000000
735781.762499999950,0.007000000000,36.488000000000,36.529000000000
735781.763194444470,-0.012000000000,33.942000000000,33.973000000000
735781.763888888880,-0.034000000000,33.745000000000,33.761000000000
735781.764583333280,-0.052000000000,28.550000000000,28.554000000000
735781.765277777800,-0.069000000000,30.183000000000,30.178000000000
735781.765972222200,-0.143000000000,32.974000000000,32.902000000000
735781.766666666720,-0.210000000000,32.300000000000,32.166000000000
735781.767361111120,-0.227000000000,33.343000000000,33.198000000000
735781.768055555530,-0.298000000000,30.198000000000,29.986000000000
735781.768750000050,-0.326000000000,35.377000000000,35.144000000000
735781.769444444450,-0.284000000000,37.069000000000,36.882000000000
735781.770138888850,-0.215000000000,35.285000000000,35.178000000000
735781.770833333370,-0.215000000000,30.865000000000,30.756000000000
735781.771527777780,-0.160000000000,30.720000000000,30.659000000000
735781.772222222180,-0.139000000000,31.912000000000,31.875000000000
735781.772916666700,-0.138000000000,31.667000000000,31.629000000000
735781.773611111100,-0.140000000000,29.873000000000,29.837000000000
735781.774305555500,-0.140000000000,27.873000000000,27.837000000000
735781.775000000020,-0.141000000000,31.173000000000,31.135000000000
735781.775694444430,-0.146000000000,30.714000000000,30.677000000000
735781.776388888950,-0.199000000000,29.205000000000,29.117000000000
735781.777083333350,-0.297000000000,28.690000000000,28.506000000000
735781.777777777750,-0.298000000000,30.852000000000,30.667000000000
735781.778472222270,-0.301000000000,28.925000000000,28.738000000000
735781.779166666670,-0.301000000000,28.784000000000,28.597000000000
735781.779861111080,-0.264000000000,33.676000000000,33.521000000000
735781.780555555600,-0.147000000000,39.727000000000,39.693000000000
735781.781250000000,-0.146000000000,36.951000000000,36.916000000000
735781.781944444400,-0.147000000000,32.484000000000,32.449000000000
735781.782638888920,-0.148000000000,36.089000000000,36.054000000000
735781.783333333330,-0.148000000000,37.234000000000,37.199000000000
735781.784027777730,-0.142000000000,35.612000000000,35.577000000000
735781.784722222250,-0.118000000000,30.494000000000,30.459000000000
735781.785416666650,-0.087000000000,37.149000000000,37.114000000000
735781.786111111050,-0.086000000000,40.718000000000,40.683000000000
735781.786805555570,-0.087000000000,39.376000000000,39.341000000000
735781.787499999980,-0.085000000000,35.393000000000,35.358000000000
735781.788194444500,-0.085000000000,39.575000000000,39.540000000000
735781.788888888900,-0.087000000000,38.585000000000,38.550000000000
735781.789583333300,-0.089000000000,34.439000000000,34.404000000000
735781.790277777820,-0.088000000000,34.648000000000,34.613000000000
735781.790972222220,-0.087000000000,36.466000000000,36.433000000000
735781.791666666630,-0.087000000000,36.195000000000,36.160000000000
735781.792361111150,-0.087000000000,30.823000000000,30.788000000000
735781.793055555550,-0.084000000000,35.287000000000,35.256000000000
735781.793749999950,-0.087000000000,33.408000000000,33.375000000000
735781.794444444470,-0.080000000000,33.921000000000,33.890000000000
735781.795138888880,-0.080000000000,33.953000000000,33.922000000000
735781.795833333280,-0.081000000000,36.732000000000,36.703000000000
735781.796527777800,-0.082000000000,35.882000000000,35.851000000000
735781.797222222200,-0.081000000000,28.394000000000,28.363000000000
735781.797916666720,-0.081000000000,27.740000000000,27.710000000000
735781.798611111120,-0.085000000000,26.000000000000,25.965000000000
735781.799305555530,-0.087000000000,27.970000000000,27.935000000000
735781.800000000050,-0.088000000000,27.855000000000,27.820000000000
735781.800694444450,-0.087000000000,27.578000000000,27.543000000000
735781.801388888850,-0.088000000000,27.232000000000,27.197000000000
735781.802083333370,-0.088000000000,27.104000000000,27.069000000000
735781.802777777780,-0.087000000000,27.231000000000,27.198000000000
735781.803472222180,-0.087000000000,26.891000000000,26.858000000000
735781.804166666700,-0.086000000000,26.638000000000,26.603000000000
735781.804861111100,-0.085000000000,27.187000000000,27.152000000000
735781.805555555500,-0.085000000000,27.083000000000,27.050000000000
735781.806250000020,-0.087000000000,25.253000000000,25.218000000000
735781.806944444430,-0.086000000000,24.807000000000,24.772000000000
735781.807638888950,-0.087000000000,24.894000000000,24.858000000000
735781.808333333350,-0.086000000000,25.684000000000,25.650000000000
735781.809027777750,-0.080000000000,28.075000000000,28.046000000000
735781.809722222270,-0.079000000000,28.323000000000,28.297000000000
735781.810416666670,-0.080000000000,28.023000000000,27.993000000000
735781.811111111080,-0.080000000000,28.288000000000,28.259000000000
735781.811805555600,-0.079000000000,28.639000000000,28.609000000000
735781.812500000000,-0.078000000000,26.715000000000,26.686000000000
735781.813194444400,-0.081000000000,24.603000000000,24.570000000000
735781.813888888920,-0.081000000000,25.595000000000,25.560000000000
735781.814583333330,-0.083000000000,25.633000000000,25.597000000000
735781.815277777730,-0.083000000000,25.424000000000,25.388000000000
735781.815972222250,-0.083000000000,25.379000000000,25.344000000000
735781.816666666650,-0.084000000000,25.216000000000,25.181000000000
735781.817361111050,-0.083000000000,25.361000000000,25.325000000000
735781.818055555570,-0.083000000000,25.341000000000,25.306000000000
735781.818749999980,-0.083000000000,25.428000000000,25.392000000000
735781.819444444500,-0.083000000000,24.947000000000,24.911000000000
735781.820138888900,-0.084000000000,24.834000000000,24.798000000000
735781.820833333300,-0.084000000000,24.871000000000,24.835000000000
735781.821527777820,-0.084000000000,27.392000000000,27.356000000000
735781.822222222220,-0.085000000000,33.375000000000,33.340000000000
735781.822916666630,-0.085000000000,33.242000000000,33.206000000000
735781.823611111150,-0.084000000000,35.328000000000,35.294000000000
735781.824305555550,-0.077000000000,39.920000000000,39.888000000000
735781.824999999950,-0.082000000000,41.417000000000,41.379000000000
735781.825694444470,-0.082000000000,44.736000000000,44.699000000000
735781.826388888880,-0.081000000000,42.139000000000,42.108000000000
735781.827083333280,-0.081000000000,43.130000000000,43.095000000000
735781.827777777800,-0.088000000000,44.012000000000,43.972000000000
735781.828472222200,-0.091000000000,39.815000000000,39.773000000000
735781.829166666720,-0.092000000000,40.947000000000,40.908000000000
735781.829861111120,-0.091000000000,40.619000000000,40.578000000000
735781.830555555530,-0.091000000000,38.661000000000,38.620000000000
735781.831250000050,-0.091000000000,38.167000000000,38.126000000000
735781.831944444450,-0.091000000000,41.074000000000,41.035000000000
735781.832638888850,-0.092000000000,40.634000000000,40.593000000000
735781.833333333370,-0.092000000000,35.613000000000,35.572000000000
735781.834027777780,-0.093000000000,32.219000000000,32.177000000000
735781.834722222180,-0.093000000000,33.850000000000,33.808000000000
735781.835416666700,-0.094000000000,34.657000000000,34.615000000000
735781.836111111100,-0.095000000000,34.059000000000,34.019000000000
735781.836805555500,-0.096000000000,34.253000000000,34.213000000000
735781.837500000020,-0.094000000000,29.939000000000,29.897000000000
735781.838194444430,-0.095000000000,33.359000000000,33.316000000000
735781.838888888950,-0.089000000000,35.330000000000,35.290000000000
735781.839583333350,-0.086000000000,36.743000000000,36.704000000000
735781.840277777750,-0.085000000000,36.161000000000,36.123000000000
735781.840972222270,-0.081000000000,31.797000000000,31.761000000000
735781.841666666670,-0.080000000000,33.616000000000,33.583000000000
735781.842361111080,-0.082000000000,31.889000000000,31.853000000000
735781.843055555600,-0.091000000000,31.925000000000,31.883000000000
735781.843750000000,-0.090000000000,31.818000000000,31.777000000000
735781.844444444400,-0.090000000000,37.974000000000,37.933000000000
735781.845138888920,-0.089000000000,35.512000000000,35.471000000000
735781.845833333330,-0.089000000000,33.796000000000,33.757000000000
735781.846527777730,-0.085000000000,32.252000000000,32.219000000000
735781.847222222250,-0.085000000000,32.349000000000,32.313000000000
735781.847916666650,-0.091000000000,33.929000000000,33.887000000000
735781.848611111050,-0.092000000000,34.735000000000,34.696000000000
735781.849305555570,-0.096000000000,36.937000000000,36.895000000000
735781.849999999980,-0.095000000000,35.823000000000,35.781000000000
735781.850694444500,-0.094000000000,35.451000000000,35.410000000000
735781.851388888900,-0.087000000000,33.738000000000,33.703000000000
735781.852083333300,-0.087000000000,33.316000000000,33.281000000000
735781.852777777820,-0.089000000000,34.343000000000,34.305000000000
735781.853472222220,-0.091000000000,32.500000000000,32.462000000000
735781.854166666630,-0.087000000000,33.781000000000,33.745000000000
735781.854861111150,-0.086000000000,34.178000000000,34.142000000000
735781.855555555550,-0.088000000000,37.758000000000,37.722000000000
735781.856249999950,-0.088000000000,37.675000000000,37.639000000000
735781.856944444470,-0.091000000000,35.443000000000,35.404000000000
735781.857638888880,-0.093000000000,35.377000000000,35.338000000000
735781.858333333280,-0.094000000000,34.308000000000,34.269000000000
735781.859027777800,-0.094000000000,33.749000000000,33.710000000000
735781.859722222200,-0.094000000000,33.740000000000,33.701000000000
735781.860416666720,-0.093000000000,33.840000000000,33.801000000000
735781.861111111120,-0.093000000000,33.870000000000,33.831000000000
735781.861805555530,-0.094000000000,33.380000000000,33.341000000000
735781.862500000050,-0.092000000000,32.675000000000,32.636000000000
735781.863194444450,-0.092000000000,32.700000000000,32.661000000000
735781.863888888850,-0.092000000000,32.577000000000,32.538000000000
735781.864583333370,-0.091000000000,32.743000000000,32.704000000000
735781.865277777780,-0.093000000000,33.520000000000,33.481000000000
735781.865972222180,-0.093000000000,34.105000000000,34.065000000000
735781.866666666700,-0.094000000000,34.161000000000,34.122000000000
735781.867361111100,-0.095000000000,33.041000000000,33.001000000000
735781.868055555500,-0.096000000000,31.941000000000,31.902000000000
735781.868750000020,-0.095000000000,31.147000000000,31.107000000000
735781.869444444430,-0.096000000000,30.900000000000,30.861000000000
735781.870138888950,-0.089000000000,33.112000000000,33.076000000000
735781.870833333350,-0.091000000000,30.644000000000,30.607000000000
735781.871527777750,-0.090000000000,30.105000000000,30.069000000000
735781.872222222270,-0.090000000000,30.934000000000,30.898000000000
735781.872916666670,-0.093000000000,30.889000000000,30.852000000000
735781.873611111080,-0.095000000000,29.658000000000,29.616000000000
735781.874305555600,-0.099000000000,28.632000000000,28.592000000000
735781.875000000000,-0.098000000000,28.269000000000,28.229000000000
735781.875694444400,-0.098000000000,28.212000000000,28.173000000000
735781.876388888920,-0.099000000000,28.403000000000,28.363000000000
735781.877083333330,-0.100000000000,28.932000000000,28.892000000000
735781.877777777730,-0.099000000000,28.807000000000,28.768000000000
735781.878472222250,-0.099000000000,28.741000000000,28.701000000000
735781.879166666650,-0.097000000000,28.316000000000,28.277000000000
735781.879861111050,-0.092000000000,26.760000000000,26.726000000000
735781.880555555570,-0.092000000000,28.031000000000,27.997000000000
735781.881249999980,-0.093000000000,29.654000000000,29.621000000000
735781.881944444500,-0.093000000000,29.200000000000,29.166000000000
735781.882638888900,-0.094000000000,27.601000000000,27.567000000000
735781.883333333300,-0.093000000000,27.290000000000,27.256000000000
735781.884027777820,-0.092000000000,26.359000000000,26.326000000000
735781.884722222220,-0.092000000000,26.193000000000,26.159000000000
735781.885416666630,-0.091000000000,26.077000000000,26.044000000000
735781.886111111150,-0.086000000000,29.106000000000,29.076000000000
735781.886805555550,-0.085000000000,29.955000000000,29.925000000000
735781.887499999950,-0.085000000000,29.047000000000,29.018000000000
735781.888194444470,-0.085000000000,27.712000000000,27.682000000000
735781.888888888880,-0.088000000000,28.110000000000,28.078000000000
735781.889583333280,-0.089000000000,27.376000000000,27.343000000000
735781.890277777800,-0.090000000000,26.913000000000,26.880000000000
735781.890972222200,-0.090000000000,26.845000000000,26.812000000000
735781.891666666720,-0.091000000000,28.739000000000,28.706000000000
735781.892361111120,-0.091000000000,29.541000000000,29.508000000000
735781.893055555530,-0.090000000000,28.849000000000,28.816000000000
735781.893750000050,-0.090000000000,28.371000000000,28.338000000000
735781.894444444450,-0.090000000000,28.502000000000,28.469000000000
735781.895138888850,-0.090000000000,28.247000000000,28.214000000000
735781.895833333370,-0.091000000000,29.027000000000,28.994000000000
735781.896527777780,-0.091000000000,29.074000000000,29.041000000000
735781.897222222180,-0.091000000000,27.873000000000,27.840000000000
735781.897916666700,-0.093000000000,24.523000000000,24.490000000000
735781.898611111100,-0.092000000000,23.776000000000,23.743000000000
735781.899305555500,-0.092000000000,23.523000000000,23.490000000000
735781.900000000020,-0.092000000000,23.509000000000,23.476000000000
735781.900694444430,-0.092000000000,23.633000000000,23.600000000000
735781.901388888950,-0.093000000000,26.868000000000,26.835000000000
735781.902083333350,-0.092000000000,30.088000000000,30.056000000000
735781.902777777750,-0.091000000000,32.685000000000,32.652000000000
735781.903472222270,-0.088000000000,33.797000000000,33.765000000000
735781.904166666670,-0.084000000000,35.348000000000,35.318000000000
735781.904861111080,-0.084000000000,37.884000000000,37.854000000000
735781.905555555600,-0.085000000000,38.854000000000,38.824000000000
735781.906250000000,-0.087000000000,35.565000000000,35.535000000000
735781.906944444400,-0.090000000000,35.132000000000,35.099000000000
735781.907638888920,-0.091000000000,32.981000000000,32.948000000000
735781.908333333330,-0.092000000000,32.136000000000,32.103000000000
735781.909027777730,-0.092000000000,31.997000000000,31.965000000000
735781.909722222250,-0.093000000000,31.992000000000,31.959000000000
735781.910416666650,-0.092000000000,32.012000000000,31.979000000000
735781.911111111050,-0.091000000000,30.885000000000,30.853000000000
735781.911805555570,-0.090000000000,29.180000000000,29.148000000000
735781.912499999980,-0.090000000000,28.805000000000,28.772000000000
735781.913194444500,-0.090000000000,28.685000000000,28.652000000000
735781.913888888900,-0.091000000000,28.722000000000,28.689000000000
735781.914583333300,-0.092000000000,28.500000000000,28.469000000000
735781.915277777820,-0.092000000000,26.808000000000,26.775000000000
735781.915972222220,-0.092000000000,26.480000000000,26.447000000000
735781.916666666630,-0.092000000000,24.621000000000,24.588000000000
735781.917361111150,-0.092000000000,23.636000000000,23.603000000000
735781.918055555550,-0.092000000000,23.207000000000,23.174000000000
735781.918749999950,-0.092000000000,22.908000000000,22.875000000000
735781.919444444470,-0.091000000000,21.149000000000,21.117000000000
735781.920138888880,-0.090000000000,22.492000000000,22.459000000000
735781.920833333280,-0.086000000000,24.890000000000,24.858000000000
735781.921527777800,-0.084000000000,26.103000000000,26.073000000000
735781.922222222200,-0.080000000000,27.999000000000,27.969000000000
735781.922916666720,-0.081000000000,27.979000000000,27.949000000000
735781.923611111120,-0.082000000000,28.819000000000,28.789000000000
735781.924305555530,-0.085000000000,29.930000000000,29.898000000000
735781.925000000050,-0.087000000000,29.375000000000,29.342000000000
735781.925694444450,-0.090000000000,28.325000000000,28.292000000000
735781.926388888850,-0.090000000000,26.673000000000,26.640000000000
735781.927083333370,-0.090000000000,26.351000000000,26.318000000000
735781.927777777780,-0.090000000000,26.190000000000,26.157000000000
735781.928472222180,-0.090000000000,26.152000000000,26.119000000000
735781.929166666700,-0.089000000000,25.595000000000,25.562000000000
735781.929861111100,-0.088000000000,25.202000000000,25.169000000000
735781.930555555500,-0.088000000000,25.071000000000,25.038000000000
735781.931250000020,-0.089000000000,23.457000000000,23.424000000000
735781.931944444430,-0.089000000000,22.525000000000,22.492000000000
735781.932638888950,-0.090000000000,22.365000000000,22.332000000000
735781.933333333350,-0.091000000000,22.991000000000,22.960000000000
735781.934027777750,-0.091000000000,22.972000000000,22.939000000000
735781.934722222270,-0.091000000000,22.998000000000,22.965000000000
735781.935416666670,-0.091000000000,24.549000000000,24.516000000000
735781.936111111080,-0.090000000000,25.706000000000,25.674000000000
735781.936805555600,-0.089000000000,26.537000000000,26.506000000000
735781.937500000000,-0.089000000000,28.308000000000,28.275000000000
735781.938194444400,-0.089000000000,27.645000000000,27.612000000000
735781.938888888920,-0.089000000000,26.462000000000,26.429000000000
735781.939583333330,-0.089000000000,25.242000000000,25.209000000000
735781.940277777730,-0.087000000000,26.751000000000,26.720000000000
735781.940972222250,-0.082000000000,27.790000000000,27.760000000000
735781.941666666650,-0.082000000000,26.806000000000,26.779000000000
735781.942361111050,-0.084000000000,26.561000000000,26.533000000000
735781.943055555570,-0.087000000000,23.951000000000,23.921000000000
735781.943749999980,-0.089000000000,23.664000000000,23.631000000000
735781.944444444500,-0.089000000000,23.387000000000,23.354000000000
735781.945138888900,-0.089000000000,23.495000000000,23.462000000000
735781.945833333300,-0.089000000000,23.371000000000,23.338000000000
735781.946527777820,-0.090000000000,21.833000000000,21.800000000000
735781.947222222220,-0.089000000000,20.492000000000,20.459000000000
735781.947916666630,-0.088000000000,19.576000000000,19.545000000000
735781.948611111150,-0.088000000000,20.451000000000,20.418000000000
735781.949305555550,-0.090000000000,20.340000000000,20.307000000000
735781.949999999950,-0.090000000000,19.232000000000,19.201000000000
735781.950694444470,-0.089000000000,19.127000000000,19.094000000000
735781.951388888880,-0.091000000000,19.852000000000,19.820000000000
735781.952083333280,-0.092000000000,22.478000000000,22.448000000000
735781.952777777800,-0.091000000000,22.633000000000,22.600000000000
735781.953472222200,-0.091000000000,25.595000000000,25.562000000000
735781.954166666720,-0.091000000000,25.707000000000,25.675000000000
735781.954861111120,-0.091000000000,25.807000000000,25.776000000000
735781.955555555530,-0.091000000000,25.810000000000,25.779000000000
735781.956250000050,-0.090000000000,25.095000000000,25.062000000000
735781.956944444450,-0.089000000000,24.827000000000,24.794000000000
735781.957638888850,-0.090000000000,24.636000000000,24.603000000000
735781.958333333370,-0.090000000000,22.738000000000,22.705000000000
735781.959027777780,-0.088000000000,22.497000000000,22.465000000000
735781.959722222180,-0.083000000000,24.330000000000,24.300000000000
735781.960416666700,-0.085000000000,24.927000000000,24.897000000000
735781.961111111100,-0.086000000000,25.058000000000,25.030000000000
735781.961805555500,-0.089000000000,23.143000000000,23.110000000000
735781.962500000020,-0.091000000000,20.462000000000,20.431000000000
735781.963194444430,-0.092000000000,19.830000000000,19.797000000000
735781.963888888950,-0.093000000000,19.595000000000,19.565000000000
735781.964583333350,-0.093000000000,17.708000000000,17.675000000000
735781.965277777750,-0.092000000000,16.925000000000,16.892000000000
735781.965972222270,-0.089000000000,16.468000000000,16.435000000000
735781.966666666670,-0.089000000000,16.366000000000,16.335000000000
735781.967361111080,-0.089000000000,16.439000000000,16.406000000000
735781.968055555600,-0.088000000000,18.083000000000,18.050000000000
735781.968750000000,-0.088000000000,18.856000000000,18.823000000000
735781.969444444400,-0.090000000000,20.906000000000,20.873000000000
735781.970138888920,-0.089000000000,22.274000000000,22.243000000000
735781.970833333330,-0.089000000000,22.301000000000,22.268000000000
735781.971527777730,-0.089000000000,22.452000000000,22.419000000000
735781.972222222250,-0.089000000000,22.392000000000,22.359000000000
735781.972916666650,-0.089000000000,22.404000000000,22.371000000000
735781.973611111050,-0.089000000000,22.363000000000,22.330000000000
735781.974305555570,-0.088000000000,23.098000000000,23.067000000000
735781.974999999980,-0.089000000000,22.427000000000,22.394000000000
735781.975694444500,-0.089000000000,21.861000000000,21.830000000000
735781.976388888900,-0.089000000000,21.972000000000,21.939000000000
735781.977083333300,-0.090000000000,22.171000000000,22.138000000000
735781.977777777820,-0.090000000000,22.040000000000,22.007000000000
735781.978472222220,-0.091000000000,22.288000000000,22.255000000000
735781.979166666630,-0.092000000000,23.237000000000,23.206000000000
735781.979861111150,-0.086000000000,25.625000000000,25.598000000000
735781.980555555550,-0.085000000000,25.811000000000,25.784000000000
735781.981249999950,-0.085000000000,25.742000000000,25.713000000000
735781.981944444470,-0.087000000000,25.938000000000,25.906000000000
735781.982638888880,-0.089000000000,26.767000000000,26.736000000000
735781.983333333280,-0.091000000000,25.388000000000,25.355000000000
735781.984027777800,-0.090000000000,25.227000000000,25.194000000000
735781.984722222200,-0.090000000000,25.159000000000,25.127000000000
735781.985416666720,-0.090000000000,25.947000000000,25.914000000000
735781.986111111120,-0.087000000000,28.108000000000,28.078000000000
735781.986805555530,-0.087000000000,28.185000000000,28.154000000000
735781.987500000050,-0.088000000000,28.296000000000,28.263000000000
735781.988194444450,-0.088000000000,31.109000000000,31.076000000000
735781.988888888850,-0.088000000000,31.407000000000,31.376000000000
735781.989583333370,-0.088000000000,29.655000000000,29.623000000000
735781.990277777780,-0.088000000000,29.073000000000,29.040000000000
735781.990972222180,-0.088000000000,28.484000000000,28.451000000000
735781.991666666700,-0.088000000000,28.238000000000,28.207000000000
735781.992361111100,-0.088000000000,26.888000000000,26.858000000000
735781.993055555500,-0.088000000000,22.484000000000,22.451000000000
735781.993750000020,-0.088000000000,23.305000000000,23.272000000000
735781.994444444430,-0.088000000000,23.250000000000,23.219000000000
735781.995138888950,-0.087000000000,22.958000000000,22.925000000000
735781.995833333350,-0.087000000000,22.945000000000,22.914000000000
735781.996527777750,-0.088000000000,23.325000000000,23.292000000000
735781.997222222270,-0.089000000000,23.630000000000,23.597000000000
735781.997916666670,-0.090000000000,24.211000000000,24.178000000000
735781.998611111080,-0.090000000000,26.202000000000,26.170000000000
735781.999305555600,-0.091000000000,26.708000000000,26.675000000000
735782.000000000000,-0.091000000000,26.613000000000,26.580000000000
