735781.000000000000,-0.078000000000,12.301000000000,12.269000000000
735781.000694444400,-0.080000000000,11.666000000000,11.634000000000
735781.001388888920,-0.083000000000,12.078000000000,12.046000000000
735781.002083333330,-0.084000000000,12.045000000000,12.014000000000
735781.002777777730,-0.083000000000,11.019000000000,10.989000000000
735781.003472222250,-0.081000000000,10.075000000000,10.045000000000
735781.004166666650,-0.085000000000,11.529000000000,11.499000000000
735781.004861111050,-0.085000000000,11.507000000000,11.478000000000
735781.005555555570,-0.082000000000,9.126000000000,9.097000000000
735781.006249999980,-0.082000000000,9.074000000000,9.044000000000
735781.006944444500,-0.081000000000,8.687000000000,8.659000000000
735781.007638888900,-0.075000000000,10.889000000000,10.858000000000
735781.008333333300,-0.076000000000,12.478000000000,12.447000000000
735781.009027777820,-0.076000000000,14.853000000000,14.822000000000
735781.009722222220,-0.076000000000,14.172000000000,14.142000000000
735781.010416666630,-0.076000000000,13.825000000000,13.796000000000
735781.011111111150,-0.075000000000,13.630000000000,13.601000000000
735781.011805555550,-0.075000000000,13.650000000000,13.620000000000
735781.012499999950,-0.077000000000,13.460000000000,13.431000000000
735781.013194444470,-0.077000000000,12.827000000000,12.797000000000
735781.013888888880,-0.078000000000,12.461000000000,12.432000000000
735781.014583333280,-0.083000000000,12.464000000000,12.434000000000
735781.015277777800,-0.083000000000,12.011000000000,11.980000000000
735781.015972222200,-0.081000000000,11.682000000000,11.652000000000
735781.016666666720,-0.080000000000,11.059000000000,11.029000000000
735781.017361111120,-0.080000000000,10.988000000000,10.957000000000
735781.018055555530,-0.080000000000,11.000000000000,10.971000000000
735781.018750000050,-0.082000000000,12.650000000000,12.619000000000
735781.019444444450,-0.082000000000,13.073000000000,13.043000000000
735781.020138888850,-0.081000000000,12.139000000000,12.110000000000
735781.020833333370,-0.081000000000,11.924000000000,11.895000000000
735781.021527777780,-0.079000000000,12.566000000000,12.535000000000
735781.022222222180,-0.075000000000,13.674000000000,13.644000000000
735781.022916666700,-0.075000000000,12.670000000000,12.640000000000
735781.023611111100,-0.075000000000,11.853000000000,11.822000000000
735781.024305555500,-0.076000000000,12.440000000000,12.409000000000
735781.025000000020,-0.075000000000,12.127000000000,12.098000000000
735781.025694444430,-0.076000000000,11.992000000000,11.962000000000
735781.026388888950,-0.076000000000,11.986000000000,11.956000000000
735781.027083333350,-0.075000000000,12.481000000000,12.450000000000
735781.027777777750,-0.075000000000,14.484000000000,14.454000000000
735781.028472222270,-0.076000000000,12.652000000000,12.622000000000
735781.029166666670,-0.075000000000,12.046000000000,12.016000000000
735781.029861111080,-0.079000000000,11.638000000000,11.608000000000
735781.030555555600,-0.081000000000,11.483000000000,11.451000000000
735781.031250000000,-0.080000000000,11.357000000000,11.327000000000
735781.031944444400,-0.080000000000,11.509000000000,11.480000000000
735781.032638888920,-0.080000000000,11.407000000000,11.375000000000
735781.033333333330,-0.080000000000,12.579000000000,12.549000000000
735781.034027777730,-0.081000000000,11.612000000000,11.581000000000
735781.034722222250,-0.082000000000,11.286000000000,11.255000000000
735781.035416666650,-0.080000000000,11.157000000000,11.128000000000
735781.036111111050,-0.080000000000,11.062000000000,11.033000000000
735781.036805555570,-0.081000000000,10.936000000000,10.906000000000
735781.037499999980,-0.079000000000,9.965000000000,9.935000000000
735781.038194444500,-0.077000000000,12.211000000000,12.180000000000
735781.038888888900,-0.078000000000,14.244000000000,14.212000000000
735781.039583333300,-0.078000000000,14.689000000000,14.659000000000
735781.040277777820,-0.077000000000,14.936000000000,14.903000000000
735781.040972222220,-0.078000000000,15.379000000000,15.349000000000
735781.041666666630,-0.078000000000,15.578000000000,15.547000000000
735781.042361111150,-0.078000000000,14.925000000000,14.893000000000
735781.043055555550,-0.077000000000,14.241000000000,14.210000000000
735781.043749999950,-0.077000000000,14.013000000000,13.982000000000
735781.044444444470,-0.079000000000,12.575000000000,12.544000000000
735781.045138888880,-0.078000000000,13.963000000000,13.933000000000
735781.045833333280,-0.081000000000,13.572000000000,13.541000000000
735781.046527777800,-0.083000000000,13.489000000000,13.458000000000
735781.047222222200,-0.083000000000,13.495000000000,13.463000000000
735781.047916666720,-0.082000000000,13.440000000000,13.409000000000
735781.048611111120,-0.081000000000,14.770000000000,14.739000000000
735781.049305555530,-0.080000000000,14.177000000000,14.148000000000
735781.050000000050,-0.080000000000,12.797000000000,12.767000000000
735781.050694444450,-0.081000000000,11.727000000000,11.699000000000
735781.051388888850,-0.081000000000,11.380000000000,11.348000000000
735781.052083333370,-0.081000000000,12.019000000000,11.988000000000
735781.052777777780,-0.085000000000,10.891000000000,10.861000000000
735781.053472222180,-0.077000000000,12.451000000000,12.420000000000
735781.054166666700,-0.076000000000,12.160000000000,12.131000000000
735781.054861111100,-0.074000000000,12.392000000000,12.361000000000
735781.055555555500,-0.074000000000,12.149000000000,12.119000000000
735781.056250000020,-0.072000000000,11.510000000000,11.481000000000
735781.056944444430,-0.072000000000,11.335000000000,11.305000000000
735781.057638888950,-0.072000000000,11.308000000000,11.279000000000
735781.058333333350,-0.073000000000,11.311000000000,11.282000000000
735781.059027777750,-0.074000000000,10.127000000000,10.097000000000
735781.059722222270,-0.075000000000,9.528000000000,9.498000000000
735781.060416666670,-0.078000000000,10.664000000000,10.634000000000
735781.061111111080,-0.080000000000,12.670000000000,12.640000000000
735781.061805555600,-0.079000000000,13.655000000000,13.624000000000
735781.062500000000,-0.078000000000,13.589000000000,13.560000000000
735781.063194444400,-0.079000000000,15.358000000000,15.327000000000
735781.063888888920,-0.080000000000,18.424000000000,18.393000000000
735781.064583333330,-0.080000000000,19.315000000000,19.282000000000
735781.065277777730,-0.079000000000,18.570000000000,18.539000000000
735781.065972222250,-0.078000000000,17.480000000000,17.451000000000
735781.066666666650,-0.080000000000,15.921000000000,15.890000000000
735781.067361111050,-0.079000000000,15.060000000000,15.031000000000
735781.068055555570,-0.080000000000,13.600000000000,13.570000000000
735781.068749999980,-0.076000000000,14.873000000000,14.843000000000
735781.069444444500,-0.073000000000,15.274000000000,15.244000000000
735781.070138888900,-0.074000000000,15.054000000000,15.024000000000
735781.070833333300,-0.075000000000,14.026000000000,13.996000000000
735781.071527777820,-0.075000000000,14.326000000000,14.297000000000
735781.072222222220,-0.074000000000,14.398000000000,14.369000000000
735781.072916666630,-0.075000000000,14.406000000000,14.375000000000
735781.073611111150,-0.074000000000,14.124000000000,14.094000000000
735781.074305555550,-0.075000000000,12.788000000000,12.759000000000
735781.074999999950,-0.077000000000,12.819000000000,12.787000000000
735781.075694444470,-0.081000000000,12.431000000000,12.399000000000
735781.076388888880,-0.081000000000,12.483000000000,12.454000000000
735781.077083333280,-0.081000000000,14.484000000000,14.455000000000
735781.077777777800,-0.080000000000,15.696000000000,15.665000000000
735781.078472222200,-0.079000000000,19.291000000000,19.261000000000
735781.079166666720,-0.080000000000,20.563000000000,20.532000000000
735781.079861111120,-0.081000000000,20.505000000000,20.475000000000
735781.080555555530,-0.082000000000,18.880000000000,18.848000000000
735781.081250000050,-0.081000000000,18.104000000000,18.074000000000
735781.081944444450,-0.082000000000,17.287000000000,17.258000000000
735781.082638888850,-0.085000000000,16.530000000000,16.500000000000
735781.083333333370,-0.086000000000,16.069000000000,16.039000000000
735781.084027777780,-0.079000000000,17.418000000000,17.389000000000
735781.084722222180,-0.078000000000,17.125000000000,17.094000000000
735781.085416666700,-0.078000000000,17.630000000000,17.598000000000
735781.086111111100,-0.078000000000,18.548000000000,18.515000000000
735781.086805555500,-0.079000000000,18.708000000000,18.676000000000
735781.087500000020,-0.077000000000,17.236000000000,17.205000000000
735781.088194444430,-0.079000000000,19.267000000000,19.237000000000
735781.088888888950,-0.081000000000,21.927000000000,21.896000000000
735781.089583333350,-0.080000000000,21.923000000000,21.890000000000
735781.090277777750,-0.079000000000,20.930000000000,20.898000000000
735781.090972222270,-0.079000000000,19.625000000000,19.593000000000
735781.091666666670,-0.080000000000,17.925000000000,17.894000000000
735781.092361111080,-0.081000000000,17.998000000000,17.966000000000
735781.093055555600,-0.086000000000,19.077000000000,19.045000000000
735781.093750000000,-0.084000000000,18.386000000000,18.356000000000
735781.094444444400,-0.087000000000,17.938000000000,17.906000000000
735781.095138888920,-0.082000000000,17.774000000000,17.743000000000
735781.095833333330,-0.082000000000,19.891000000000,19.862000000000
735781.096527777730,-0.082000000000,18.384000000000,18.354000000000
735781.097222222250,-0.083000000000,18.351000000000,18.322000000000
735781.097916666650,-0.082000000000,18.562000000000,18.533000000000
735781.098611111050,-0.081000000000,18.716000000000,18.687000000000
735781.099305555570,-0.081000000000,18.722000000000,18.693000000000
735781.099999999980,-0.081000000000,20.139000000000,20.108000000000
735781.100694444500,-0.078000000000,19.376000000000,19.345000000000
735781.101388888900,-0.079000000000,18.903000000000,18.874000000000
735781.102083333300,-0.077000000000,17.892000000000,17.862000000000
735781.102777777820,-0.077000000000,17.803000000000,17.774000000000
735781.103472222220,-0.077000000000,17.886000000000,17.856000000000
735781.104166666630,-0.078000000000,18.157000000000,18.126000000000
735781.104861111150,-0.079000000000,18.278000000000,18.247000000000
735781.105555555550,-0.079000000000,18.234000000000,18.204000000000
735781.106249999950,-0.078000000000,17.845000000000,17.816000000000
735781.106944444470,-0.078000000000,19.940000000000,19.910000000000
735781.107638888880,-0.078000000000,19.282000000000,19.252000000000
735781.108333333280,-0.080000000000,18.350000000000,18.322000000000
735781.109027777800,-0.082000000000,18.101000000000,18.071000000000
735781.109722222200,-0.084000000000,17.775000000000,17.746000000000
735781.110416666720,-0.084000000000,15.944000000000,15.915000000000
735781.111111111120,-0.085000000000,17.472000000000,17.441000000000
735781.111805555530,-0.085000000000,17.523000000000,17.492000000000
735781.112500000050,-0.085000000000,17.475000000000,17.444000000000
735781.113194444450,-0.086000000000,19.711000000000,19.679000000000
735781.113888888850,-0.089000000000,20.100000000000,20.069000000000
735781.114583333370,-0.089000000000,20.744000000000,20.713000000000
735781.115277777780,-0.090000000000,20.834000000000,20.803000000000
735781.115972222180,-0.088000000000,20.389000000000,20.358000000000
735781.116666666700,-0.086000000000,19.614000000000,19.585000000000
735781.117361111100,-0.083000000000,19.942000000000,19.914000000000
735781.118055555500,-0.078000000000,19.653000000000,19.624000000000
735781.118750000020,-0.078000000000,18.436000000000,18.406000000000
735781.119444444430,-0.078000000000,17.948000000000,17.920000000000
735781.120138888950,-0.078000000000,17.928000000000,17.899000000000
735781.120833333350,-0.078000000000,18.562000000000,18.533000000000
735781.121527777750,-0.079000000000,20.161000000000,20.132000000000
735781.122222222270,-0.079000000000,20.226000000000,20.196000000000
735781.122916666670,-0.079000000000,20.193000000000,20.163000000000
735781.123611111080,-0.079000000000,20.445000000000,20.416000000000
735781.124305555600,-0.079000000000,19.964000000000,19.934000000000
735781.125000000000,-0.080000000000,17.487000000000,17.457000000000
735781.125694444400,-0.077000000000,16.555000000000,16.526000000000
735781.126388888920,-0.079000000000,16.082000000000,16.051000000000
735781.127083333330,-0.079000000000,15.708000000000,15.679000000000
735781.127777777730,-0.080000000000,15.670000000000,15.642000000000
735781.128472222250,-0.081000000000,15.656000000000,15.625000000000
735781.129166666650,-0.081000000000,15.656000000000,15.625000000000
735781.129861111050,-0.080000000000,15.640000000000,15.610000000000
735781.130555555570,-0.080000000000,15.705000000000,15.674000000000
735781.131249999980,-0.080000000000,17.793000000000,17.762000000000
735781.131944444500,-0.081000000000,19.130000000000,19.099000000000
735781.132638888900,-0.079000000000,20.086000000000,20.056000000000
735781.133333333300,-0.079000000000,22.250000000000,22.219000000000
735781.134027777820,-0.080000000000,21.931000000000,21.900000000000
735781.134722222220,-0.077000000000,22.997000000000,22.968000000000
735781.135416666630,-0.075000000000,24.915000000000,24.885000000000
735781.136111111150,-0.074000000000,22.906000000000,22.875000000000
735781.136805555550,-0.075000000000,22.155000000000,22.125000000000
735781.137499999950,-0.075000000000,21.665000000000,21.636000000000
735781.138194444470,-0.074000000000,22.683000000000,22.654000000000
735781.138888888880,-0.077000000000,22.100000000000,22.070000000000
735781.139583333280,-0.076000000000,21.926000000000,21.896000000000
735781.140277777800,-0.075000000000,21.572000000000,21.543000000000
735781.140972222200,-0.074000000000,21.660000000000,21.630000000000
735781.141666666720,-0.075000000000,22.543000000000,22.513000000000
735781.142361111120,-0.078000000000,21.019000000000,20.988000000000
735781.143055555530,-0.077000000000,19.066000000000,19.037000000000
735781.143750000050,-0.080000000000,16.918000000000,16.890000000000
735781.144444444450,-0.080000000000,16.589000000000,16.560000000000
735781.145138888850,-0.080000000000,16.256000000000,16.228000000000
735781.145833333370,-0.082000000000,17.115000000000,17.086000000000
735781.146527777780,-0.082000000000,15.599000000000,15.570000000000
735781.147222222180,-0.082000000000,14.002000000000,13.974000000000
735781.147916666700,-0.081000000000,12.522000000000,12.493000000000
735781.148611111100,-0.081000000000,13.067000000000,13.038000000000
735781.149305555500,-0.082000000000,15.275000000000,15.245000000000
735781.150000000020,-0.082000000000,15.448000000000,15.421000000000
735781.150694444430,-0.079000000000,16.818000000000,16.791000000000
735781.151388888950,-0.073000000000,17.247000000000,17.218000000000
735781.152083333350,-0.072000000000,16.760000000000,16.732000000000
735781.152777777750,-0.072000000000,13.891000000000,13.863000000000
735781.153472222270,-0.072000000000,13.896000000000,13.869000000000
735781.154166666670,-0.072000000000,12.693000000000,12.666000000000
735781.154861111080,-0.072000000000,12.010000000000,11.983000000000
735781.155555555600,-0.075000000000,10.948000000000,10.921000000000
735781.156250000000,-0.079000000000,10.743000000000,10.715000000000
735781.156944444400,-0.077000000000,10.660000000000,10.632000000000
735781.157638888920,-0.076000000000,9.070000000000,9.041000000000
735781.158333333330,-0.075000000000,7.986000000000,7.960000000000
735781.159027777730,-0.075000000000,7.550000000000,7.521000000000
735781.159722222250,-0.077000000000,7.370000000000,7.343000000000
735781.160416666650,-0.077000000000,7.704000000000,7.677000000000
735781.161111111050,-0.079000000000,6.883000000000,6.856000000000
735781.161805555570,-0.080000000000,6.618000000000,6.590000000000
735781.162499999980,-0.078000000000,6.624000000000,6.597000000000
735781.163194444500,-0.078000000000,9.113000000000,9.087000000000
735781.163888888900,-0.077000000000,10.207000000000,10.180000000000
735781.164583333300,-0.079000000000,10.323000000000,10.294000000000
735781.165277777820,-0.079000000000,10.128000000000,10.101000000000
735781.165972222220,-0.076000000000,9.143000000000,9.114000000000
735781.166666666630,-0.076000000000,9.955000000000,9.926000000000
735781.167361111150,-0.080000000000,9.905000000000,9.876000000000
735781.168055555550,-0.081000000000,9.841000000000,9.812000000000
735781.168749999950,-0.081000000000,9.493000000000,9.465000000000
735781.169444444470,-0.079000000000,8.965000000000,8.937000000000
735781.170138888880,-0.079000000000,8.950000000000,8.922000000000
735781.170833333280,-0.076000000000,8.722000000000,8.694000000000
735781.171527777800,-0.076000000000,8.739000000000,8.710000000000
735781.172222222200,-0.078000000000,8.757000000000,8.728000000000
735781.172916666720,-0.077000000000,7.523000000000,7.496000000000
735781.173611111120,-0.076000000000,7.038000000000,7.010000000000
735781.174305555530,-0.076000000000,6.811000000000,6.784000000000
735781.175000000050,-0.078000000000,6.875000000000,6.847000000000
735781.175694444450,-0.078000000000,6.949000000000,6.921000000000
735781.176388888850,-0.079000000000,7.029000000000,7.000000000000
735781.177083333370,-0.079000000000,6.998000000000,6.971000000000
735781.177777777780,-0.079000000000,7.653000000000,7.626000000000
735781.178472222180,-0.080000000000,8.006000000000,7.977000000000
735781.179166666700,-0.080000000000,7.942000000000,7.914000000000
735781.179861111100,-0.080000000000,7.954000000000,7.927000000000
735781.180555555500,-0.080000000000,8.004000000000,7.976000000000
735781.181250000020,-0.080000000000,8.342000000000,8.314000000000
735781.181944444430,-0.079000000000,8.434000000000,8.406000000000
735781.182638888950,-0.078000000000,8.277000000000,8.250000000000
735781.183333333350,-0.079000000000,7.691000000000,7.663000000000
735781.184027777750,-0.080000000000,8.474000000000,8.447000000000
735781.184722222270,-0.078000000000,8.298000000000,8.268000000000
735781.185416666670,-0.077000000000,8.360000000000,8.333000000000
735781.186111111080,-0.078000000000,8.406000000000,8.380000000000
735781.186805555600,-0.078000000000,8.380000000000,8.353000000000
735781.187500000000,-0.079000000000,8.306000000000,8.277000000000
735781.188194444400,-0.078000000000,7.653000000000,7.625000000000
735781.188888888920,-0.076000000000,7.512000000000,7.483000000000
735781.189583333330,-0.077000000000,9.285000000000,9.256000000000
735781.190277777730,-0.079000000000,9.499000000000,9.470000000000
735781.190972222250,-0.080000000000,11.176000000000,11.147000000000
735781.191666666650,-0.082000000000,11.421000000000,11.392000000000
735781.192361111050,-0.086000000000,11.287000000000,11.259000000000
735781.193055555570,-0.090000000000,11.294000000000,11.264000000000
735781.193749999980,-0.091000000000,11.338000000000,11.307000000000
735781.194444444500,-0.092000000000,11.305000000000,11.275000000000
735781.195138888900,-0.097000000000,10.178000000000,10.147000000000
735781.195833333300,-0.096000000000,9.716000000000,9.685000000000
735781.196527777820,-0.094000000000,9.076000000000,9.049000000000
735781.197222222220,-0.084000000000,7.918000000000,7.890000000000
735781.197916666630,-0.081000000000,7.611000000000,7.585000000000
735781.198611111150,-0.130000000000,7.787000000000,7.707000000000
735781.199305555550,-0.144000000000,7.723000000000,7.629000000000
735781.199999999950,-0.136000000000,7.636000000000,7.547000000000
735781.200694444470,-0.127000000000,7.251000000000,7.169000000000
735781.201388888880,-0.125000000000,5.623000000000,5.544000000000
735781.202083333280,-0.098000000000,5.388000000000,5.340000000000
735781.202777777800,-0.073000000000,5.791000000000,5.764000000000
735781.203472222200,-0.065000000000,6.113000000000,6.092000000000
735781.204166666720,-0.054000000000,6.091000000000,6.078000000000
735781.204861111120,-0.037000000000,6.049000000000,6.049000000000
735781.205555555530,-0.052000000000,5.992000000000,5.972000000000
735781.206250000050,-0.047000000000,5.945000000000,5.926000000000
735781.206944444450,-0.025000000000,5.453000000000,5.451000000000
735781.207638888850,-0.013000000000,5.126000000000,5.139000000000
735781.208333333370,0.013000000000,6.116000000000,6.151000000000
735781.209027777780,0.069000000000,8.428000000000,8.521000000000
735781.209722222180,0.094000000000,9.557000000000,9.688000000000
735781.210416666700,0.106000000000,9.648000000000,9.792000000000
735781.211111111100,0.118000000000,9.688000000000,9.847000000000
735781.211805555500,0.171000000000,9.237000000000,9.443000000000
735781.212500000020,0.193000000000,9.947000000000,10.174000000000
735781.213194444430,0.211000000000,7.939000000000,8.184000000000
735781.213888888950,0.247000000000,7.432000000000,7.712000000000
735781.214583333350,0.266000000000,7.090000000000,7.386000000000
735781.215277777750,0.285000000000,7.245000000000,7.562000000000
735781.215972222270,0.272000000000,7.126000000000,7.429000000000
735781.216666666670,0.245000000000,6.795000000000,7.069000000000
735781.217361111080,0.262000000000,6.639000000000,6.930000000000
735781.218055555600,0.303000000000,4.987000000000,5.318000000000
735781.218750000000,0.368000000000,4.562000000000,4.959000000000
735781.219444444400,0.421000000000,4.184000000000,4.632000000000
735781.220138888920,0.468000000000,4.355000000000,4.850000000000
735781.220833333330,0.537000000000,4.327000000000,4.887000000000
735781.221527777730,0.527000000000,4.398000000000,4.953000000000
735781.222222222250,0.521000000000,4.434000000000,4.990000000000
735781.222916666650,0.541000000000,4.959000000000,5.535000000000
735781.223611111050,0.578000000000,5.152000000000,5.763000000000
735781.224305555570,0.644000000000,4.922000000000,5.596000000000
735781.224999999980,0.661000000000,6.215000000000,6.902000000000
735781.225694444500,0.659000000000,6.037000000000,6.719000000000
735781.226388888900,0.675000000000,6.662000000000,7.358000000000
735781.227083333300,0.762000000000,5.790000000000,6.569000000000
735781.227777777820,0.790000000000,7.205000000000,8.012000000000
735781.228472222220,0.894000000000,6.894000000000,7.803000000000
735781.229166666630,0.962000000000,6.745000000000,7.727000000000
735781.229861111150,0.940000000000,6.294000000000,7.248000000000
735781.230555555550,0.917000000000,4.817000000000,5.751000000000
735781.231249999950,0.942000000000,4.724000000000,5.677000000000
735781.231944444470,0.943000000000,6.006000000000,6.957000000000
735781.232638888880,0.999000000000,5.412000000000,6.418000000000
735781.233333333280,1.127000000000,5.384000000000,6.514000000000
735781.234027777800,1.228000000000,5.504000000000,6.734000000000
735781.234722222200,1.243000000000,5.766000000000,7.013000000000
735781.235416666720,1.206000000000,5.700000000000,6.909000000000
735781.236111111120,1.225000000000,5.700000000000,6.931000000000
735781.236805555530,1.331000000000,5.641000000000,6.977000000000
735781.237500000050,1.507000000000,4.249000000000,5.761000000000
735781.238194444450,1.588000000000,3.620000000000,5.212000000000
735781.238888888850,1.671000000000,3.602000000000,5.281000000000
735781.239583333370,1.755000000000,5.369000000000,7.130000000000
735781.240277777780,1.771000000000,5.378000000000,7.158000000000
735781.240972222180,1.864000000000,5.523000000000,7.395000000000
735781.241666666700,1.903000000000,5.294000000000,7.204000000000
735781.242361111100,1.740000000000,6.050000000000,7.796000000000
735781.243055555500,1.796000000000,6.256000000000,8.063000000000
735781.243750000020,1.840000000000,5.548000000000,7.394000000000
735781.244444444430,1.997000000000,4.477000000000,6.484000000000
735781.245138888950,2.197000000000,4.231000000000,6.440000000000
735781.245833333350,2.296000000000,4.149000000000,6.453000000000
735781.246527777750,2.387000000000,3.333000000000,5.727000000000
735781.247222222270,2.288000000000,3.349000000000,5.647000000000
735781.247916666670,2.305000000000,4.993000000000,7.307000000000
735781.248611111080,2.287000000000,5.615000000000,7.915000000000
735781.249305555600,2.350000000000,5.415000000000,7.775000000000
735781.250000000000,2.561000000000,5.162000000000,7.729000000000
735781.250694444400,2.578000000000,4.053000000000,6.639000000000
735781.251388888920,2.408000000000,3.594000000000,6.011000000000
735781.252083333330,2.525000000000,3.147000000000,5.684000000000
735781.252777777730,2.708000000000,2.786000000000,5.507000000000
735781.253472222250,2.903000000000,2.356000000000,5.272000000000
735781.254166666650,2.940000000000,2.338000000000,5.292000000000
735781.254861111050,2.992000000000,2.592000000000,5.601000000000
735781.255555555570,3.072000000000,2.208000000000,5.295000000000
735781.256249999980,3.161000000000,1.892000000000,5.070000000000
735781.256944444500,3.316000000000,1.668000000000,4.999000000000
735781.257638888900,3.511000000000,3.406000000000,6.929000000000
735781.258333333300,3.366000000000,4.933000000000,8.313000000000
735781.259027777820,3.606000000000,4.835000000000,8.451000000000
735781.259722222220,3.765000000000,6.667000000000,10.442000000000
735781.260416666630,3.954000000000,7.872000000000,11.835000000000
735781.261111111150,4.003000000000,10.080000000000,14.087000000000
735781.261805555550,4.044000000000,10.566000000000,14.614000000000
735781.262499999950,4.038000000000,10.866000000000,14.907000000000
735781.263194444470,4.026000000000,10.748000000000,14.776000000000
735781.263888888880,4.404000000000,10.444000000000,14.850000000000
735781.264583333280,4.451000000000,10.393000000000,14.845000000000
735781.265277777800,4.438000000000,10.246000000000,14.685000000000
735781.265972222200,4.323000000000,9.858000000000,14.182000000000
735781.266666666720,4.172000000000,9.461000000000,13.632000000000
735781.267361111120,4.151000000000,10.460000000000,14.612000000000
735781.268055555530,4.358000000000,9.846000000000,14.202000000000
735781.268750000050,4.562000000000,9.601000000000,14.163000000000
735781.269444444450,4.709000000000,9.677000000000,14.387000000000
735781.270138888850,5.075000000000,10.660000000000,15.736000000000
735781.270833333370,4.913000000000,11.104000000000,16.018000000000
735781.271527777780,5.117000000000,10.693000000000,15.809000000000
735781.272222222180,5.054000000000,9.716000000000,14.772000000000
735781.272916666700,5.177000000000,8.883000000000,14.063000000000
735781.273611111100,5.260000000000,8.750000000000,14.010000000000
735781.274305555500,5.520000000000,8.907000000000,14.428000000000
735781.275000000020,5.631000000000,7.211000000000,12.843000000000
735781.275694444430,5.466000000000,7.173000000000,12.639000000000
735781.276388888950,5.638000000000,6.656000000000,12.293000000000
735781.277083333350,5.516000000000,6.764000000000,12.281000000000
735781.277777777750,5.624000000000,6.661000000000,12.289000000000
735781.278472222270,6.201000000000,6.079000000000,12.279000000000
735781.279166666670,6.079000000000,6.258000000000,12.337000000000
735781.279861111080,6.373000000000,6.215000000000,12.590000000000
735781.280555555600,6.139000000000,6.587000000000,12.728000000000
735781.281250000000,5.990000000000,6.861000000000,12.852000000000
735781.281944444400,5.739000000000,7.100000000000,12.839000000000
735781.282638888920,6.856000000000,6.070000000000,12.926000000000
735781.283333333330,6.924000000000,7.061000000000,13.983000000000
735781.284027777730,6.940000000000,7.130000000000,14.070000000000
735781.284722222250,6.333000000000,7.847000000000,14.179000000000
735781.285416666650,6.697000000000,10.054000000000,16.751000000000
735781.286111111050,6.134000000000,10.037000000000,16.173000000000
735781.286805555570,6.888000000000,8.358000000000,15.247000000000
735781.287499999980,6.696000000000,7.634000000000,14.329000000000
735781.288194444500,7.155000000000,5.607000000000,12.761000000000
735781.288888888900,6.848000000000,5.729000000000,12.577000000000
735781.289583333300,7.362000000000,3.514000000000,10.877000000000
735781.290277777820,7.273000000000,2.037000000000,9.309000000000
735781.290972222220,7.128000000000,1.001000000000,8.129000000000
735781.291666666630,6.889000000000,1.003000000000,7.892000000000
735781.292361111150,7.702000000000,0.156000000000,7.860000000000
735781.293055555550,8.288000000000,-0.459000000000,7.831000000000
735781.293749999950,8.042000000000,-0.254000000000,7.788000000000
735781.294444444470,7.753000000000,0.185000000000,7.938000000000
735781.295138888880,7.904000000000,0.721000000000,8.624000000000
735781.295833333280,8.395000000000,0.049000000000,8.443000000000
735781.296527777800,8.311000000000,0.176000000000,8.488000000000
735781.297222222200,8.874000000000,-0.286000000000,8.586000000000
735781.297916666720,9.219000000000,-0.226000000000,8.991000000000
735781.298611111120,8.578000000000,0.871000000000,9.448000000000
735781.299305555530,8.044000000000,2.920000000000,10.965000000000
735781.300000000050,9.325000000000,1.632000000000,10.955000000000
735781.300694444450,9.260000000000,1.806000000000,11.067000000000
735781.301388888850,8.734000000000,2.328000000000,11.062000000000
735781.302083333370,8.943000000000,0.103000000000,9.046000000000
735781.302777777780,9.632000000000,-0.844000000000,8.789000000000
735781.303472222180,9.699000000000,-1.579000000000,8.120000000000
735781.304166666700,10.763000000000,-2.794000000000,7.967000000000
735781.304861111100,10.643000000000,-1.070000000000,9.573000000000
735781.305555555500,10.895000000000,-0.795000000000,10.099000000000
735781.306250000020,10.872000000000,-0.358000000000,10.513000000000
735781.306944444430,10.876000000000,2.594000000000,13.471000000000
735781.307638888950,10.599000000000,3.285000000000,13.884000000000
735781.308333333350,11.075000000000,2.416000000000,13.492000000000
735781.309027777750,11.159000000000,2.176000000000,13.331000000000
735781.309722222270,11.004000000000,1.794000000000,12.799000000000
735781.310416666670,11.916000000000,0.155000000000,12.071000000000
735781.311111111080,12.022000000000,-1.107000000000,10.913000000000
735781.311805555600,11.526000000000,-1.374000000000,10.151000000000
735781.312500000000,11.959000000000,-2.622000000000,9.338000000000
735781.313194444400,12.415000000000,-3.274000000000,9.141000000000
735781.313888888920,12.608000000000,-3.676000000000,8.933000000000
735781.314583333330,12.265000000000,-3.244000000000,9.021000000000
735781.315277777730,11.835000000000,-0.591000000000,11.245000000000
735781.315972222250,12.215000000000,-0.957000000000,11.257000000000
735781.316666666650,12.390000000000,-1.276000000000,11.112000000000
735781.317361111050,12.722000000000,-0.831000000000,11.889000000000
735781.318055555570,12.807000000000,-2.870000000000,9.934000000000
735781.318749999980,13.083000000000,-3.253000000000,9.829000000000
735781.319444444500,13.286000000000,-4.020000000000,9.264000000000
735781.320138888900,13.416000000000,-4.336000000000,9.080000000000
735781.320833333300,13.853000000000,-4.862000000000,8.991000000000
735781.321527777820,13.853000000000,-5.700000000000,8.151000000000
735781.322222222220,14.766000000000,-5.280000000000,9.486000000000
735781.322916666630,15.260000000000,-4.635000000000,10.628000000000
735781.323611111150,14.285000000000,-3.561000000000,10.723000000000
735781.324305555550,15.305000000000,-4.724000000000,10.581000000000
735781.324999999950,15.174000000000,-4.373000000000,10.801000000000
735781.325694444470,14.374000000000,-3.013000000000,11.362000000000
735781.326388888880,14.800000000000,-2.710000000000,12.092000000000
735781.327083333280,15.571000000000,-3.599000000000,11.972000000000
735781.327777777800,15.121000000000,-3.156000000000,11.966000000000
735781.328472222200,14.607000000000,-3.406000000000,11.200000000000
735781.329166666720,16.331000000000,-5.871000000000,10.461000000000
735781.329861111120,16.032000000000,-2.452000000000,13.578000000000
735781.330555555530,15.265000000000,0.066000000000,15.331000000000
735781.331250000050,14.842000000000,-0.052000000000,14.792000000000
735781.331944444450,15.219000000000,-0.543000000000,14.676000000000
735781.332638888850,14.997000000000,-0.294000000000,14.702000000000
735781.333333333370,15.305000000000,-1.940000000000,13.365000000000
735781.334027777780,15.553000000000,-2.809000000000,12.743000000000
735781.334722222180,15.972000000000,-2.730000000000,13.239000000000
735781.335416666700,16.118000000000,-2.840000000000,13.279000000000
735781.336111111100,16.065000000000,-2.749000000000,13.317000000000
735781.336805555500,16.201000000000,-1.372000000000,14.832000000000
735781.337500000020,15.762000000000,-0.645000000000,15.120000000000
735781.338194444430,16.434000000000,-1.543000000000,14.890000000000
735781.338888888950,16.115000000000,-1.735000000000,14.377000000000
735781.339583333350,16.737000000000,-2.187000000000,14.550000000000
735781.340277777750,15.711000000000,-1.157000000000,14.553000000000
735781.340972222270,17.079000000000,-4.330000000000,12.751000000000
735781.341666666670,17.346000000000,-4.831000000000,12.514000000000
735781.342361111080,16.813000000000,-3.281000000000,13.533000000000
735781.343055555600,16.905000000000,-3.890000000000,13.014000000000
735781.343750000000,17.224000000000,-4.627000000000,12.599000000000
735781.344444444400,16.712000000000,-3.731000000000,12.981000000000
735781.345138888920,17.800000000000,-2.839000000000,14.959000000000
735781.345833333330,17.214000000000,-1.549000000000,15.668000000000
735781.346527777730,17.516000000000,-2.627000000000,14.890000000000
735781.347222222250,17.905000000000,-4.377000000000,13.525000000000
735781.347916666650,16.918000000000,-4.666000000000,12.252000000000
735781.348611111050,17.151000000000,-5.193000000000,11.959000000000
735781.349305555570,17.854000000000,-6.017000000000,11.835000000000
735781.349999999980,18.089000000000,-6.109000000000,11.982000000000
735781.350694444500,18.192000000000,-7.017000000000,11.172000000000
735781.351388888900,18.131000000000,-9.029000000000,9.104000000000
735781.352083333300,18.425000000000,-9.533000000000,8.892000000000
735781.352777777820,18.755000000000,-10.107000000000,8.650000000000
735781.353472222220,19.397000000000,-9.330000000000,10.066000000000
735781.354166666630,19.405000000000,-8.230000000000,11.174000000000
735781.354861111150,19.332000000000,-4.339000000000,14.991000000000
735781.355555555550,20.061000000000,-5.364000000000,14.698000000000
735781.356249999950,19.307000000000,-4.871000000000,14.436000000000
735781.356944444470,18.193000000000,-2.155000000000,16.038000000000
735781.357638888880,18.998000000000,-6.170000000000,12.828000000000
735781.358333333280,19.503000000000,-3.138000000000,16.364000000000
735781.359027777800,19.481000000000,-2.777000000000,16.707000000000
735781.359722222200,19.706000000000,-7.183000000000,12.524000000000
735781.360416666720,19.818000000000,-4.308000000000,15.506000000000
735781.361111111120,19.162000000000,-5.003000000000,14.160000000000
735781.361805555530,19.762000000000,-4.578000000000,15.185000000000
735781.362500000050,20.024000000000,-2.448000000000,17.575000000000
735781.363194444450,20.208000000000,-6.768000000000,13.443000000000
735781.363888888850,19.743000000000,-4.199000000000,15.544000000000
735781.364583333370,19.991000000000,-4.963000000000,15.030000000000
735781.365277777780,20.845000000000,-10.730000000000,10.116000000000
735781.365972222180,20.661000000000,-7.659000000000,13.003000000000
735781.366666666700,20.815000000000,-12.345000000000,8.470000000000
735781.367361111100,21.214000000000,-10.768000000000,10.444000000000
735781.368055555500,21.694000000000,-12.489000000000,9.204000000000
735781.368750000020,21.874000000000,-15.601000000000,6.273000000000
735781.369444444430,21.923000000000,-14.005000000000,7.918000000000
735781.370138888950,21.868000000000,-14.506000000000,7.360000000000
735781.370833333350,21.729000000000,-14.281000000000,7.448000000000
735781.371527777750,20.894000000000,-12.405000000000,8.488000000000
735781.372222222270,21.429000000000,-9.579000000000,11.851000000000
735781.372916666670,21.149000000000,-7.818000000000,13.331000000000
735781.373611111080,22.450000000000,-9.717000000000,12.732000000000
735781.374305555600,22.681000000000,-11.153000000000,11.528000000000
735781.375000000000,22.759000000000,-11.344000000000,11.417000000000
735781.375694444400,23.114000000000,-11.820000000000,11.294000000000
735781.376388888920,22.874000000000,-12.103000000000,10.770000000000
735781.377083333330,23.255000000000,-12.046000000000,11.210000000000
735781.377777777730,23.044000000000,-10.402000000000,12.643000000000
735781.378472222250,22.992000000000,-9.939000000000,13.054000000000
735781.379166666650,22.203000000000,-11.301000000000,10.902000000000
735781.379861111050,21.964000000000,-11.857000000000,10.108000000000
735781.380555555570,22.813000000000,-13.288000000000,9.523000000000
735781.381249999980,23.594000000000,-14.037000000000,9.558000000000
735781.381944444500,24.323000000000,-14.346000000000,9.977000000000
735781.382638888900,24.177000000000,-13.423000000000,10.752000000000
735781.383333333300,24.500000000000,-13.549000000000,10.952000000000
735781.384027777820,25.079000000000,-14.106000000000,10.973000000000
735781.384722222220,24.894000000000,-15.185000000000,9.711000000000
735781.385416666630,25.408000000000,-16.209000000000,9.199000000000
735781.386111111150,25.641000000000,-17.993000000000,7.648000000000
735781.386805555550,25.797000000000,-18.741000000000,7.054000000000
735781.387499999950,24.317000000000,-15.636000000000,8.680000000000
735781.388194444470,24.149000000000,-14.380000000000,9.771000000000
735781.388888888880,24.320000000000,-14.094000000000,10.227000000000
735781.389583333280,24.688000000000,-14.457000000000,10.231000000000
735781.390277777800,24.811000000000,-14.559000000000,10.252000000000
735781.390972222200,24.537000000000,-14.272000000000,10.267000000000
735781.391666666720,24.557000000000,-13.417000000000,11.141000000000
735781.392361111120,24.366000000000,-12.666000000000,11.700000000000
735781.393055555530,21.183000000000,-8.864000000000,12.318000000000
735781.393750000050,22.979000000000,-10.255000000000,12.723000000000
735781.394444444450,22.055000000000,-8.441000000000,13.614000000000
735781.395138888850,25.672000000000,-11.836000000000,13.835000000000
735781.395833333370,25.096000000000,-11.264000000000,13.830000000000
735781.396527777780,25.817000000000,-11.989000000000,13.828000000000
735781.397222222180,25.487000000000,-9.625000000000,15.863000000000
735781.397916666700,25.738000000000,-10.043000000000,15.693000000000
735781.398611111100,26.287000000000,-10.823000000000,15.461000000000
735781.399305555500,27.078000000000,-11.258000000000,15.820000000000
735781.400000000020,28.185000000000,-11.427000000000,16.757000000000
735781.400694444430,27.243000000000,-9.305000000000,17.939000000000
735781.401388888950,24.267000000000,-6.866000000000,17.400000000000
735781.402083333350,25.347000000000,-7.113000000000,18.232000000000
735781.402777777750,25.869000000000,-8.579000000000,17.290000000000
735781.403472222270,25.232000000000,-6.937000000000,18.295000000000
735781.404166666670,26.654000000000,-10.102000000000,16.550000000000
735781.404861111080,26.868000000000,-12.630000000000,14.238000000000
735781.405555555600,27.612000000000,-13.646000000000,13.968000000000
735781.406250000000,27.614000000000,-13.640000000000,13.976000000000
735781.406944444400,28.463000000000,-14.514000000000,13.947000000000
735781.407638888920,28.404000000000,-16.437000000000,11.965000000000
735781.408333333330,28.014000000000,-17.299000000000,10.716000000000
735781.409027777730,28.312000000000,-18.656000000000,9.656000000000
735781.409722222250,27.902000000000,-18.243000000000,9.661000000000
735781.410416666650,26.274000000000,-18.009000000000,8.267000000000
735781.411111111050,26.919000000000,-17.099000000000,9.822000000000
735781.411805555570,27.506000000000,-17.779000000000,9.722000000000
735781.412499999980,27.668000000000,-17.835000000000,9.831000000000
735781.413194444500,27.597000000000,-17.454000000000,10.144000000000
735781.413888888900,27.993000000000,-17.780000000000,10.213000000000
735781.414583333300,28.276000000000,-14.437000000000,13.838000000000
735781.415277777820,27.938000000000,-10.943000000000,16.994000000000
735781.415972222220,28.714000000000,-10.186000000000,18.526000000000
735781.416666666630,29.507000000000,-9.927000000000,19.581000000000
735781.417361111150,29.479000000000,-9.487000000000,19.992000000000
735781.418055555550,29.401000000000,-9.442000000000,19.959000000000
735781.418749999950,29.634000000000,-10.612000000000,19.026000000000
735781.419444444470,28.228000000000,-10.152000000000,18.077000000000
735781.420138888880,27.259000000000,-9.544000000000,17.712000000000
735781.420833333280,28.161000000000,-10.683000000000,17.476000000000
735781.421527777800,28.254000000000,-10.703000000000,17.553000000000
735781.422222222200,29.576000000000,-11.347000000000,18.229000000000
735781.422916666720,29.028000000000,-11.462000000000,17.565000000000
735781.423611111120,27.191000000000,-12.389000000000,14.799000000000
735781.424305555530,26.869000000000,-13.746000000000,13.127000000000
735781.425000000050,25.544000000000,-10.259000000000,15.284000000000
735781.425694444450,26.144000000000,-10.886000000000,15.259000000000
735781.426388888850,28.451000000000,-13.175000000000,15.277000000000
735781.427083333370,28.827000000000,-13.361000000000,15.465000000000
735781.427777777780,28.889000000000,-12.873000000000,16.015000000000
735781.428472222180,29.088000000000,-12.599000000000,16.491000000000
735781.429166666700,29.048000000000,-10.698000000000,18.349000000000
735781.429861111100,29.171000000000,-8.714000000000,20.456000000000
735781.430555555500,29.717000000000,-9.505000000000,20.214000000000
735781.431250000020,30.552000000000,-8.389000000000,22.162000000000
735781.431944444430,31.245000000000,-10.463000000000,20.782000000000
735781.432638888950,30.082000000000,-11.731000000000,18.348000000000
735781.433333333350,28.468000000000,-9.729000000000,18.741000000000
735781.434027777750,31.388000000000,-11.931000000000,19.455000000000
735781.434722222270,31.411000000000,-13.489000000000,17.921000000000
735781.435416666670,31.958000000000,-15.481000000000,16.476000000000
735781.436111111080,31.404000000000,-13.075000000000,18.331000000000
735781.436805555600,30.173000000000,-12.863000000000,17.308000000000
735781.437500000000,28.744000000000,-13.386000000000,15.357000000000
735781.438194444400,27.870000000000,-12.943000000000,14.929000000000
735781.438888888920,29.415000000000,-13.853000000000,15.562000000000
735781.439583333330,29.540000000000,-11.983000000000,17.556000000000
735781.440277777730,29.270000000000,-13.956000000000,15.313000000000
735781.440972222250,30.013000000000,-15.522000000000,14.495000000000
735781.441666666650,31.417000000000,-17.147000000000,14.270000000000
735781.442361111050,30.148000000000,-15.876000000000,14.272000000000
735781.443055555570,30.317000000000,-16.840000000000,13.476000000000
735781.443749999980,30.890000000000,-17.226000000000,13.666000000000
735781.444444444500,29.525000000000,-16.214000000000,13.311000000000
735781.445138888900,30.482000000000,-16.840000000000,13.642000000000
735781.445833333300,30.367000000000,-14.670000000000,15.694000000000
735781.446527777820,31.508000000000,-14.734000000000,16.774000000000
735781.447222222220,32.088000000000,-14.561000000000,17.526000000000
735781.447916666630,32.351000000000,-13.630000000000,18.720000000000
735781.448611111150,30.026000000000,-9.676000000000,20.349000000000
735781.449305555550,30.164000000000,-9.574000000000,20.590000000000
735781.449999999950,24.783000000000,-7.772000000000,17.016000000000
735781.450694444470,32.284000000000,-10.825000000000,21.459000000000
735781.451388888880,31.922000000000,-8.990000000000,22.933000000000
735781.452083333280,30.677000000000,-8.720000000000,21.958000000000
735781.452777777800,33.780000000000,-11.631000000000,22.151000000000
735781.453472222200,31.651000000000,-11.740000000000,19.913000000000
735781.454166666720,31.560000000000,-12.841000000000,18.717000000000
735781.454861111120,31.751000000000,-13.753000000000,17.999000000000
735781.455555555530,32.295000000000,-14.052000000000,18.242000000000
735781.456250000050,31.073000000000,-11.697000000000,19.375000000000
735781.456944444450,31.418000000000,-12.248000000000,19.170000000000
735781.457638888850,28.666000000000,-9.385000000000,19.282000000000
735781.458333333370,30.369000000000,-10.372000000000,19.999000000000
735781.459027777780,30.802000000000,-9.250000000000,21.549000000000
735781.459722222180,30.418000000000,-8.746000000000,21.670000000000
735781.460416666700,30.739000000000,-7.604000000000,23.135000000000
735781.461111111100,31.169000000000,-8.428000000000,22.740000000000
735781.461805555500,31.857000000000,-9.863000000000,21.996000000000
735781.462500000020,31.186000000000,-9.455000000000,21.733000000000
735781.463194444430,31.773000000000,-11.582000000000,20.192000000000
735781.463888888950,31.442000000000,-11.282000000000,20.159000000000
735781.464583333350,31.727000000000,-9.810000000000,21.916000000000
735781.465277777750,32.006000000000,-8.051000000000,23.952000000000
735781.465972222270,32.746000000000,-6.328000000000,26.419000000000
735781.466666666670,33.544000000000,-9.060000000000,24.482000000000
735781.467361111080,34.172000000000,-8.796000000000,25.375000000000
735781.468055555600,28.448000000000,-3.282000000000,25.166000000000
735781.468750000000,28.562000000000,-4.088000000000,24.475000000000
735781.469444444400,28.133000000000,-7.420000000000,20.712000000000
735781.470138888920,30.481000000000,-11.356000000000,19.125000000000
735781.470833333330,30.251000000000,-12.489000000000,17.764000000000
735781.471527777730,30.971000000000,-14.045000000000,16.925000000000
735781.472222222250,31.926000000000,-14.809000000000,17.116000000000
735781.472916666650,31.804000000000,-14.549000000000,17.256000000000
735781.473611111050,31.664000000000,-13.702000000000,17.963000000000
735781.474305555570,32.115000000000,-13.814000000000,18.301000000000
735781.474999999980,32.277000000000,-13.682000000000,18.594000000000
735781.475694444500,31.283000000000,-11.877000000000,19.410000000000
735781.476388888900,30.955000000000,-11.952000000000,19.004000000000
735781.477083333300,29.803000000000,-9.927000000000,19.878000000000
735781.477777777820,29.601000000000,-8.069000000000,21.532000000000
735781.478472222220,31.758000000000,-9.131000000000,22.627000000000
735781.479166666630,31.966000000000,-10.053000000000,21.913000000000
735781.479861111150,31.924000000000,-10.877000000000,21.047000000000
735781.480555555550,32.082000000000,-10.434000000000,21.647000000000
735781.481249999950,32.277000000000,-9.826000000000,22.449000000000
735781.481944444470,33.236000000000,-10.768000000000,22.469000000000
735781.482638888880,29.529000000000,-7.001000000000,22.529000000000
735781.483333333280,30.612000000000,-7.458000000000,23.155000000000
735781.484027777800,31.821000000000,-5.627000000000,26.192000000000
735781.484722222200,31.363000000000,-4.288000000000,27.073000000000
735781.485416666720,30.832000000000,-7.393000000000,23.439000000000
735781.486111111120,29.584000000000,-6.985000000000,22.597000000000
735781.486805555530,29.732000000000,-8.242000000000,21.490000000000
735781.487500000050,32.958000000000,-11.379000000000,21.578000000000
735781.488194444450,29.778000000000,-8.786000000000,20.991000000000
735781.488888888850,29.073000000000,-8.107000000000,20.967000000000
735781.489583333370,29.068000000000,-8.173000000000,20.896000000000
735781.490277777780,28.862000000000,-7.958000000000,20.906000000000
735781.490972222180,26.563000000000,-0.973000000000,25.590000000000
735781.491666666700,25.264000000000,1.095000000000,26.359000000000
735781.492361111100,30.843000000000,-4.590000000000,26.255000000000
735781.493055555500,32.315000000000,-5.745000000000,26.573000000000
735781.493750000020,33.390000000000,-6.144000000000,27.247000000000
735781.494444444430,33.311000000000,-6.151000000000,27.159000000000
735781.495138888950,32.884000000000,-6.859000000000,26.023000000000
735781.495833333350,31.999000000000,-2.104000000000,29.897000000000
735781.496527777750,32.222000000000,-5.461000000000,26.761000000000
735781.497222222270,30.021000000000,-2.815000000000,27.205000000000
735781.497916666670,27.913000000000,-3.093000000000,24.818000000000
735781.498611111080,24.212000000000,2.874000000000,27.085000000000
735781.499305555600,25.915000000000,-0.633000000000,25.282000000000
735781.500000000000,28.251000000000,-0.639000000000,27.611000000000
735781.500694444400,29.926000000000,-6.580000000000,23.345000000000
735781.501388888920,28.106000000000,-6.921000000000,21.185000000000
735781.502083333330,30.159000000000,-7.491000000000,22.668000000000
735781.502777777730,28.915000000000,-7.300000000000,21.617000000000
735781.503472222250,29.946000000000,-8.208000000000,21.740000000000
735781.504166666650,30.561000000000,-4.997000000000,25.563000000000
735781.504861111050,30.926000000000,-4.951000000000,25.974000000000
735781.505555555570,30.515000000000,-6.217000000000,24.298000000000
735781.506249999980,30.974000000000,-6.170000000000,24.807000000000
735781.506944444500,30.257000000000,-5.420000000000,24.837000000000
735781.507638888900,28.467000000000,-4.132000000000,24.336000000000
735781.508333333300,29.592000000000,-2.511000000000,27.083000000000
735781.509027777820,30.047000000000,-3.875000000000,26.170000000000
735781.509722222220,29.264000000000,-4.643000000000,24.620000000000
735781.510416666630,28.869000000000,0.238000000000,29.106000000000
735781.511111111150,29.480000000000,-4.918000000000,24.562000000000
735781.511805555550,28.146000000000,-4.474000000000,23.670000000000
735781.512499999950,27.317000000000,-3.856000000000,23.460000000000
735781.513194444470,29.640000000000,-5.907000000000,23.734000000000
735781.513888888880,31.452000000000,-6.438000000000,25.012000000000
735781.514583333280,30.349000000000,-7.524000000000,22.825000000000
735781.515277777800,29.031000000000,-7.964000000000,21.066000000000
735781.515972222200,29.198000000000,-8.370000000000,20.828000000000
735781.516666666720,29.522000000000,-7.329000000000,22.195000000000
735781.517361111120,28.938000000000,-6.778000000000,22.161000000000
735781.518055555530,31.482000000000,-10.718000000000,20.766000000000
735781.518750000050,28.733000000000,-8.525000000000,20.208000000000
735781.519444444450,32.251000000000,-12.029000000000,20.222000000000
735781.520138888850,31.966000000000,-12.051000000000,19.913000000000
735781.520833333370,31.783000000000,-9.452000000000,22.331000000000
735781.521527777780,30.705000000000,-9.630000000000,21.077000000000
735781.522222222180,27.742000000000,-6.859000000000,20.883000000000
735781.522916666700,29.935000000000,-8.468000000000,21.468000000000
735781.523611111100,30.641000000000,-7.672000000000,22.971000000000
735781.524305555500,30.841000000000,-7.724000000000,23.116000000000
735781.525000000020,30.387000000000,-9.711000000000,20.678000000000
735781.525694444430,30.200000000000,-10.030000000000,20.169000000000
735781.526388888950,28.752000000000,-6.809000000000,21.946000000000
735781.527083333350,28.910000000000,-6.912000000000,21.999000000000
735781.527777777750,32.931000000000,-8.579000000000,24.354000000000
735781.528472222270,32.690000000000,-9.338000000000,23.353000000000
735781.529166666670,32.653000000000,-10.104000000000,22.550000000000
735781.529861111080,33.430000000000,-10.392000000000,23.038000000000
735781.530555555600,35.024000000000,-12.677000000000,22.345000000000
735781.531250000000,31.480000000000,-11.463000000000,20.014000000000
735781.531944444400,31.922000000000,-11.980000000000,19.942000000000
735781.532638888920,31.672000000000,-11.143000000000,20.529000000000
735781.533333333330,31.773000000000,-8.231000000000,23.546000000000
735781.534027777730,32.110000000000,-8.612000000000,23.500000000000
735781.534722222250,33.735000000000,-8.401000000000,25.334000000000
735781.535416666650,33.301000000000,-8.310000000000,24.992000000000
735781.536111111050,31.438000000000,-6.597000000000,24.839000000000
735781.536805555570,29.956000000000,-5.227000000000,24.731000000000
735781.537499999980,31.836000000000,-7.173000000000,24.664000000000
735781.538194444500,32.942000000000,-7.902000000000,25.040000000000
735781.538888888900,32.151000000000,-7.129000000000,25.024000000000
735781.539583333300,31.306000000000,-6.512000000000,24.793000000000
735781.540277777820,31.920000000000,-7.029000000000,24.890000000000
735781.540972222220,31.156000000000,-6.133000000000,25.023000000000
735781.541666666630,32.285000000000,-9.071000000000,23.214000000000
735781.542361111150,32.991000000000,-9.954000000000,23.039000000000
735781.543055555550,32.073000000000,-10.530000000000,21.543000000000
735781.543749999950,32.323000000000,-9.888000000000,22.435000000000
735781.544444444470,30.795000000000,-8.658000000000,22.138000000000
735781.545138888880,30.369000000000,-7.387000000000,22.983000000000
735781.545833333280,30.845000000000,-9.341000000000,21.505000000000
735781.546527777800,31.781000000000,-12.106000000000,19.674000000000
735781.547222222200,31.644000000000,-13.427000000000,18.220000000000
735781.547916666720,31.219000000000,-13.603000000000,17.614000000000
735781.548611111120,31.479000000000,-14.710000000000,16.771000000000
735781.549305555530,31.278000000000,-12.858000000000,18.421000000000
735781.550000000050,30.194000000000,-6.134000000000,24.057000000000
735781.550694444450,30.268000000000,-5.386000000000,24.883000000000
735781.551388888850,30.742000000000,-5.320000000000,25.422000000000
735781.552083333370,31.589000000000,-4.340000000000,27.249000000000
735781.552777777780,32.042000000000,-6.090000000000,25.951000000000
735781.553472222180,33.407000000000,-7.196000000000,26.209000000000
735781.554166666700,33.137000000000,-7.061000000000,26.075000000000
735781.554861111100,32.680000000000,-8.163000000000,24.517000000000
735781.555555555500,32.548000000000,-5.116000000000,27.431000000000
735781.556250000020,32.553000000000,-1.938000000000,30.615000000000
735781.556944444430,29.682000000000,2.025000000000,31.706000000000
735781.557638888950,32.158000000000,-0.080000000000,32.077000000000
735781.558333333350,31.540000000000,-2.602000000000,28.940000000000
735781.559027777750,31.288000000000,0.841000000000,32.131000000000
735781.559722222270,30.746000000000,1.135000000000,31.882000000000
735781.560416666670,29.662000000000,2.944000000000,32.607000000000
735781.561111111080,29.003000000000,2.563000000000,31.564000000000
735781.561805555600,28.762000000000,-0.161000000000,28.601000000000
735781.562500000000,29.158000000000,1.832000000000,30.990000000000
735781.563194444400,30.610000000000,-1.832000000000,28.777000000000
735781.563888888920,32.579000000000,-5.259000000000,27.320000000000
735781.564583333330,32.748000000000,-10.768000000000,21.978000000000
735781.565277777730,32.568000000000,-3.627000000000,28.942000000000
735781.565972222250,31.633000000000,-2.489000000000,29.145000000000
735781.566666666650,31.236000000000,-2.183000000000,29.053000000000
735781.567361111050,31.138000000000,-5.390000000000,25.747000000000
735781.568055555570,30.964000000000,-3.642000000000,27.324000000000
735781.568749999980,31.038000000000,-0.888000000000,30.153000000000
735781.569444444500,28.881000000000,2.374000000000,31.255000000000
735781.570138888900,27.591000000000,-0.205000000000,27.385000000000
735781.570833333300,28.824000000000,0.767000000000,29.594000000000
735781.571527777820,29.930000000000,2.811000000000,32.740000000000
735781.572222222220,30.764000000000,2.774000000000,33.536000000000
735781.572916666630,30.593000000000,-1.595000000000,28.995000000000
735781.573611111150,31.044000000000,5.428000000000,36.470000000000
735781.574305555550,30.810000000000,4.845000000000,35.655000000000
735781.574999999950,30.576000000000,4.111000000000,34.687000000000
735781.575694444470,28.422000000000,-1.514000000000,26.907000000000
735781.576388888880,29.110000000000,2.808000000000,31.917000000000
735781.577083333280,29.487000000000,1.965000000000,31.453000000000
735781.577777777800,29.067000000000,-0.766000000000,28.301000000000
735781.578472222200,28.529000000000,-4.748000000000,23.782000000000
735781.579166666720,27.374000000000,-3.834000000000,23.540000000000
735781.579861111120,26.392000000000,0.095000000000,26.485000000000
735781.580555555530,26.201000000000,1.645000000000,27.845000000000
735781.581250000050,26.757000000000,-0.538000000000,26.218000000000
735781.581944444450,27.195000000000,-3.740000000000,23.455000000000
735781.582638888850,28.499000000000,-5.230000000000,23.271000000000
735781.583333333370,28.434000000000,-1.086000000000,27.347000000000
735781.584027777780,29.007000000000,-4.572000000000,24.434000000000
735781.584722222180,28.533000000000,-3.764000000000,24.769000000000
735781.585416666700,28.407000000000,-2.345000000000,26.060000000000
735781.586111111100,28.793000000000,-1.393000000000,27.399000000000
735781.586805555500,29.157000000000,1.302000000000,30.458000000000
735781.587500000020,28.545000000000,4.328000000000,32.874000000000
735781.588194444430,27.136000000000,5.365000000000,32.499000000000
735781.588888888950,28.621000000000,3.435000000000,32.058000000000
735781.589583333350,24.986000000000,6.888000000000,31.871000000000
735781.590277777750,23.520000000000,8.276000000000,31.796000000000
735781.590972222270,25.776000000000,5.970000000000,31.745000000000
735781.591666666670,26.898000000000,5.162000000000,32.060000000000
735781.592361111080,25.396000000000,5.297000000000,30.692000000000
735781.593055555600,24.555000000000,4.118000000000,28.672000000000
735781.593750000000,25.197000000000,3.713000000000,28.909000000000
735781.594444444400,27.118000000000,2.953000000000,30.067000000000
735781.595138888920,28.405000000000,1.896000000000,30.299000000000
735781.595833333330,26.566000000000,3.212000000000,29.777000000000
735781.596527777730,23.301000000000,5.883000000000,29.183000000000
735781.597222222250,23.129000000000,5.813000000000,28.941000000000
735781.597916666650,26.585000000000,2.329000000000,28.916000000000
735781.598611111050,29.581000000000,-1.320000000000,28.261000000000
735781.599305555570,27.631000000000,-1.446000000000,26.185000000000
735781.599999999980,27.402000000000,0.304000000000,27.705000000000
735781.600694444500,27.588000000000,3.488000000000,31.078000000000
735781.601388888900,28.359000000000,5.673000000000,34.033000000000
735781.602083333300,29.756000000000,4.447000000000,34.205000000000
735781.602777777820,29.798000000000,4.461000000000,34.262000000000
735781.603472222220,27.392000000000,6.614000000000,34.007000000000
735781.604166666630,27.969000000000,6.432000000000,34.399000000000
735781.604861111150,29.181000000000,7.614000000000,36.797000000000
735781.605555555550,28.207000000000,15.690000000000,43.898000000000
735781.606249999950,27.485000000000,14.933000000000,42.417000000000
735781.606944444470,27.442000000000,11.751000000000,39.191000000000
735781.607638888880,27.915000000000,10.040000000000,37.957000000000
735781.608333333280,27.380000000000,10.058000000000,37.439000000000
735781.609027777800,25.934000000000,11.676000000000,37.610000000000
735781.609722222200,28.086000000000,10.505000000000,38.592000000000
735781.610416666720,29.218000000000,6.530000000000,35.749000000000
735781.611111111120,28.618000000000,11.418000000000,40.031000000000
735781.611805555530,28.092000000000,10.143000000000,38.231000000000
735781.612500000050,27.832000000000,10.411000000000,38.243000000000
735781.613194444450,28.716000000000,3.015000000000,31.732000000000
735781.613888888850,28.092000000000,6.600000000000,34.692000000000
735781.614583333370,25.750000000000,10.395000000000,36.143000000000
735781.615277777780,25.455000000000,11.685000000000,37.139000000000
735781.615972222180,25.720000000000,6.709000000000,32.427000000000
735781.616666666700,25.260000000000,7.658000000000,32.919000000000
735781.617361111100,23.583000000000,11.163000000000,34.747000000000
735781.618055555500,24.395000000000,10.258000000000,34.651000000000
735781.618750000020,24.733000000000,7.371000000000,32.105000000000
735781.619444444430,25.315000000000,8.524000000000,33.839000000000
735781.620138888950,26.736000000000,10.619000000000,37.356000000000
735781.620833333350,26.692000000000,10.426000000000,37.120000000000
735781.621527777750,26.321000000000,8.657000000000,34.977000000000
735781.622222222270,25.544000000000,9.760000000000,35.302000000000
735781.622916666670,26.263000000000,11.331000000000,37.593000000000
735781.623611111080,25.307000000000,12.240000000000,37.548000000000
735781.624305555600,24.304000000000,10.232000000000,34.536000000000
735781.625000000000,22.718000000000,12.523000000000,35.241000000000
735781.625694444400,19.499000000000,17.736000000000,37.233000000000
735781.626388888920,22.763000000000,17.842000000000,40.605000000000
735781.627083333330,24.876000000000,14.305000000000,39.181000000000
735781.627777777730,25.824000000000,15.552000000000,41.374000000000
735781.628472222250,23.914000000000,18.938000000000,42.850000000000
735781.629166666650,24.016000000000,18.325000000000,42.341000000000
735781.629861111050,23.661000000000,14.424000000000,38.086000000000
735781.630555555570,22.094000000000,19.434000000000,41.528000000000
735781.631249999980,23.046000000000,18.826000000000,41.874000000000
735781.631944444500,22.913000000000,16.438000000000,39.353000000000
735781.632638888900,21.645000000000,18.049000000000,39.695000000000
735781.633333333300,23.490000000000,17.248000000000,40.740000000000
735781.634027777820,24.103000000000,15.134000000000,39.237000000000
735781.634722222220,23.525000000000,12.634000000000,36.160000000000
735781.635416666630,24.375000000000,14.569000000000,38.944000000000
735781.636111111150,24.606000000000,12.513000000000,37.119000000000
735781.636805555550,24.842000000000,7.421000000000,32.264000000000
735781.637499999950,24.750000000000,6.833000000000,31.583000000000
735781.638194444470,24.496000000000,8.180000000000,32.673000000000
735781.638888888880,23.508000000000,8.128000000000,31.634000000000
735781.639583333280,23.022000000000,8.539000000000,31.563000000000
735781.640277777800,22.570000000000,11.349000000000,33.921000000000
735781.640972222200,23.167000000000,11.686000000000,34.856000000000
735781.641666666720,24.018000000000,10.921000000000,34.938000000000
735781.642361111120,23.607000000000,8.507000000000,32.113000000000
735781.643055555530,22.992000000000,10.674000000000,33.666000000000
735781.643750000050,22.416000000000,12.279000000000,34.695000000000
735781.644444444450,20.764000000000,15.704000000000,36.469000000000
735781.645138888850,20.968000000000,16.546000000000,37.514000000000
735781.645833333370,21.965000000000,17.286000000000,39.252000000000
735781.646527777780,22.128000000000,17.297000000000,39.426000000000
735781.647222222180,21.736000000000,17.727000000000,39.464000000000
735781.647916666700,21.237000000000,18.165000000000,39.403000000000
735781.648611111100,22.721000000000,16.736000000000,39.456000000000
735781.649305555500,21.345000000000,16.710000000000,38.056000000000
735781.650000000020,20.588000000000,16.427000000000,37.012000000000
735781.650694444430,20.322000000000,16.419000000000,36.741000000000
735781.651388888950,20.077000000000,15.648000000000,35.726000000000
735781.652083333350,20.119000000000,14.725000000000,34.843000000000
735781.652777777750,20.240000000000,13.670000000000,33.910000000000
735781.653472222270,19.773000000000,11.185000000000,30.959000000000
735781.654166666670,19.446000000000,8.675000000000,28.121000000000
735781.654861111080,18.398000000000,9.211000000000,27.610000000000
735781.655555555600,19.255000000000,7.646000000000,26.900000000000
735781.656250000000,18.928000000000,8.026000000000,26.953000000000
735781.656944444400,17.715000000000,9.162000000000,26.878000000000
735781.657638888920,17.022000000000,9.761000000000,26.782000000000
735781.658333333330,17.264000000000,13.588000000000,30.850000000000
735781.659027777730,17.254000000000,16.782000000000,34.037000000000
735781.659722222250,16.036000000000,18.662000000000,34.697000000000
735781.660416666650,16.564000000000,20.053000000000,36.617000000000
735781.661111111050,17.174000000000,20.887000000000,38.062000000000
735781.661805555570,16.410000000000,21.566000000000,37.978000000000
735781.662499999980,16.030000000000,22.015000000000,38.045000000000
735781.663194444500,15.538000000000,23.853000000000,39.393000000000
735781.663888888900,15.476000000000,23.440000000000,38.915000000000
735781.664583333300,15.538000000000,23.327000000000,38.866000000000
735781.665277777820,15.158000000000,22.849000000000,38.011000000000
735781.665972222220,15.145000000000,22.328000000000,37.473000000000
735781.666666666630,14.923000000000,20.440000000000,35.361000000000
735781.667361111150,14.678000000000,20.377000000000,35.056000000000
735781.668055555550,13.960000000000,20.966000000000,34.926000000000
735781.668749999950,14.124000000000,20.667000000000,34.794000000000
735781.669444444470,14.409000000000,20.190000000000,34.600000000000
735781.670138888880,12.799000000000,19.915000000000,32.712000000000
735781.670833333280,12.625000000000,19.116000000000,31.742000000000
735781.671527777800,13.797000000000,17.955000000000,31.753000000000
735781.672222222200,13.776000000000,17.609000000000,31.387000000000
735781.672916666720,14.502000000000,19.109000000000,33.613000000000
735781.673611111120,14.671000000000,20.518000000000,35.187000000000
735781.674305555530,14.584000000000,19.692000000000,34.277000000000
735781.675000000050,13.632000000000,18.282000000000,31.913000000000
735781.675694444450,13.190000000000,17.522000000000,30.711000000000
735781.676388888850,13.647000000000,16.600000000000,30.248000000000
735781.677083333370,13.415000000000,16.502000000000,29.917000000000
735781.677777777780,13.436000000000,15.583000000000,29.019000000000
735781.678472222180,13.151000000000,18.468000000000,31.620000000000
735781.679166666700,13.658000000000,19.316000000000,32.973000000000
735781.679861111100,13.411000000000,20.522000000000,33.934000000000
735781.680555555500,11.925000000000,19.900000000000,31.826000000000
735781.681250000020,11.544000000000,18.551000000000,30.095000000000
735781.681944444430,13.347000000000,18.005000000000,31.351000000000
735781.682638888950,12.980000000000,19.187000000000,32.166000000000
735781.683333333350,12.316000000000,21.283000000000,33.599000000000
735781.684027777750,13.770000000000,20.073000000000,33.844000000000
735781.684722222270,13.789000000000,19.935000000000,33.724000000000
735781.685416666670,13.691000000000,22.201000000000,35.893000000000
735781.686111111080,13.525000000000,23.449000000000,36.972000000000
735781.686805555600,12.325000000000,26.819000000000,39.141000000000
735781.687500000000,11.259000000000,26.585000000000,37.840000000000
735781.688194444400,11.083000000000,26.572000000000,37.656000000000
735781.688888888920,11.092000000000,28.451000000000,39.545000000000
735781.689583333330,12.121000000000,28.804000000000,40.923000000000
735781.690277777730,11.973000000000,29.180000000000,41.154000000000
735781.690972222250,11.920000000000,29.345000000000,41.265000000000
735781.691666666650,11.994000000000,29.640000000000,41.635000000000
735781.692361111050,11.682000000000,27.890000000000,39.570000000000
735781.693055555570,11.394000000000,26.629000000000,38.020000000000
735781.693749999980,10.031000000000,23.328000000000,33.360000000000
735781.694444444500,10.962000000000,25.021000000000,35.984000000000
735781.695138888900,10.973000000000,27.804000000000,38.776000000000
735781.695833333300,10.085000000000,28.615000000000,38.701000000000
735781.696527777820,9.624000000000,23.769000000000,33.392000000000
735781.697222222220,9.664000000000,20.068000000000,29.732000000000
735781.697916666630,10.147000000000,19.541000000000,29.686000000000
735781.698611111150,10.709000000000,22.069000000000,32.777000000000
735781.699305555550,10.410000000000,21.933000000000,32.341000000000
735781.699999999950,10.421000000000,21.399000000000,31.822000000000
735781.700694444470,10.315000000000,20.680000000000,30.994000000000
735781.701388888880,10.147000000000,20.061000000000,30.208000000000
735781.702083333280,9.944000000000,20.220000000000,30.165000000000
735781.702777777800,9.812000000000,20.186000000000,29.998000000000
735781.703472222200,8.670000000000,22.689000000000,31.358000000000
735781.704166666720,8.080000000000,19.869000000000,27.951000000000
735781.704861111120,8.689000000000,21.036000000000,29.724000000000
735781.705555555530,9.384000000000,20.117000000000,29.502000000000
735781.706250000050,9.395000000000,20.036000000000,29.430000000000
735781.706944444450,9.215000000000,18.198000000000,27.412000000000
735781.707638888850,9.077000000000,18.102000000000,27.179000000000
735781.708333333370,8.799000000000,17.282000000000,26.080000000000
735781.709027777780,8.444000000000,17.891000000000,26.334000000000
735781.709722222180,8.322000000000,17.031000000000,25.353000000000
735781.710416666700,8.328000000000,17.089000000000,25.415000000000
735781.711111111100,8.275000000000,17.022000000000,25.297000000000
735781.711805555500,8.142000000000,14.773000000000,22.913000000000
735781.712500000020,7.951000000000,13.773000000000,21.724000000000
735781.713194444430,7.780000000000,13.278000000000,21.057000000000
735781.713888888950,7.754000000000,14.156000000000,21.907000000000
735781.714583333350,7.682000000000,13.652000000000,21.333000000000
735781.715277777750,7.519000000000,13.763000000000,21.283000000000
735781.715972222270,7.391000000000,13.970000000000,21.362000000000
735781.716666666670,7.176000000000,14.802000000000,21.980000000000
735781.717361111080,7.043000000000,14.309000000000,21.350000000000
735781.718055555600,6.807000000000,12.637000000000,19.450000000000
735781.718750000000,6.730000000000,20.475000000000,27.204000000000
735781.719444444400,6.526000000000,23.067000000000,29.592000000000
735781.720138888920,6.172000000000,26.696000000000,32.867000000000
735781.720833333330,5.765000000000,28.093000000000,33.859000000000
735781.721527777730,5.520000000000,28.755000000000,34.279000000000
735781.722222222250,5.323000000000,28.517000000000,33.843000000000
735781.722916666650,5.194000000000,29.420000000000,34.619000000000
735781.723611111050,5.113000000000,28.453000000000,33.570000000000
735781.724305555570,5.157000000000,26.510000000000,31.673000000000
735781.724999999980,4.998000000000,24.952000000000,29.954000000000
735781.725694444500,4.249000000000,25.535000000000,29.789000000000
735781.726388888900,4.058000000000,25.268000000000,29.332000000000
735781.727083333300,3.943000000000,24.445000000000,28.393000000000
735781.727777777820,3.757000000000,27.008000000000,30.770000000000
735781.728472222220,3.516000000000,28.951000000000,32.474000000000
735781.729166666630,3.576000000000,28.466000000000,32.052000000000
735781.729861111150,3.606000000000,27.078000000000,30.693000000000
735781.730555555550,3.805000000000,26.443000000000,30.255000000000
735781.731249999950,3.894000000000,24.832000000000,28.736000000000
735781.731944444470,3.880000000000,24.000000000000,27.889000000000
735781.732638888880,3.885000000000,23.632000000000,27.526000000000
735781.733333333280,3.972000000000,23.412000000000,27.392000000000
735781.734027777800,3.990000000000,23.342000000000,27.344000000000
735781.734722222200,3.924000000000,23.551000000000,27.483000000000
735781.735416666720,3.796000000000,23.706000000000,27.516000000000
735781.736111111120,3.579000000000,23.914000000000,27.507000000000
735781.736805555530,3.414000000000,26.449000000000,29.877000000000
735781.737500000050,3.213000000000,30.592000000000,33.818000000000
735781.738194444450,2.957000000000,31.150000000000,34.122000000000
735781.738888888850,2.610000000000,30.266000000000,32.891000000000
735781.739583333370,2.447000000000,29.511000000000,31.976000000000
735781.740277777780,2.343000000000,29.160000000000,31.520000000000
735781.740972222180,2.285000000000,29.058000000000,31.365000000000
735781.741666666700,2.211000000000,29.156000000000,31.389000000000
735781.742361111100,2.097000000000,27.795000000000,29.916000000000
735781.743055555500,1.937000000000,26.569000000000,28.526000000000
735781.743750000020,1.798000000000,25.101000000000,26.921000000000
735781.744444444430,1.749000000000,24.440000000000,26.208000000000
735781.745138888950,1.741000000000,23.896000000000,25.657000000000
735781.745833333350,1.718000000000,22.756000000000,24.495000000000
735781.746527777750,1.637000000000,23.562000000000,25.218000000000
735781.747222222270,1.545000000000,23.274000000000,24.838000000000
735781.747916666670,1.451000000000,22.750000000000,24.219000000000
735781.748611111080,1.350000000000,25.617000000000,26.987000000000
735781.749305555600,1.274000000000,27.570000000000,28.861000000000
735781.750000000000,1.180000000000,30.381000000000,31.583000000000
735781.750694444400,1.070000000000,29.692000000000,30.781000000000
735781.751388888920,0.961000000000,29.767000000000,30.750000000000
735781.752083333330,0.853000000000,30.681000000000,31.557000000000
735781.752777777730,0.743000000000,36.580000000000,37.344000000000
735781.753472222250,0.665000000000,38.929000000000,39.618000000000
735781.754166666650,0.601000000000,41.752000000000,42.380000000000
735781.754861111050,0.531000000000,40.805000000000,41.366000000000
735781.755555555570,0.461000000000,40.324000000000,40.814000000000
735781.756249999980,0.410000000000,38.212000000000,38.656000000000
735781.756944444500,0.371000000000,42.454000000000,42.859000000000
735781.757638888900,0.332000000000,42.267000000000,42.634000000000
735781.758333333300,0.302000000000,38.775000000000,39.114000000000
735781.759027777820,0.316000000000,41.516000000000,41.872000000000
735781.759722222220,0.292000000000,42.488000000000,42.816000000000
735781.760416666630,0.251000000000,39.070000000000,39.360000000000
735781.761111111150,0.221000000000,43.164000000000,43.424000000000
735781.761805555550,0.184000000000,41.180000000000,41.410000000000
735781.762499999950,0.144000000000,40.407000000000,40.603000000000
735781.763194444470,0.111000000000,38.172000000000,38.337000000000
735781.763888888880,0.087000000000,31.010000000000,31.157000000000
735781.764583333280,0.062000000000,24.661000000000,24.786000000000
735781.765277777800,0.011000000000,29.860000000000,29.943000000000
735781.765972222200,-0.065000000000,25.971000000000,25.976000000000
735781.766666666720,-0.079000000000,24.923000000000,24.910000000000
735781.767361111120,-0.102000000000,20.518000000000,20.490000000000
735781.768055555530,-0.129000000000,19.386000000000,19.333000000000
735781.768750000050,-0.141000000000,19.948000000000,19.882000000000
735781.769444444450,-0.088000000000,20.158000000000,20.143000000000
735781.770138888850,-0.102000000000,21.837000000000,21.814000000000
735781.770833333370,-0.108000000000,24.482000000000,24.453000000000
735781.771527777780,-0.107000000000,24.692000000000,24.665000000000
735781.772222222180,-0.118000000000,28.038000000000,28.003000000000
735781.772916666700,-0.127000000000,31.640000000000,31.600000000000
735781.773611111100,-0.122000000000,34.634000000000,34.600000000000
735781.774305555500,-0.122000000000,37.714000000000,37.679000000000
735781.775000000020,-0.106000000000,37.720000000000,37.682000000000
735781.775694444430,-0.096000000000,34.508000000000,34.467000000000
735781.776388888950,-0.087000000000,35.820000000000,35.779000000000
735781.777083333350,-0.088000000000,35.279000000000,35.234000000000
735781.777777777750,-0.084000000000,35.317000000000,35.275000000000
735781.778472222270,-0.073000000000,33.316000000000,33.285000000000
735781.779166666670,-0.075000000000,30.632000000000,30.601000000000
735781.779861111080,-0.074000000000,27.223000000000,27.192000000000
735781.780555555600,-0.072000000000,26.571000000000,26.540000000000
735781.781250000000,-0.071000000000,25.941000000000,25.911000000000
735781.781944444400,-0.072000000000,23.545000000000,23.514000000000
735781.782638888920,-0.072000000000,21.837000000000,21.808000000000
735781.783333333330,-0.071000000000,21.554000000000,21.525000000000
735781.784027777730,-0.068000000000,24.980000000000,24.951000000000
735781.784722222250,-0.065000000000,26.144000000000,26.113000000000
735781.785416666650,-0.067000000000,25.177000000000,25.147000000000
735781.786111111050,-0.068000000000,23.537000000000,23.508000000000
735781.786805555570,-0.071000000000,24.201000000000,24.170000000000
735781.787499999980,-0.072000000000,22.876000000000,22.844000000000
735781.788194444500,-0.072000000000,22.995000000000,22.965000000000
735781.788888888900,-0.072000000000,24.277000000000,24.245000000000
735781.789583333300,-0.073000000000,23.076000000000,23.044000000000
735781.790277777820,-0.073000000000,23.936000000000,23.903000000000
735781.790972222220,-0.074000000000,25.517000000000,25.486000000000
735781.791666666630,-0.074000000000,26.936000000000,26.902000000000
735781.792361111150,-0.074000000000,27.078000000000,27.044000000000
735781.793055555550,-0.075000000000,26.385000000000,26.352000000000
735781.793749999950,-0.073000000000,29.481000000000,29.449000000000
735781.794444444470,-0.073000000000,30.165000000000,30.133000000000
735781.795138888880,-0.076000000000,28.977000000000,28.943000000000
735781.795833333280,-0.075000000000,29.344000000000,29.312000000000
735781.796527777800,-0.074000000000,32.312000000000,32.279000000000
735781.797222222200,-0.074000000000,30.915000000000,30.885000000000
735781.797916666720,-0.072000000000,28.900000000000,28.870000000000
735781.798611111120,-0.071000000000,26.925000000000,26.894000000000
735781.799305555530,-0.073000000000,24.554000000000,24.522000000000
735781.800000000050,-0.072000000000,26.094000000000,26.063000000000
735781.800694444450,-0.075000000000,23.695000000000,23.665000000000
735781.801388888850,-0.075000000000,21.772000000000,21.742000000000
735781.802083333370,-0.073000000000,20.141000000000,20.111000000000
735781.802777777780,-0.073000000000,19.112000000000,19.081000000000
735781.803472222180,-0.070000000000,20.531000000000,20.500000000000
735781.804166666700,-0.074000000000,18.192000000000,18.161000000000
735781.804861111100,-0.073000000000,18.264000000000,18.234000000000
735781.805555555500,-0.074000000000,18.142000000000,18.111000000000
735781.806250000020,-0.072000000000,19.309000000000,19.278000000000
735781.806944444430,-0.074000000000,21.162000000000,21.128000000000
735781.807638888950,-0.074000000000,19.671000000000,19.638000000000
735781.808333333350,-0.072000000000,19.815000000000,19.783000000000
735781.809027777750,-0.074000000000,23.126000000000,23.095000000000
735781.809722222270,-0.075000000000,23.444000000000,23.412000000000
735781.810416666670,-0.075000000000,23.686000000000,23.654000000000
735781.811111111080,-0.076000000000,24.292000000000,24.259000000000
735781.811805555600,-0.076000000000,25.353000000000,25.321000000000
735781.812500000000,-0.076000000000,25.174000000000,25.140000000000
735781.813194444400,-0.077000000000,25.137000000000,25.104000000000
735781.813888888920,-0.077000000000,25.665000000000,25.632000000000
735781.814583333330,-0.077000000000,24.415000000000,24.384000000000
735781.815277777730,-0.079000000000,26.401000000000,26.369000000000
735781.815972222250,-0.079000000000,24.324000000000,24.292000000000
735781.816666666650,-0.079000000000,22.763000000000,22.729000000000
735781.817361111050,-0.076000000000,22.146000000000,22.114000000000
735781.818055555570,-0.077000000000,23.704000000000,23.673000000000
735781.818749999980,-0.076000000000,23.986000000000,23.955000000000
735781.819444444500,-0.075000000000,24.129000000000,24.096000000000
735781.820138888900,-0.076000000000,24.084000000000,24.051000000000
735781.820833333300,-0.076000000000,24.082000000000,24.051000000000
735781.821527777820,-0.075000000000,23.626000000000,23.595000000000
735781.822222222220,-0.071000000000,21.923000000000,21.893000000000
735781.822916666630,-0.071000000000,20.630000000000,20.601000000000
735781.823611111150,-0.071000000000,18.567000000000,18.536000000000
735781.824305555550,-0.073000000000,21.973000000000,21.942000000000
735781.824999999950,-0.072000000000,23.569000000000,23.539000000000
735781.825694444470,-0.073000000000,23.667000000000,23.636000000000
735781.826388888880,-0.073000000000,23.818000000000,23.787000000000
735781.827083333280,-0.073000000000,23.914000000000,23.881000000000
735781.827777777800,-0.073000000000,23.939000000000,23.907000000000
735781.828472222200,-0.075000000000,25.466000000000,25.435000000000
735781.829166666720,-0.076000000000,26.168000000000,26.137000000000
735781.829861111120,-0.075000000000,27.609000000000,27.577000000000
735781.830555555530,-0.075000000000,28.336000000000,28.304000000000
735781.831250000050,-0.078000000000,26.500000000000,26.467000000000
735781.831944444450,-0.077000000000,26.130000000000,26.098000000000
735781.832638888850,-0.074000000000,25.517000000000,25.486000000000
735781.833333333370,-0.074000000000,24.187000000000,24.155000000000
735781.834027777780,-0.076000000000,23.512000000000,23.480000000000
735781.834722222180,-0.078000000000,22.924000000000,22.891000000000
735781.835416666700,-0.077000000000,22.536000000000,22.503000000000
735781.836111111100,-0.079000000000,21.541000000000,21.508000000000
735781.836805555500,-0.074000000000,21.035000000000,21.004000000000
735781.837500000020,-0.073000000000,18.994000000000,18.964000000000
735781.838194444430,-0.074000000000,18.686000000000,18.657000000000
735781.838888888950,-0.073000000000,20.382000000000,20.352000000000
735781.839583333350,-0.074000000000,20.922000000000,20.892000000000
735781.840277777750,-0.073000000000,21.021000000000,20.991000000000
735781.840972222270,-0.073000000000,21.098000000000,21.068000000000
735781.841666666670,-0.076000000000,20.954000000000,20.924000000000
735781.842361111080,-0.074000000000,20.765000000000,20.736000000000
735781.843055555600,-0.080000000000,22.137000000000,22.105000000000
735781.843750000000,-0.095000000000,23.522000000000,23.490000000000
735781.844444444400,-0.080000000000,22.653000000000,22.620000000000
735781.845138888920,-0.080000000000,25.614000000000,25.580000000000
735781.845833333330,-0.079000000000,25.691000000000,25.659000000000
735781.846527777730,-0.079000000000,25.636000000000,25.603000000000
735781.847222222250,-0.080000000000,25.451000000000,25.418000000000
735781.847916666650,-0.079000000000,25.308000000000,25.275000000000
735781.848611111050,-0.079000000000,24.491000000000,24.458000000000
735781.849305555570,-0.077000000000,24.549000000000,24.517000000000
735781.849999999980,-0.076000000000,21.798000000000,21.768000000000
735781.850694444500,-0.075000000000,20.516000000000,20.488000000000
735781.851388888900,-0.075000000000,20.345000000000,20.315000000000
735781.852083333300,-0.075000000000,20.545000000000,20.514000000000
735781.852777777820,-0.074000000000,20.692000000000,20.663000000000
735781.853472222220,-0.075000000000,20.430000000000,20.401000000000
735781.854166666630,-0.073000000000,20.426000000000,20.396000000000
735781.854861111150,-0.074000000000,23.046000000000,23.017000000000
735781.855555555550,-0.075000000000,22.758000000000,22.729000000000
735781.856249999950,-0.075000000000,22.638000000000,22.608000000000
735781.856944444470,-0.077000000000,22.432000000000,22.401000000000
735781.857638888880,-0.079000000000,24.019000000000,23.985000000000
735781.858333333280,-0.079000000000,25.968000000000,25.935000000000
735781.859027777800,-0.079000000000,26.159000000000,26.125000000000
735781.859722222200,-0.080000000000,26.252000000000,26.217000000000
735781.860416666720,-0.079000000000,27.624000000000,27.590000000000
735781.861111111120,-0.081000000000,27.443000000000,27.408000000000
735781.861805555530,-0.081000000000,28.953000000000,28.919000000000
735781.862500000050,-0.081000000000,28.904000000000,28.870000000000
735781.863194444450,-0.080000000000,27.749000000000,27.716000000000
735781.863888888850,-0.080000000000,26.205000000000,26.172000000000
735781.864583333370,-0.080000000000,24.374000000000,24.341000000000
735781.865277777780,-0.080000000000,23.673000000000,23.641000000000
735781.865972222180,-0.079000000000,23.232000000000,23.200000000000
735781.866666666700,-0.076000000000,22.882000000000,22.850000000000
735781.867361111100,-0.075000000000,22.302000000000,22.271000000000
735781.868055555500,-0.075000000000,20.777000000000,20.748000000000
735781.868750000020,-0.075000000000,18.515000000000,18.485000000000
735781.869444444430,-0.075000000000,19.283000000000,19.253000000000
735781.870138888950,-0.075000000000,20.379000000000,20.349000000000
735781.870833333350,-0.074000000000,20.157000000000,20.126000000000
735781.871527777750,-0.075000000000,18.531000000000,18.500000000000
735781.872222222270,-0.075000000000,18.289000000000,18.258000000000
735781.872916666670,-0.075000000000,19.504000000000,19.473000000000
735781.873611111080,-0.073000000000,19.562000000000,19.532000000000
735781.874305555600,-0.072000000000,19.061000000000,19.029000000000
735781.875000000000,-0.073000000000,19.080000000000,19.048000000000
735781.875694444400,-0.076000000000,20.924000000000,20.892000000000
735781.876388888920,-0.077000000000,20.223000000000,20.191000000000
735781.877083333330,-0.078000000000,19.769000000000,19.737000000000
735781.877777777730,-0.077000000000,19.073000000000,19.043000000000
735781.878472222250,-0.076000000000,18.301000000000,18.271000000000
735781.879166666650,-0.075000000000,16.814000000000,16.783000000000
735781.879861111050,-0.075000000000,16.963000000000,16.932000000000
735781.880555555570,-0.075000000000,19.310000000000,19.281000000000
735781.881249999980,-0.074000000000,20.644000000000,20.614000000000
735781.881944444500,-0.076000000000,22.470000000000,22.437000000000
735781.882638888900,-0.077000000000,22.502000000000,22.472000000000
735781.883333333300,-0.078000000000,23.187000000000,23.154000000000
735781.884027777820,-0.079000000000,23.755000000000,23.723000000000
735781.884722222220,-0.079000000000,23.767000000000,23.734000000000
735781.885416666630,-0.081000000000,22.891000000000,22.859000000000
735781.886111111150,-0.079000000000,22.232000000000,22.200000000000
735781.886805555550,-0.080000000000,20.879000000000,20.849000000000
735781.887499999950,-0.080000000000,19.900000000000,19.869000000000
735781.888194444470,-0.079000000000,19.597000000000,19.565000000000
735781.888888888880,-0.081000000000,19.910000000000,19.876000000000
735781.889583333280,-0.080000000000,15.545000000000,15.512000000000
735781.890277777800,-0.079000000000,14.362000000000,14.328000000000
735781.890972222200,-0.075000000000,13.473000000000,13.441000000000
735781.891666666720,-0.073000000000,13.910000000000,13.876000000000
735781.892361111120,-0.075000000000,14.231000000000,14.198000000000
735781.893055555530,-0.074000000000,14.214000000000,14.182000000000
735781.893750000050,-0.074000000000,13.288000000000,13.256000000000
735781.894444444450,-0.077000000000,15.056000000000,15.024000000000
735781.895138888850,-0.078000000000,17.435000000000,17.404000000000
735781.895833333370,-0.081000000000,17.354000000000,17.323000000000
735781.896527777780,-0.079000000000,16.963000000000,16.931000000000
735781.897222222180,-0.079000000000,19.894000000000,19.863000000000
735781.897916666700,-0.080000000000,20.463000000000,20.432000000000
735781.898611111100,-0.078000000000,19.640000000000,19.610000000000
735781.899305555500,-0.076000000000,18.671000000000,18.641000000000
735781.900000000020,-0.077000000000,18.650000000000,18.618000000000
735781.900694444430,-0.077000000000,18.253000000000,18.223000000000
735781.901388888950,-0.074000000000,17.676000000000,17.647000000000
735781.902083333350,-0.073000000000,19.351000000000,19.322000000000
735781.902777777750,-0.073000000000,19.248000000000,19.219000000000
735781.903472222270,-0.073000000000,19.287000000000,19.258000000000
735781.904166666670,-0.075000000000,19.307000000000,19.276000000000
735781.904861111080,-0.075000000000,19.769000000000,19.738000000000
735781.905555555600,-0.075000000000,19.152000000000,19.120000000000
735781.906250000000,-0.076000000000,19.786000000000,19.757000000000
735781.906944444400,-0.077000000000,21.086000000000,21.054000000000
735781.907638888920,-0.076000000000,21.760000000000,21.727000000000
735781.908333333330,-0.078000000000,22.250000000000,22.216000000000
735781.909027777730,-0.077000000000,21.181000000000,21.148000000000
735781.909722222250,-0.079000000000,20.338000000000,20.306000000000
735781.910416666650,-0.081000000000,19.301000000000,19.268000000000
735781.911111111050,-0.083000000000,21.697000000000,21.663000000000
735781.911805555570,-0.083000000000,21.859000000000,21.825000000000
735781.912499999980,-0.082000000000,19.456000000000,19.425000000000
735781.913194444500,-0.083000000000,17.974000000000,17.944000000000
735781.913888888900,-0.080000000000,16.919000000000,16.890000000000
735781.914583333300,-0.079000000000,16.606000000000,16.575000000000
735781.915277777820,-0.079000000000,16.613000000000,16.583000000000
735781.915972222220,-0.079000000000,16.250000000000,16.218000000000
735781.916666666630,-0.075000000000,16.834000000000,16.805000000000
735781.917361111150,-0.075000000000,18.196000000000,18.166000000000
735781.918055555550,-0.074000000000,15.497000000000,15.467000000000
735781.918749999950,-0.075000000000,15.434000000000,15.404000000000
735781.919444444470,-0.075000000000,14.725000000000,14.695000000000
735781.920138888880,-0.074000000000,14.336000000000,14.307000000000
735781.920833333280,-0.074000000000,14.703000000000,14.674000000000
735781.921527777800,-0.076000000000,15.627000000000,15.597000000000
735781.922222222200,-0.075000000000,15.585000000000,15.554000000000
735781.922916666720,-0.076000000000,15.837000000000,15.806000000000
735781.923611111120,-0.078000000000,16.225000000000,16.195000000000
735781.924305555530,-0.081000000000,15.894000000000,15.863000000000
735781.925000000050,-0.082000000000,15.799000000000,15.768000000000
735781.925694444450,-0.083000000000,15.963000000000,15.932000000000
735781.926388888850,-0.084000000000,14.971000000000,14.940000000000
735781.927083333370,-0.083000000000,13.366000000000,13.335000000000
735781.927777777780,-0.080000000000,14.301000000000,14.269000000000
735781.928472222180,-0.079000000000,14.116000000000,14.085000000000
735781.929166666700,-0.077000000000,13.237000000000,13.207000000000
735781.929861111100,-0.076000000000,12.422000000000,12.391000000000
735781.930555555500,-0.077000000000,13.749000000000,13.719000000000
735781.931250000020,-0.079000000000,14.266000000000,14.237000000000
735781.931944444430,-0.080000000000,14.477000000000,14.446000000000
735781.932638888950,-0.079000000000,13.640000000000,13.607000000000
735781.933333333350,-0.075000000000,12.705000000000,12.674000000000
735781.934027777750,-0.076000000000,13.742000000000,13.712000000000
735781.934722222270,-0.075000000000,14.522000000000,14.492000000000
735781.935416666670,-0.076000000000,14.583000000000,14.551000000000
735781.936111111080,-0.074000000000,13.064000000000,13.035000000000
735781.936805555600,-0.075000000000,13.018000000000,12.989000000000
735781.937500000000,-0.075000000000,13.701000000000,13.669000000000
735781.938194444400,-0.075000000000,13.652000000000,13.622000000000
735781.938888888920,-0.075000000000,13.650000000000,13.619000000000
735781.939583333330,-0.075000000000,12.135000000000,12.103000000000
735781.940277777730,-0.079000000000,14.595000000000,14.562000000000
735781.940972222250,-0.083000000000,16.648000000000,16.616000000000
735781.941666666650,-0.082000000000,15.766000000000,15.735000000000
735781.942361111050,-0.082000000000,15.140000000000,15.108000000000
735781.943055555570,-0.083000000000,14.854000000000,14.824000000000
735781.943749999980,-0.082000000000,14.808000000000,14.777000000000
735781.944444444500,-0.082000000000,14.818000000000,14.786000000000
735781.945138888900,-0.082000000000,14.845000000000,14.814000000000
735781.945833333300,-0.081000000000,12.919000000000,12.889000000000
735781.946527777820,-0.078000000000,10.913000000000,10.883000000000
735781.947222222220,-0.078000000000,12.224000000000,12.195000000000
735781.947916666630,-0.076000000000,11.818000000000,11.789000000000
735781.948611111150,-0.076000000000,13.911000000000,13.882000000000
735781.949305555550,-0.072000000000,14.938000000000,14.908000000000
735781.949999999950,-0.072000000000,15.403000000000,15.375000000000
735781.950694444470,-0.069000000000,15.724000000000,15.695000000000
735781.951388888880,-0.071000000000,14.668000000000,14.639000000000
735781.952083333280,-0.072000000000,13.687000000000,13.658000000000
735781.952777777800,-0.071000000000,13.217000000000,13.188000000000
735781.953472222200,-0.073000000000,13.358000000000,13.330000000000
735781.954166666720,-0.073000000000,15.143000000000,15.113000000000
735781.954861111120,-0.072000000000,15.842000000000,15.813000000000
735781.955555555530,-0.071000000000,14.455000000000,14.425000000000
735781.956250000050,-0.070000000000,13.624000000000,13.593000000000
735781.956944444450,-0.076000000000,15.897000000000,15.868000000000
735781.957638888850,-0.078000000000,17.459000000000,17.428000000000
735781.958333333370,-0.080000000000,19.584000000000,19.552000000000
735781.959027777780,-0.079000000000,19.644000000000,19.612000000000
735781.959722222180,-0.079000000000,19.653000000000,19.621000000000
735781.960416666700,-0.078000000000,19.548000000000,19.517000000000
735781.961111111100,-0.080000000000,20.273000000000,20.239000000000
735781.961805555500,-0.080000000000,20.427000000000,20.396000000000
735781.962500000020,-0.079000000000,19.374000000000,19.342000000000
735781.963194444430,-0.077000000000,19.169000000000,19.139000000000
735781.963888888950,-0.076000000000,18.778000000000,18.747000000000
735781.964583333350,-0.077000000000,18.952000000000,18.922000000000
735781.965277777750,-0.071000000000,19.995000000000,19.965000000000
735781.965972222270,-0.072000000000,16.063000000000,16.033000000000
735781.966666666670,-0.073000000000,15.702000000000,15.673000000000
735781.967361111080,-0.070000000000,14.961000000000,14.932000000000
735781.968055555600,-0.070000000000,14.286000000000,14.256000000000
735781.968750000000,-0.071000000000,10.574000000000,10.545000000000
735781.969444444400,-0.071000000000,9.819000000000,9.791000000000
735781.970138888920,-0.071000000000,8.841000000000,8.812000000000
735781.970833333330,-0.074000000000,7.560000000000,7.529000000000
735781.971527777730,-0.076000000000,8.226000000000,8.194000000000
735781.972222222250,-0.081000000000,9.351000000000,9.320000000000
735781.972916666650,-0.081000000000,9.288000000000,9.256000000000
735781.973611111050,-0.081000000000,9.360000000000,9.329000000000
735781.974305555570,-0.082000000000,11.056000000000,11.025000000000
735781.974999999980,-0.081000000000,12.667000000000,12.637000000000
735781.975694444500,-0.082000000000,15.421000000000,15.390000000000
735781.976388888900,-0.081000000000,15.211000000000,15.179000000000
735781.977083333300,-0.080000000000,14.338000000000,14.307000000000
735781.977777777820,-0.081000000000,14.424000000000,14.393000000000
735781.978472222220,-0.080000000000,14.328000000000,14.296000000000
735781.979166666630,-0.079000000000,14.473000000000,14.443000000000
735781.979861111150,-0.079000000000,14.727000000000,14.695000000000
735781.980555555550,-0.075000000000,17.371000000000,17.340000000000
735781.981249999950,-0.075000000000,16.330000000000,16.299000000000
735781.981944444470,-0.074000000000,17.147000000000,17.117000000000
735781.982638888880,-0.074000000000,15.875000000000,15.846000000000
735781.983333333280,-0.074000000000,15.102000000000,15.074000000000
735781.984027777800,-0.075000000000,15.061000000000,15.031000000000
735781.984722222200,-0.071000000000,14.293000000000,14.264000000000
735781.985416666720,-0.072000000000,11.809000000000,11.779000000000
735781.986111111120,-0.072000000000,10.471000000000,10.442000000000
735781.986805555530,-0.073000000000,8.958000000000,8.929000000000
735781.987500000050,-0.076000000000,7.584000000000,7.554000000000
735781.988194444450,-0.076000000000,7.595000000000,7.565000000000
735781.988888888850,-0.080000000000,9.425000000000,9.395000000000
735781.989583333370,-0.078000000000,9.404000000000,9.373000000000
735781.990277777780,-0.080000000000,9.940000000000,9.908000000000
735781.990972222180,-0.078000000000,9.692000000000,9.661000000000
735781.991666666700,-0.080000000000,12.357000000000,12.326000000000
735781.992361111100,-0.082000000000,14.415000000000,14.382000000000
735781.993055555500,-0.081000000000,14.407000000000,14.376000000000
735781.993750000020,-0.082000000000,15.297000000000,15.266000000000
735781.994444444430,-0.081000000000,15.035000000000,15.005000000000
735781.995138888950,-0.077000000000,15.228000000000,15.197000000000
735781.995833333350,-0.075000000000,16.020000000000,15.988000000000
735781.996527777750,-0.074000000000,15.571000000000,15.540000000000
735781.997222222270,-0.075000000000,14.096000000000,14.064000000000
735781.997916666670,-0.075000000000,13.970000000000,13.938000000000
735781.998611111080,-0.072000000000,13.021000000000,12.990000000000
735781.999305555600,-0.071000000000,10.961000000000,10.932000000000
735782.000000000000,-0.071000000000,9.009000000000,8.980000000000
