0,0,837.2,0,0,733.9,800.8,1226.9,0,1064.9,1495.7,2419.3,738
0,0,805.7,0,0,748.2,792.6,1163.4,0,1016,2022.3,2153.2,704
0,0,862.7,0,0,1047,926,1204.6,0,995.8,2251.5,2101.8,683.3
0,0,1152.4,0,0,1131.1,1327,1201.4,0,1007.6,2285.8,1960.8,684
0,0,1376.2,0,0,1152.7,1382.3,1098.9,0,961.5,2234.6,1941.8,677.9
0,0,1457.7,0,0,1019.5,1385.1,1004.5,0,941.5,1866.8,1768.4,677
0,0,1322.8,0,0,805.6,1346.2,1149.9,0,1175.1,1531.2,1659.3,915.2
0,0,1340.3,0,0,708,1171.3,1147.8,0,1202.9,1419.8,1579.9,953.7
0,0,1066,0,0,906.4,1131.1,909.7,0,1143.5,1356.8,1275.4,951.3
0,0,933.2,0,0,1288.6,969.3,904.4,0,1084.8,1199.8,1257.3,965.6
0,0,887.5,0,0,1166.5,1024.3,865.9,0,1147.8,937.1,1044.9,731
0,0,713,0,0,1172.7,1086.6,1085.8,0,1176.6,844.1,1023.3,842.7
0,0,1306.6,0,0,1147.8,1174,1244.7,0,1033.9,854.6,1034.9,973.1
0,0,1166.5,0,0,900.8,1363.2,1482.2,0,1406.2,865.2,1209.2,1116.1
0,0,1200.3,0,0,868.3,2010.9,1414.2,0,1505.9,989.4,1573.8,1054.6
0,0,1530.2,0,0,754,2139.5,1379.6,0,2031.4,1164.9,1848.7,1067
0,0,1874.9,0,0,764.5,2486.6,1360.1,0,2333.8,1180.1,2130.9,952.6
0,0,1867.2,0,0,755.4,2002.1,1362,0,2076.5,1179.9,2122.7,839.5
0,0,1857.1,0,0,742.1,1638.6,1343.1,0,1965.7,1180.5,2034.1,692.5
0,0,1428.2,0,0,739.1,1742.9,1279.7,0,1420.1,1178.2,1861.2,709
0,0,1292.4,0,0,1016.5,1810,1243.2,0,1344,1212.8,1945.9,992.2
0,0,942.3,0,0,1376.4,1571.3,1243.4,0,1445.2,1299,1785,1411.2
0,0,781.9,0,0,1568,1416.9,1198,0,1435.5,1269.4,1715.3,1356.6
0,0,740.5,0,0,1403.9,1365.3,1165.2,0,1211.2,1274.4,1828.1,1357.6
0,0,969,0,0,1483.6,1551.8,1102.9,0,1041.7,1515.6,1817.7,1099.9
0,0,1137.3,0,0,1839,1657.7,1095.7,0,910.7,1761.8,1677.2,976.3
0,0,1647.6,0,0,2000.9,1428,1097.1,0,879.9,1846.7,1569.3,811.9
0,0,1708.8,0,0,2043,1387.6,1261.9,0,987.9,1849.7,1543,709.6
0,0,1991.4,0,0,1905.3,1347.4,1304.3,0,1149.6,1852.2,1819.8,671.1
0,0,1530.6,0,0,1541.5,1088.6,1211,0,1161.9,1719.2,1792.6,668.7
0,0,1445.7,0,0,1278.7,930.4,1189.5,0,1084.9,1739.8,1755.1,672.3
0,0,1524.7,0,0,1335.8,1042.3,1253.5,0,1013.5,1748.4,1749.5,703.7
0,0,1524.3,0,0,1404,1279.5,1364.4,0,1118.4,1858.7,1747.2,768.9
0,0,1576,0,0,1373.8,1452.7,1264,0,1334.3,1846.7,1772.9,769.2
0,0,1604.3,0,0,1373.3,1552.3,1182.2,0,1568.3,1838.2,2304.2,768.8
0,0,1468.9,0,0,1225.1,1755.7,1240.9,0,1592.4,1844.6,2325.8,1091.3
0,0,1355.9,0,0,1185.6,1710.3,1209.8,0,1593.6,1844.6,2493,1409.4
0,0,1477,0,0,1144.1,1648.4,1196.2,0,1940.1,1845.6,2578.5,1486.9
0,0,1616.8,0,0,1029.1,1427.9,1195.6,0,2149.4,1667,2482,1574.3
0,0,1777.3,0,0,1172.1,1323.1,1245,0,2130.7,1883.5,2451,1519.5
0,0,1777,0,0,1141,1249.7,1445.4,0,2200.7,1891.5,2659.2,1321.1
0,0,1592.8,0,0,1141.8,1391.6,1262.2,0,1868.2,1891.9,2675.6,1247.6
0,0,1671.6,0,0,960.9,1473.5,1201.6,0,1656.9,1919.9,2507.3,1211.9
0,0,1443,0,0,1056,1910.8,1160.8,0,1575,2058.8,2228.5,1208.9
0,0,1318.2,0,0,1004.1,2120.1,1145.1,0,1352.6,2268.8,1939.8,1200.7
0,0,1168.8,0,0,1021.3,2320.9,1132.7,0,1120.4,2609.1,1666.9,1009.3
0,0,1160.7,0,0,1227.3,1965.5,1148,0,988.2,2624.6,1525.9,921.2
0,0,1343.6,0,0,1229.5,1661.3,1137.5,0,910.3,2446.5,1414.3,726.4
0,0,1386.1,0,0,1025.5,1194.3,1254.9,0,902.7,2376.9,1506.7,751.4
0,0,1277.7,0,0,1287,1096,1158.1,0,701,2230.9,1500.5,637.2
0,0,1330.7,0,0,1321,1076.9,1125.5,0,667.6,2160.1,1555.6,718.7
0,0,1442.1,0,0,1356.6,1135.8,1112.8,0,654,2027.1,1809.8,658.2
0,0,1198,0,0,1406.2,978.9,1103.3,0,642.3,2213.6,1833.4,657.9
0,0,1261.1,0,0,1496.7,1248.8,1090.6,0,907,2163.2,1822.2,695
0,0,1232.5,0,0,1639.9,1217.8,993.5,0,926.7,1945.3,2112.3,860.9
0,0,1216.5,0,0,1594.7,1196.3,1218,0,922.7,1907.7,2184.8,845.6
0,0,1452.2,0,0,1611.4,1603.3,1421.2,0,924,1883.7,2226.3,799.5
0,0,1641.7,0,0,1454.2,1908.6,1465.9,0,1125.7,1889.1,2253.2,753.7
0,0,1706.3,0,0,1274.1,1923.9,1490.3,0,1224.4,1902.8,2736.8,659.8
0,0,1645.1,0,0,1178.7,1706.6,1534.9,0,1405.6,1748.6,2510.8,755.8
0,0,1451.2,0,0,899.3,1604,1554.7,0,1590,1574.8,2579,1066.7
0,0,1480.1,0,0,1050.1,1692.2,1489.3,0,1813,1586.4,2588.9,887.2
0,0,1579.1,0,0,985.6,1699.9,1421,0,2138.6,1545.4,2550.8,842.9
0,0,1580,0,0,984.7,1472.3,1398.2,0,2215,1570.4,2335.2,651.7
0,0,1575.3,0,0,1013.2,1639.8,1254.4,0,2217.5,1577.6,2124.4,618.6
0,0,1320.7,0,0,949.5,1616.7,1393.3,0,1939.5,1610.4,1941.2,584.9
0,0,1130.7,0,0,1083.6,1296.8,1354.1,0,1790.6,1600.4,1610,577.3
0,0,835.9,0,0,1233.2,1160.3,1345.8,0,1449.3,1470.5,1493.6,595
0,0,851.5,0,0,1306.9,1022.3,1346.3,0,1237,1407,1451.7,679.4
0,0,822,0,0,1300.8,987.4,1340.9,0,1206.4,1482.8,1433.4,648.9
0,0,903.3,0,0,1076.4,984.6,1473.9,0,1201.3,1614.7,1416.6,561.5
0,0,1201,0,0,1077.5,986.1,1414.8,0,1201.7,1612.8,1347.2,630.9
0,0,1227.7,0,0,1231.4,941.6,1276.7,0,1014.2,1650.3,1504.1,835.6
0,0,1468.1,0,0,1209.6,806.1,1169.9,0,1099.5,1822.4,1689.8,842.8
0,0,1638.5,0,0,1036.6,805,1134.8,0,1072.1,1841.2,2036.8,789.5
0,0,1456.6,0,0,1156.9,1145.9,1198.8,0,1036.9,1916.6,2135,758.7
0,0,1325.9,0,0,1359.6,1151.5,1086.1,0,1007.3,2061.9,2140.8,767.2
0,0,1246.3,0,0,1309.7,1238.6,1242,0,1021.7,2061.2,2259.8,762.2
0,0,1256.6,0,0,1386,1755.2,1213.1,0,1050.4,1897.2,2305,1060.9
0,0,1504,0,0,1322.5,2054,1236.1,0,891.9,2058.3,2005.2,1473.2
0,0,1778.9,0,0,1159.8,2074.4,1211.9,0,761.1,1921.1,2447.4,1567.9
0,0,1663.4,0,0,1109.8,1816.6,1148.1,0,1005.8,1852.6,2628.5,1559.1
0,0,1581.5,0,0,1024.7,1765.5,1130.5,0,1103.9,1807.3,2513.7,1544.9
0,0,1671.6,0,0,1005.6,1636.6,1127.9,0,1140.9,1763.3,2469.9,1507
0,0,1569.7,0,0,1065.7,1762.7,1128.2,0,1140.1,1645.2,2545.9,1569.4
0,0,1532.8,0,0,1024.4,1751.5,1009.7,0,1172.3,1589.6,2277,1849.5
0,0,1498.8,0,0,1066.3,1906.1,949.8,0,1162.4,1729.7,2113.9,1814.1
0,0,1447.6,0,0,1050.1,1793.4,1063.4,0,1041.8,1847.5,2029.8,1811.9
0,0,1831.7,0,0,1268.7,1687.5,1264,0,1452.1,1812,1968.9,1728.1
0,0,1749.9,0,0,1460.5,1274,1362.4,0,1459.6,1616.5,1680.2,1699
0,0,1470.9,0,0,1461.3,1137.6,1356,0,1379.9,1557.5,1654.1,1681.4
0,0,1178.3,0,0,1494.5,1323.4,1532.7,0,1198.9,1514.6,1649.6,1596.5
0,0,992.8,0,0,1446.6,1309.7,1839.3,0,1186.7,1513.6,1604.3,1475.2
0,0,905.1,0,0,1145.4,1109.3,1928.2,0,1401,1496.3,1458.9,1465.5
0,0,938.2,0,0,1223.2,1094.1,1853.9,0,1811.2,1653.9,1435.2,1490.2
0,0,1168.4,0,0,1254.7,1076,1745.1,0,1687.7,1640,1714.2,1635.6
0,0,1201.8,0,0,1270.1,1431.3,1589,0,1715.8,1639,1786.3,1638.8
0,0,1351.3,0,0,1353.6,1252.5,1503.1,0,1742.1,1662.2,1811.6,1562
0,0,1351.3,0,0,1508.9,1272,1357,0,1742.3,1831.8,2129.6,1410.1
0,0,1199.9,0,0,1480.6,1548.3,1484.3,0,1734.6,1864.1,2419.4,1631.9
0,0,1268.8,0,0,1439.4,1667.5,1524.4,0,1517.8,1863.4,2487.7,1695.1
0,0,1230,0,0,1385.2,1517.5,1502.4,0,1335.7,1689.1,2541.6,1974.3
0,0,1220.2,0,0,1191.7,1566.3,1399.6,0,1152.1,1553.7,2541.3,1961.1
0,0,1397.8,0,0,1234.2,1529.9,1429.7,0,1212.5,1388.1,2366.5,1959.1
0,0,1317.2,0,0,1432.5,1519.9,1436.9,0,1213.3,1608.1,2325.5,1952
0,0,1204.3,0,0,1310.2,1336.2,1437.5,0,1190.9,1615.9,2286.8,1866.9
0,0,1158.9,0,0,1571.6,1336.6,1409.4,0,1328,1713.8,1936.8,2233.5
0,0,1277.6,0,0,1540.6,1295.8,1275.9,0,1397.4,1873.7,1818.5,2028
0,0,1322.5,0,0,1556.1,1193.9,1278.7,0,1292.3,1991.2,1714.8,2209.4
0,0,1385.5,0,0,1493.3,910.5,1239.9,0,1340.2,2086,1609.6,2328.7
0,0,1373.9,0,0,1506.5,934.8,1245.4,0,1276.4,2086.6,1433.9,2513.7
0,0,1349.4,0,0,1531.7,858.4,1445.5,0,1375.3,2082.6,1568.6,2418.7
0,0,1216.3,0,0,1580.8,822.7,1566.5,0,1359.4,2079.2,1580.2,2279.7
0,0,1165.5,0,0,1586.9,911,1926.1,0,1305.3,1931.7,1551.3,2253.1
0,0,1197.4,0,0,1582.9,930.6,2053.2,0,1411,1860.5,1548.6,2086.8
0,0,1246.7,0,0,1477.2,1018.5,2047.5,0,1658.1,1968.4,1698.8,1999.5
0,0,1122.6,0,0,1288.4,1362.7,1884.8,0,1710.7,1983.8,1633.6,1933.7
0,0,1097.8,0,0,1414.3,1558.1,1807.4,0,1662.1,1971.7,1582.3,1919.8
0,0,1416.3,0,0,1910.8,1558.8,1725.8,0,1624,2102.5,1605.1,1915.3
0,0,1565.9,0,0,1955.1,1468.7,1650,0,1713.1,2104,1946,1916.7
0,0,2099,0,0,2137.9,1482.3,1603.9,0,2145.5,2123,2393.6,1915
0,0,2184.2,0,0,2016.3,1562.1,1738.9,0,2243.2,2306.9,2846.7,1739.2
0,0,2098.6,0,0,1964,1693.1,1709.4,0,2099.3,2321,3094.8,1924.1
0,0,2009.4,0,0,1945.4,1793.9,1759.8,0,1975.2,2322.5,2962.1,1970.5
0,0,2015.7,0,0,1715.2,1817.6,1851.5,0,1931.8,2068.6,2864.5,1969.9
0,0,1968.4,0,0,1476.4,1719.3,1867.6,0,1885.3,1945.8,2693.7,1967.7
0,0,1888.2,0,0,1153.7,1889.9,1720.5,0,1802.8,1656.3,2370.9,1810.3
0,0,1728.4,0,0,1072.1,1724.2,1923.7,0,1663.6,1608.7,2364.1,1747.4
0,0,1855.5,0,0,1251.8,1685.3,2189.6,0,1308,1546.9,2558.1,1991.5
0,0,1898,0,0,1338.8,1495.6,2189,0,1043.3,1516.5,2559.7,1988.7
0,0,1888.5,0,0,1254.8,1430.8,2089.8,0,977.8,1365.6,2535.4,1967.8
0,0,1725.3,0,0,1245.9,1172.1,1959.3,0,978.2,1327.3,2084.5,1960.6
0,0,1512.5,0,0,1168.2,931.9,1789.4,0,1002.1,1295.9,1803.8,1939.2
0,0,1380.3,0,0,1182.8,857.9,1796.6,0,1018.9,1467,1748.7,1852.4
0,0,1350.3,0,0,1412.5,888.4,1904.5,0,1198.7,1541,1682.4,1849.1
0,0,1365,0,0,1412.3,943.2,1835.6,0,1494.1,1569.2,1716.5,1837.6
0,0,1359.5,0,0,1414.7,1284,1790.6,0,1533.1,1577.5,1711,1705.3
0,0,1352.4,0,0,1369.1,1567.7,1774.3,0,1513.2,1746.3,1709.5,1531.3
0,0,1265,0,0,1034.1,1912.9,1986.2,0,1565,1881.8,1762.5,1513.2
0,0,1167.9,0,0,1255.8,1898.6,1835.4,0,1818.6,1875.4,1812.8,1567.7
0,0,1142.4,0,0,1411.4,1828.7,1832.2,0,1789.4,1674.6,1931.2,1534.5
0,0,1541.2,0,0,1413.1,1826.8,1853.3,0,1568.3,2028.7,2088.3,1503.1
0,0,1829.4,0,0,1606.6,1739.7,1868.7,0,1586.6,2167.8,2101,1487.6
0,0,2012,0,0,1634.5,1826.8,1869.3,0,2050,2089.4,2097.5,1592.1
0,0,2043.4,0,0,1498.4,2053.2,2010.8,0,2198.1,1917.5,2772.7,1589.5
0,0,1793.2,0,0,1733.5,2230.8,1934.5,0,2209.3,1879.9,2816,1387.7
0,0,1949.1,0,0,1452.9,2386.4,1887.4,0,2185.7,1903.7,2755.1,1344.6
0,0,1958.2,0,0,1352.5,2139.8,1786.2,0,2157.7,1969.8,2838.7,1307.6
0,0,2117.2,0,0,1004.6,1839.5,1777.4,0,2001.1,2100.7,2289.9,1196.4
0,0,2022.5,0,0,943.2,1682.6,1785.6,0,1928.6,2002.1,2206.8,1137.5
0,0,1800.9,0,0,986.3,1497,1812.6,0,1953.5,1948.7,2129.7,1519.6
0,0,1891,0,0,1121.6,1489.2,1824.7,0,2101.1,1912.2,2076.9,1543.6
0,0,1923.7,0,0,1159,1515.2,1820.4,0,2028.1,2117.8,1750,1452.8
0,0,1741,0,0,1264.9,1343.8,1781.6,0,1996,2191.8,1456.4,1429.7
0,0,1843.5,0,0,1160.9,1275.6,1991,0,1915.7,2188,1375.1,1614.3
0,0,1597.7,0,0,1038.8,1533.4,1925.2,0,1832.9,2195.6,1318.2,1675.3
0,0,1388.7,0,0,1033.9,1535.9,1832.2,0,1845.8,2007.2,1291.8,1590.5
0,0,1297,0,0,1413.9,1500,1807.1,0,1620.3,1948.6,1326.8,1130.6
0,0,1333.5,0,0,1457.1,1187.1,1774.6,0,1643.6,1898,1561.7,992.1
0,0,1349.8,0,0,1315,1226.8,1591.5,0,1655.6,2022.9,1547.6,882.7
0,0,1406.3,0,0,1475.9,1470.5,1744.1,0,1651.3,2243.6,1982.9,856
0,0,1410.8,0,0,1404.3,1771.5,1749.2,0,1541.2,2191.8,2184.5,896.2
0,0,1369.6,0,0,1485.9,2021.1,1744.4,0,1386.7,2138.4,2185.6,1027.4
0,0,1358.9,0,0,1620.2,2179,1967.9,0,1522.1,2106.5,2187.7,1019.7
0,0,1232,0,0,1547.4,2052.5,2006.9,0,1850.1,2058.4,2239.7,1010.1
0,0,1878,0,0,1493,2015.2,2071.3,0,1845.7,1871.3,2442.2,1049.8
0,0,2008,0,0,1686.8,1931.3,2080.3,0,1882.5,1820.6,2373.5,1076.5
0,0,2004.3,0,0,1576.2,1655.9,2035.8,0,1853.2,1424.7,2288,1048.2
0,0,1953.9,0,0,1388.8,1467.3,1958.5,0,1683.1,1386.9,2492.9,1037.7
0,0,1876.3,0,0,1009.1,1586.6,1991.4,0,1604.7,1293.2,2807.8,839.3
0,0,1909.6,0,0,851.1,1547.5,1962.4,0,1611.7,1260.7,3116.3,850.8
0,0,1871.8,0,0,1042.3,1657.1,1840.6,0,1889.3,1450,3017.1,970
0,0,1871.9,0,0,1037.7,1730.2,1792,0,1868,1537.7,2683.1,1045.1
0,0,1651,0,0,1335.5,1706.4,1789.9,0,1826.5,1635.8,2238.9,1046.8
0,0,1453.6,0,0,1569.7,1704.3,1853.3,0,1794.1,1532,1709.3,1056.9
0,0,1354.8,0,0,1646.7,1697.7,2013.2,0,1806.1,1525.7,1480.2,1067.6
0,0,1214.2,0,0,1627.2,1564,2019.6,0,2079,1279.3,1420.5,1049.2
0,0,1271.5,0,0,1431.2,1200.9,2016.3,0,2054.1,1097.7,1368.2,1025.2
0,0,1256.3,0,0,1381.3,1141,2041.6,0,1989.1,985.5,1360.4,982.3
0,0,1281.7,0,0,1502.9,1069.5,1993.4,0,2354.3,950.2,1356.3,1167.8
0,0,1457.3,0,0,1540,1063.6,1745.7,0,2386.6,1157.6,1347.5,1070.3
0,0,1462.4,0,0,1347.6,1067.6,1652.6,0,2376.8,1340.3,1708.9,1092.9
0,0,1656.9,0,0,1624.4,1178.6,1605.1,0,2153.7,1444.2,1825.1,1102
0,0,1669.7,0,0,1454.2,1547.5,1567.9,0,2279.7,1459.4,1837.7,1026.6
0,0,1578.7,0,0,1389.8,1622.2,1564.2,0,2301.4,1446.8,1839,924.5
0,0,1489.6,0,0,1576.3,1606,1562.5,0,2083.3,1519,1884.9,781.6
0,0,1444.1,0,0,1645.7,1604.6,1562.5,0,1812.2,1622.9,1943.1,738.1
0,0,1443.9,0,0,1645.2,2049.8,1561,0,1658.5,1756,2025.2,1301.4
0,0,1636.5,0,0,1626.3,2325.4,1567.4,0,1454.9,1640.1,2047.2,1427.7
0,0,1875.3,0,0,1226.3,2293.3,1776.2,0,1370.5,1555.3,2199.1,1453.2
0,0,1893.7,0,0,1446.8,1976.3,1909.9,0,1403.1,1498.3,2357.7,1449.5
0,0,2051.7,0,0,1520.4,1581.9,2005.6,0,1677.3,1499.4,2348.3,1158.8
0,0,1972.6,0,0,1508.8,1379.2,2221.9,0,1679,1339.1,2236.7,1185.5
0,0,1689.3,0,0,1480,1377,2190,0,1663.6,1165.9,2079.9,1251.2
0,0,1382.8,0,0,1293.8,1434,2296.8,0,1443.5,1067.5,2039.7,1262.4
0,0,1313,0,0,1342.7,1657.3,2488.5,0,1389.2,1033.1,1819.4,1113.1
0,0,1219.7,0,0,1698.1,1845.1,2287.5,0,1500.9,1020.1,1688.5,1074.4
0,0,1115.9,0,0,1865.9,1986.1,2212.5,0,1856.9,796.2,1699,986.3
0,0,993.2,0,0,1810.9,1932,2163.6,0,1865.2,753.2,1719.2,877.4
0,0,916.1,0,0,1640.6,1847.3,2265.4,0,1997.1,738.1,1609.9,765.1
0,0,925.6,0,0,1578.6,1529.4,2207,0,2080.1,734.3,1878.4,1027.7
0,0,924.8,0,0,1504.7,1396,2189.6,0,2081.3,738.6,1990.1,990.8
0,0,924.3,0,0,1428.5,1335.4,2154.3,0,2113.1,802.6,2073.2,973.3
0,0,914.3,0,0,1396.5,1560.1,2163,0,1827.6,1027.5,1950.5,767.3
0,0,749.7,0,0,1405.9,1474.1,2251.3,0,1917.9,1225.3,1842.4,722.4
0,0,765.8,0,0,1332.6,1444.9,2098.8,0,1839.7,1288.2,1714.6,678.8
0,0,920.3,0,0,1303.8,1374.8,1903.7,0,1640.8,1294.2,1445,674.5
0,0,971.6,0,0,1412.8,1328.8,1689,0,1565.5,1303.5,1347,645.1
0,0,972.8,0,0,1343.3,1141.9,1656,0,1467.8,1296.6,1237.6,606.4
0,0,1219.3,0,0,1256.7,1242.3,1622.8,0,1510,1142.7,1372.8,728.8
0,0,1508.5,0,0,876.7,1306,1708.6,0,1414.6,1101.8,1453.5,977.4
0,0,1566.8,0,0,758.3,1286.7,1557,0,1210.2,864.3,1430.4,989.5
0,0,1586.3,0,0,711.9,1295.8,1397.4,0,1073.2,766.6,1371.7,934.7
0,0,1570.4,0,0,710,1286.5,1249.3,0,1015.9,749.7,1321.3,943.6
0,0,1640.2,0,0,719.4,1289.6,1303.8,0,1029.4,828.7,1341,1216.8
0,0,1988.9,0,0,862.5,1133.9,1524.5,0,1029,942.4,1370.8,1154.8
0,0,1959.4,0,0,1030.2,925.7,1542.1,0,1023.8,926.6,1442.2,1074.5
0,0,1551,0,0,1459.5,736.9,1679.1,0,1200.9,897.8,1463.3,914.5
0,0,1371.2,0,0,1563.3,679.4,1721.8,0,1398.6,867.4,1238.2,877.8
0,0,928.6,0,0,1628.9,621.4,1673.2,0,1475.2,865.8,1217.1,852.5
0,0,844,0,0,1552,594,1386.3,0,1446.3,818.3,1134.5,951
0,0,920.6,0,0,1389.4,573.1,1386.9,0,1443.1,963.8,1262.3,895.3
0,0,763.5,0,0,1300.4,551,1266.6,0,1441.3,809.5,1442.2,810.5
0,0,754.9,0,0,963.5,639.2,1198.3,0,1333,760.4,1349.7,930.5
0,0,872.2,0,0,803.8,1082.5,1092.1,0,1557.4,916,1221.7,1125.1
0,0,937.2,0,0,632.7,1374.4,1071.5,0,1549.2,908.4,951.6,1296
0,0,959.1,0,0,783.2,1394.7,1063.2,0,1478.1,912,802.6,1300.5
0,0,1311.8,0,0,825.3,1412.9,904.1,0,1553.8,905.4,671.2,1036.1
0,0,1195,0,0,817.2,1210.2,796,0,1437.4,816.5,624.2,945.7
0,0,1118.8,0,0,811.6,1215.2,752.1,0,1364.5,950,619.1,1446.4
0,0,1170.6,0,0,480.1,1437.3,734.3,0,1088.4,798.1,687.7,1456.4
0,0,1163.1,0,0,528.9,1667.6,767.7,0,1001.9,723.6,822.1,1400.9
0,0,936.5,0,0,721.4,1471,685.6,0,1157.2,675.7,890.1,1381.2
0,0,1110.4,0,0,769.3,1579.4,659,0,1179.7,955.2,1068.4,1410.7
0,0,1111,0,0,815.6,1336.1,659.7,0,1181.5,974.3,1119,1463.8
0,0,1129.7,0,0,821.4,1433.4,908.7,0,1024.1,972,1360.4,1528.2
0,0,1182.9,0,0,633.1,1190.8,1018,0,995.3,703.7,1464.9,1422.5
0,0,1155.5,0,0,586.1,997.1,1029.4,0,1164.6,599.3,1300.7,1396.6
0,0,824.2,0,0,756.7,768.1,1010.1,0,1355.1,529.7,1284.8,1500.8
0,0,697.7,0,0,733.8,750.3,911.4,0,1227.4,472.4,900.3,1517.1
0,0,553.9,0,0,674.5,714.8,992.6,0,1117.2,429,672.5,1224
0,0,491.3,0,0,694.9,707.4,987.6,0,1028.4,420.4,598.3,1232.9
0,0,519.7,0,0,592.8,529.1,981.2,0,996.6,538.3,820.3,1395.8
0,0,800.3,0,0,604,664.8,946.5,0,866.6,633.6,915.1,1361
0,0,796.1,0,0,803.5,782.4,893.7,0,1025.6,641.8,1121.2,1353.7
0,0,792.5,0,0,771.9,778.1,892.2,0,979.7,773.5,1281.2,1287.2
0,0,592.3,0,0,1015.4,780.4,869.4,0,973.4,889.7,1295.5,1480.7
0,0,492,0,0,955.6,790.8,871,0,976.4,875.1,1081.1,1458.8
0,0,418.6,0,0,769.7,782.5,872.8,0,886.9,866.7,811.6,1167.2
0,0,429.8,0,0,1033.3,765.2,749.6,0,805.6,760.5,787.1,878.1
0,0,428.2,0,0,1117.7,746.3,701,0,775.8,749.6,758,811.3
0,0,429.5,0,0,1083.9,536.3,678.4,0,829.6,650.4,716.5,750.4
0,0,834.9,0,0,1233.4,770.9,684.7,0,833.5,497.7,913.9,751.2
0,0,1077.6,0,0,890.8,1028.8,692.1,0,859.7,499.1,910.3,756.8
0,0,1295.1,0,0,820.8,1139.6,700,0,891.4,679.1,1043.1,791.4
0,0,1331.9,0,0,672.8,918.6,697.1,0,1316.9,721.7,1059.6,875.4
0,0,1496.7,0,0,804.7,1090.3,762.6,0,1408.8,711.4,1112.9,748.7
0,0,1561.7,0,0,861.9,1248.4,797.7,0,1737.9,701.8,1136.1,654.6
0,0,1558.6,0,0,818.2,1247,791.4,0,1748.1,680.7,1146.2,657
0,0,1579.2,0,0,830.1,1099,792.7,0,1761.6,671.9,1135.6,750.7
0,0,1428.2,0,0,583.9,872.5,797.6,0,1760.2,834.2,1014.8,693.4
0,0,1108,0,0,518,645.3,831.4,0,1717.6,760.6,827.4,590.6
0,0,897.3,0,0,470,665.6,840.6,0,1405.1,660.7,848.1,555.1
0,0,776.3,0,0,436.1,685.8,825,0,1183.6,610.3,965.3,541.2
0,0,692.4,0,0,544.3,671.5,766.3,0,1156.8,618.1,979.1,554.4
0,0,503.4,0,0,640.3,1121,844.7,0,1075,612.7,981.8,509.8
0,0,502,0,0,467.3,1153,826.8,0,1286.4,797.3,975.4,757.7
0,0,504.9,0,0,457.8,1133.9,833.3,0,1327.6,908.4,815.5,782.9
0,0,509.6,0,0,448.8,1131.4,838,0,1225.8,734.4,728.7,773.6
0,0,507.4,0,0,444.7,1025.8,835.3,0,983.6,761.7,705.8,658.2
0,0,507,0,0,384.4,983.9,827.7,0,829.4,713.6,656.4,666.9
0,0,520.9,0,0,372.5,915.6,762.5,0,723.7,730.2,669.7,687.7
0,0,519.9,0,0,835.2,832,748.3,0,750.9,705.4,670.5,675.2
0,0,510.4,0,0,1088.6,600.9,925.6,0,722.2,674.2,667.1,652.7
0,0,768.7,0,0,1244.8,507,947,0,743.7,803.3,665.2,636.4
0,0,798.6,0,0,1249.2,557,1114.7,0,740.7,677.2,688.1,948.8
0,0,800.1,0,0,1063.8,680.2,1139.2,0,752.3,758.8,889.7,1013.9
0,0,799.7,0,0,847.8,734.3,1125.9,0,1032.6,1178.3,882.4,922.6
0,0,760.1,0,0,1021,541.5,1126.4,0,1070.3,1163,878.1,922.5
0,0,887.5,0,0,997.8,724.5,1130.7,0,1273.3,1198.6,865.5,920.7
0,0,932.2,0,0,1111.1,772.1,1127.5,0,1196.2,1132.6,945.8,928.8
0,0,935.1,0,0,857.5,713.9,1014.7,0,1077.9,706.3,991.9,911.2
0,0,782.2,0,0,739.7,723.1,968.5,0,993.8,715.7,1193.9,966.4
0,0,670.5,0,0,705.9,722,904.9,0,860.6,625.8,1127.2,936
0,0,661.4,0,0,747,712.2,789,0,1131.5,715.9,1056.3,683
0,0,660.5,0,0,823.7,712.1,758.5,0,1281.3,832.2,1017.5,689.4
0,0,657.5,0,0,1005.5,844.6,770.7,0,1294.8,1034.5,954.1,800.6
0,0,482.9,0,0,1020.8,829.6,762.9,0,1420.9,791.5,906.8,603.3
0,0,457.4,0,0,867.7,801.9,754.7,0,1427.5,1127.3,839,611.7
0,0,419.1,0,0,601.3,780.3,716.9,0,1222.1,996.8,804.2,709.8
0,0,483.1,0,0,525.3,821.2,554.4,0,1015,1294.6,784.8,693.1
0,0,765.6,0,0,443.6,868.9,534,0,805.2,1155.2,913.6,631.9
0,0,955.5,0,0,385.7,855.4,576.4,0,663.9,1532.9,904.7,678.5
0,0,955.8,0,0,400.8,851.2,609.2,0,642.7,1168.6,890.3,731.3
0,0,954.9,0,0,669.9,709.5,607.8,0,531.6,1589.2,724.2,726.9
0,0,1284.7,0,0,909.7,993.8,604.9,0,461.3,1450.1,811.9,707.9
0,0,1376.9,0,0,1059.6,1140.7,597.2,0,454.8,1799.3,845.7,877.7
0,0,1395.3,0,0,1084.2,1029,592.6,0,662.6,1337.4,960.7,1022.8
0,0,1358.6,0,0,1071.1,921.6,545.1,0,720.2,1374.9,1068.8,1153
0,0,1256.3,0,0,843.6,904.4,513.9,0,751,850.9,1099,1214.9
0,0,1224.2,0,0,720.2,873.4,615.1,0,926.1,1084.6,1138.4,1354.9
0,0,1112.9,0,0,560.6,1143.7,852.1,0,1087,926.2,1115.5,1654.3
0,0,1007.5,0,0,417.7,1031,968.8,0,970.8,988.5,1100.4,1589.5
0,0,939.2,0,0,395.4,984.5,979.2,0,856.6,1036.1,1417,1482
0,0,928.9,0,0,462.6,875.5,984.7,0,1098.7,839.8,1493.6,1036.6
0,0,927.2,0,0,477.4,638.5,944.3,0,1043.6,1505.5,1341.9,975.7
0,0,809.2,0,0,650.4,621.4,1017.4,0,1017.8,1166.3,1103.8,811.2
0,0,972,0,0,1001,779.2,818.4,0,1090.7,1400.5,915.1,908.5
0,0,1028.2,0,0,837.5,852.5,771.2,0,1095.9,1331.9,724.4,1014.6
0,0,1022.6,0,0,777.9,1163,738.6,0,934.2,1305.5,648.2,983.6
0,0,1025.2,0,0,562.8,1160.5,756.2,0,868.8,1518.5,615.1,971
0,0,1030.4,0,0,466.9,1167.4,742.9,0,802.5,1214.2,601.4,967.8
0,0,978.2,0,0,408.5,1227.4,706.9,0,796.2,1379.4,565.6,972.4
0,0,864.8,0,0,501.2,1189.9,693,0,818.2,1315.2,630.9,957.1
0,0,826.2,0,0,773.7,1200.3,531.8,0,813.7,1029.4,627.5,954
0,0,812.8,0,0,1275,1254.4,495.9,0,782.2,1126,620.6,971.6
0,0,911.3,0,0,1291.3,887.5,463.2,0,787.4,842.3,687.7,985.2
0,0,1211.2,0,0,1272.6,773.8,485,0,974.4,1019.1,848.2,1034.7
0,0,1138.6,0,0,1266.1,736.8,488.7,0,985.1,1042.5,842,996.5
0,0,1125.9,0,0,1217.9,787.8,495.3,0,925.6,1101.6,991.9,938.6
0,0,1023.4,0,0,1183.1,823.5,499,0,635.1,1249,1042.5,1007.6
0,0,952.4,0,0,832.1,707.3,553.5,0,792.3,987.5,786.4,1023.8
0,0,935.6,0,0,695.7,724.1,576.3,0,850.4,1193.9,804,828.2
0,0,986.6,0,0,489,748.5,559.6,0,873.9,1009.3,1068.4,776.2
0,0,777.5,0,0,412.8,727.4,690.2,0,1040.2,1269.4,1060.3,580.9
0,0,1006.7,0,0,415.5,702.7,671.9,0,1158.1,1683.7,1069.2,497.8
0,0,1084.8,0,0,448.1,732.5,735.8,0,1193.6,1784,901.6,488.8
0,0,911.6,0,0,416,847.9,656.9,0,1090.3,1694.1,827.3,485
0,0,902.5,0,0,408.9,846.4,801.2,0,1063.2,1626.3,642.9,461.2
0,0,1020.6,0,0,486.2,979.1,780.3,0,895.9,1516.9,770.1,452.7
0,0,1136,0,0,488,1189,772.7,0,779,1104.4,925.6,451.2
0,0,1209.4,0,0,497.2,1439.9,724.8,0,746,1034.1,948.1,423.7
0,0,1148.5,0,0,495.1,1568.3,575.1,0,827.2,873.1,951.6,585.7
0,0,1141.5,0,0,491,1658.2,567.7,0,1006.2,638.8,937.6,892.2
0,0,1234.4,0,0,521.2,1752.1,695.7,0,1029.1,764.2,959.8,1111.1
0,0,1344.9,0,0,553.8,1506.9,641.8,0,1068.4,695.4,870.1,1247.8
0,0,1213.4,0,0,711,1316.7,651.4,0,781.3,638.2,850.5,1276.9
0,0,1388.4,0,0,743.8,1459.1,673.4,0,585.6,637.3,883.2,880.1
0,0,1510.7,0,0,731.7,1533.2,701.3,0,647.6,637.9,859.9,569.1
0,0,1225.4,0,0,774.8,1355.6,690.9,0,553.7,593.2,837.5,655.1
0,0,1060.4,0,0,791.8,1320.3,693.1,0,586.3,488.9,812.9,694.1
0,0,923.9,0,0,775.4,948.7,697.7,0,670.2,432,903.5,687.7
0,0,745,0,0,911.3,873.7,576.1,0,583.3,384.3,904.5,689
0,0,579.4,0,0,826.9,812.1,521.2,0,727.6,382.1,1349.1,681.8
0,0,594.3,0,0,819.1,735.5,528.1,0,1028.2,494.1,1349.7,675.2
0,0,586.3,0,0,993.9,722.1,713,0,1138.1,495.2,1362.6,880.5
0,0,522,0,0,1044.1,733.9,715.8,0,1078.3,743.4,1316.4,883.2
0,0,532.3,0,0,1001.8,737.2,739.5,0,1076.7,796.2,1207,816
0,0,697,0,0,929.3,819.8,720.4,0,1182.9,795.2,880.3,764.9
0,0,592.4,0,0,1009.3,913.7,779.6,0,813.1,822.1,807,761.9
0,0,608.3,0,0,999.6,813.5,806.3,0,935.8,820.5,739.1,745.4
0,0,584.8,0,0,1193.9,851.3,739.4,0,850.7,808.4,711.4,741.8
0,0,579.3,0,0,783.4,1088.4,648.4,0,828.9,818.7,627.7,772.6
0,0,599,0,0,726.7,1143.2,644,0,718.7,811.7,669.4,704.6
0,0,516.5,0,0,1024.5,1063,645.3,0,587.1,601.4,630.9,550.8
0,0,490.8,0,0,1091.2,1068.6,572.7,0,532.8,542.9,633.4,555.3
0,0,498.4,0,0,1129.1,1045.9,564.7,0,521.9,769.7,678.6,517.2
0,0,488.4,0,0,1132.6,1050.3,730.7,0,602.6,843.1,653.8,490.1
0,0,608.1,0,0,1043.1,1212.2,791.5,0,704.9,877.9,621.6,462.4
0,0,915.8,0,0,878.7,1293,777.5,0,731.4,1099.5,637.4,399.6
0,0,923.9,0,0,846.8,1140.2,772.9,0,689.6,1107.8,620.4,382.7
0,0,936.3,0,0,807.3,1291.8,663.9,0,696.1,1098.8,639.4,598.7
0,0,829.9,0,0,796.1,1111.7,601.1,0,699.9,1098.7,610.2,621.2
0,0,729.6,0,0,872.3,977.2,568.4,0,724.5,1101.6,652.3,930.8
0,0,722.3,0,0,730,763.5,550.7,0,1172.4,1072.1,990.3,951.4
0,0,845.2,0,0,1047.4,762.4,527.2,0,1555.1,1006.1,987,1218.8
0,0,913.5,0,0,1042.1,910.3,529.2,0,1375.7,955.4,996.2,1052.8
0,0,832.4,0,0,1056.9,1094.6,560.1,0,1331.3,1083.2,1022.3,976
0,0,886.8,0,0,1060,1094.2,529.5,0,1180.8,1148.6,1007.5,958.4
0,0,777.2,0,0,643,1127,507,0,876.3,1146,1096.2,660.7
0,0,947,0,0,631.6,1412.5,499.9,0,773.2,1137.1,984.9,614.1
0,0,922.9,0,0,619,1385.9,692.9,0,746,1128.7,995.2,499.1
0,0,944.6,0,0,602.6,1329.6,831.3,0,877.4,1088.7,842.2,445.5
0,0,1032.7,0,0,594,1194.5,845.1,0,846.1,1177.9,846.5,427.5
0,0,1007,0,0,572.6,1408.7,1044.2,0,795.3,1293.8,885.6,474.5
0,0,1049.9,0,0,620.4,1212.7,1183.5,0,756.6,1225.9,874.3,499.5
0,0,1025.3,0,0,634.1,1430.4,1408.7,0,765,1261.6,867.6,500.9
0,0,1017.6,0,0,603.2,1169.7,1461.4,0,863.9,1195.7,862.1,509.5
0,0,975.2,0,0,886.7,1492.8,1490.7,0,747,1278.8,841.5,549.8
0,0,844.4,0,0,1009,1110.6,1477.6,0,629.3,1236.5,871.1,748.7
0,0,663.9,0,0,1053.5,1229.1,1485,0,696.7,1356.3,765,667.6
0,0,812.7,0,0,985.5,1164.1,1484.5,0,596.7,1141.5,726.5,640.3
0,0,781.6,0,0,1035.9,1026.9,1468.5,0,778.1,863,709.1,844.1
0,0,798.8,0,0,1043.9,1314.4,1418.2,0,867.4,875.9,680.2,871.8
0,0,740,0,0,957.1,929.7,1363.2,0,1072,750,857.2,867.4
0,0,594.7,0,0,745,802.2,1461.2,0,1136.6,756.1,816,700.5
0,0,587.6,0,0,672.1,766.5,1420.2,0,1014.8,782.8,805.7,676.1
0,0,546.5,0,0,915.3,721.4,1416.3,0,952.5,814.5,827.6,629.8
0,0,649.9,0,0,1153.5,713.8,1438.7,0,963.8,1120.7,837.4,489.5
0,0,871,0,0,1204,729.4,1573.6,0,768.7,1111.1,930.7,474.5
0,0,847.1,0,0,1037.5,727.5,1601.8,0,734.7,1143.4,835.1,448.8
0,0,1009.7,0,0,968.4,814,1580.9,0,721.6,1395,680.2,434.8
0,0,951.2,0,0,1293.5,811.3,1477.2,0,746,1345.3,638.9,431.2
0,0,834.8,0,0,1226.7,809,1406.3,0,699.7,1206.2,632.2,442.5
0,0,784.2,0,0,1214.8,833.7,1401,0,624.9,1282.9,672,650.1
0,0,785.7,0,0,1153,1009,1442.8,0,942.5,1090,715.7,941.1
0,0,777.5,0,0,1090.4,994.9,1284.3,0,944.6,1081.9,577.9,929.2
0,0,814.8,0,0,1061.2,1236.1,1263.9,0,967.3,1072,576.4,936.8
0,0,873.1,0,0,934.8,1301.5,1229.3,0,936.5,1068.2,586,923
0,0,842.2,0,0,1061.4,1301.8,1228.1,0,983.4,899.9,593.9,920.4
0,0,931.3,0,0,1064.8,1154,1228.9,0,1149.9,898,609.5,919.6
0,0,883.2,0,0,1062.9,987.7,1227.9,0,1128.4,789.4,611.4,826.1
0,0,913.4,0,0,975.9,818,1233.7,0,1027.2,771.4,610.5,717.6
0,0,1118.5,0,0,913.3,939.7,1259,0,966.4,743.2,588.6,843.4
0,0,1052.9,0,0,883.7,915.5,1272.8,0,1095.3,728.2,674.8,838.9
0,0,992.2,0,0,871,923.8,1285.2,0,1210.3,690.1,899.5,716.8
0,0,1131.9,0,0,848.5,947.8,1283.9,0,1213.8,703.5,1020.6,661.8
0,0,1220.1,0,0,869.2,843.3,1292.6,0,1309.9,711,1104.2,718
0,0,1193.8,0,0,876.5,760.5,1398.3,0,1219.5,1003.8,1117.7,848.5
0,0,1316.2,0,0,804.3,764.2,1407,0,950.1,1087,979.1,833.6
0,0,1114.4,0,0,790.5,716.6,1417.9,0,763.9,1145.5,828.4,673
0,0,1122.4,0,0,1129.1,678,1675.1,0,636.7,1072.6,850.2,718.3
0,0,1151.5,0,0,1080.8,633.6,1617.3,0,617.8,1289.9,1329.1,738.7
0,0,1140.3,0,0,1006.9,580.5,1524.7,0,888.9,1090.2,1321.1,738.9
0,0,1129,0,0,791.5,569.5,1432.9,0,915.2,1005.8,1100.9,578.4
0,0,969.7,0,0,721.8,599.5,1276.1,0,867.5,1066.8,905.7,549
0,0,938.7,0,0,673.8,827,1257.7,0,795.7,986.7,828.3,812.9
0,0,551.8,0,0,737,858.1,1087.7,0,624.4,1047.8,942.2,738.4
0,0,516.4,0,0,643.9,900.2,930.9,0,573.6,1024.7,747.1,789.3
0,0,456,0,0,629.6,906.1,812.9,0,555.4,822.5,924.3,883.9
0,0,454.1,0,0,627.8,669.4,789.2,0,631.4,773.1,681.2,696.3
0,0,514.9,0,0,943.4,643.7,786,0,521.4,979.3,873.1,649.9
0,0,453.6,0,0,1403,622,783.1,0,703,1041,678.6,633.9
0,0,430.4,0,0,1548.3,862,778.8,0,639.7,1292.9,897.4,671.1
0,0,415.6,0,0,1358.8,922,793.8,0,776.4,1341.5,833,861.5
0,0,757.8,0,0,1253.3,1036.3,862.4,0,935.1,1557.2,1217.7,857.4
0,0,869.9,0,0,1010.6,1034.8,844.3,0,918.7,1492.2,1020.8,826.6
0,0,857.2,0,0,1276.9,884.1,848.8,0,919.3,1259.3,1305.5,821
0,0,863.5,0,0,1298.8,1006.6,858.6,0,955.5,1525.2,1092.5,844.3
0,0,960.1,0,0,1399.8,1019,899.1,0,1500.3,1537.7,1163.7,1091.5
0,0,964.1,0,0,1525.5,861.3,944.8,0,1417.4,1549.7,845.8,943.9
0,0,1055.5,0,0,1637.9,656.6,1096.5,0,1299.9,1526.5,1018.4,1110.5
0,0,1048,0,0,1747.6,653,1095.5,0,1235.8,1358,773.4,953.7
0,0,1007.5,0,0,1447.1,631.4,1106.7,0,1256.5,1297.3,969.3,931.6
0,0,1018.2,0,0,1128.7,654.2,1106.2,0,1271.1,1299.3,646.2,872.3
0,0,995,0,0,917.6,658.2,904.6,0,1089.3,1254.4,872.6,636.1
0,0,981.7,0,0,1114.2,733.5,878.9,0,1188.7,958.2,629.5,602.2
0,0,986.2,0,0,1002.7,933.1,812,0,1052.3,837.4,836.5,548.9
0,0,1076.9,0,0,976.6,945.1,796.7,0,1234.3,771.1,611.3,419.4
0,0,957,0,0,925.7,927.3,957.3,0,1212,780.5,822.3,434
0,0,727.8,0,0,925,838.5,1009.9,0,1207.7,903.2,602.2,416.1
0,0,602.3,0,0,966.5,617.4,1051.3,0,1172.9,1321.8,851.1,541.6
0,0,552.6,0,0,988.4,568.7,1347.1,0,1179.7,1331.4,614,805.1
0,0,542.4,0,0,1048.5,568.1,1388.4,0,1169,1336.9,1025.3,944.6
0,0,531.8,0,0,853,548.2,1349.2,0,1090.9,1339.8,954.3,949.4
0,0,556.6,0,0,1423.8,687.5,1333.1,0,1268.6,1312.5,1430.5,853.2
0,0,660.8,0,0,1461.5,822.6,1279.9,0,1141.4,1286.5,1121.3,857.3
0,0,832.6,0,0,1485.6,779.1,1207.1,0,1120.4,1267,1413.7,804.8
0,0,868.2,0,0,1474.1,937.3,1091.3,0,1131.4,1506.9,1144.2,788.9
0,0,863.3,0,0,1295.8,1101.1,1015.1,0,1112.5,1711.2,1443.1,778.4
0,0,801.6,0,0,1616.1,901.9,933.8,0,876.2,1802.4,975.1,778.2
0,0,872.8,0,0,1931.7,895.9,914.1,0,847.6,1900.2,783.1,783.2
0,0,841.2,0,0,1792.3,716.2,893.3,0,815.2,1794.7,743.1,732.5
0,0,835.5,0,0,1675.2,531.9,902.1,0,705.1,1714.7,1259.5,631.7
0,0,834.1,0,0,1591.9,494.1,1124.5,0,621.3,1647.5,961.6,500.8
0,0,897.2,0,0,1714.1,485.5,1125.7,0,602.7,1656.7,687,415.5
0,0,1063,0,0,1511.3,460.2,1111.2,0,523.3,1480.7,551.7,575
0,0,1158.1,0,0,1214.8,618.9,1188.9,0,500.7,1378.9,481.8,628
0,0,1167.2,0,0,1063.7,1121.3,993.4,0,537.5,1203.6,771.5,599.2
0,0,1010.1,0,0,981.5,1159.6,982.9,0,624.8,1005.4,876,693.4
0,0,994.8,0,0,972.1,1175.1,926.4,0,870.9,903.4,573.7,922
0,0,1051.8,0,0,1065,999.4,908,0,1274.7,825.8,631.1,1013.5
0,0,1051.5,0,0,869.6,934,899.1,0,1279.9,826.9,683.6,953.2
0,0,1047.5,0,0,820.6,882.7,815.1,0,1172.4,911.1,682.8,708.7
0,0,881.5,0,0,792.8,899.2,948.6,0,1214,1018.9,1059.3,839.4
0,0,1012.7,0,0,818.1,1078.7,1062.8,0,1465.9,1069.4,655.7,961.7
0,0,868.7,0,0,1033.6,867.4,1072.3,0,1450.7,1252.6,919.6,1013.3
0,0,689.5,0,0,1063.9,839.6,1058.1,0,1473.3,1271,1122.2,972.7
0,0,642.8,0,0,1188.7,844.5,1080.1,0,1492.2,1520,1130.9,937.6
0,0,627.4,0,0,1169.8,851.2,1136.2,0,1400.6,1704.7,1474.4,879.3
0,0,640.6,0,0,1388.8,1034.9,1209.2,0,1265.4,1888.3,1329.7,864.9
0,0,472.8,0,0,1511.2,1013.3,1197.2,0,1152.1,1956.2,965.3,844.1
0,0,465.9,0,0,1448.2,956.8,1196.6,0,1075.9,1729.2,1026.9,833.6
0,0,427.4,0,0,1451.8,964.9,1120,0,852,1644.4,944.5,830.2
0,0,426.4,0,0,1336.7,782.8,1046.1,0,928,1317.2,1148,737.5
0,0,415.8,0,0,1185.6,692.3,1357.8,0,1085.5,1187.1,1219.4,670.6
0,0,411.3,0,0,955.8,684.6,1533.1,0,1038.8,793.2,650.7,581.5
0,0,670.5,0,0,1136.6,727.7,1479.2,0,993.1,618,589.6,626.1
0,0,915.6,0,0,1129.2,718.3,1467.6,0,1056,636.5,579,663.1
0,0,924.7,0,0,952.9,785.6,1470.2,0,999.6,639.7,575.1,617.7
0,0,1162.2,0,0,815.5,924.7,1336.5,0,951.7,674,582.4,616.4
0,0,1179.5,0,0,739.3,835.5,1274.3,0,910.2,675.3,622.5,638.7
0,0,1408.2,0,0,739.3,919.2,1323.9,0,726.4,701.8,848.5,637.9
0,0,1484.9,0,0,722.4,1032.8,1327.9,0,665.7,734.3,850.7,629.6
0,0,1688.9,0,0,888.7,1274.9,1331.7,0,890.2,689.9,849.8,602.1
0,0,1583.9,0,0,965.9,1264.2,1483.2,0,1133.4,667.9,852.3,551.4
0,0,1347.8,0,0,1195.4,1173.4,1512,0,1213,527.5,832.6,505.3
0,0,1253.1,0,0,1162.1,1169.5,1489,0,1208.1,503,945.1,490.3
0,0,1242.4,0,0,1187.4,1108.3,1437.7,0,1282.1,753.9,1230.6,627.7
0,0,1339.3,0,0,1349.2,1225.4,1455,0,1466.7,908.2,1363.3,713.6
0,0,1260.5,0,0,1593.9,1175.2,1455.3,0,1649.5,1014.1,1332.1,1125.6
0,0,1040.6,0,0,1853,971.6,1275.1,0,1709.1,1017.3,1178.2,1161.6
0,0,876.3,0,0,1812.6,633.2,1251.4,0,1779.1,1225.4,1142.1,1158.9
0,0,766.4,0,0,1627.2,597,1353.3,0,1684.3,1245.6,1196.5,1168.5
0,0,806.5,0,0,1532.4,547.5,1301.4,0,1200.9,1237.3,1430.1,928.4
0,0,663.9,0,0,1478.2,534.8,1259.9,0,929,1241.7,1413.4,886
0,0,591.4,0,0,1181.7,606,1298.1,0,871.3,1241,919.2,880.5
0,0,520.7,0,0,949.6,546.5,1495.9,0,857.8,1255.6,1034,910.5
0,0,534.2,0,0,825.5,544.1,1566.8,0,854,1040,697,884.6
0,0,587.6,0,0,1004.7,581.7,1489,0,706.9,827.2,1026.4,899.9
0,0,851.2,0,0,1043.5,812.8,1352.5,0,718.6,768.1,669.3,909.7
0,0,1549.4,0,0,947.5,918.3,1225.2,0,853.7,853.3,1118.6,838.3
0,0,1321.1,0,0,844.3,933.8,1195.9,0,852.4,990.7,797.4,701.1
0,0,1353.4,0,0,710.2,856.1,1183.5,0,1000.9,1096.8,1120.7,657.1
0,0,1226.3,0,0,667.2,931.5,1198.2,0,1117.7,1080.5,739.8,573.9
0,0,1462.8,0,0,938.3,1105.7,1117.2,0,1111.1,1078.2,986.7,541.2
0,0,1592,0,0,968.2,1098.8,910.4,0,1096.3,1169.2,708.7,487.3
0,0,1663.5,0,0,977.1,1100.1,889.2,0,1089.1,1372,960.1,489.3
0,0,1688.8,0,0,1197.8,1110,865,0,1386.8,1323,925.4,501.8
0,0,1683.6,0,0,1147.5,918.4,1006.6,0,1415,1158.8,1420.3,651
0,0,1575,0,0,1504.5,877.8,1117.4,0,1424.2,1241.8,1287,670.6
0,0,1210.1,0,0,1841.3,924.9,1499.1,0,1248.4,1393.5,1496.9,641.7
0,0,1091.4,0,0,2013.8,1077.5,1469.8,0,1308.2,1428.9,1359.2,629.4
0,0,1077.3,0,0,2071.1,1075.9,1443.6,0,1578.9,1535.3,1601.7,626.8
0,0,1211.1,0,0,2012.2,1019.2,1603.8,0,1767.3,1451.9,1861.5,792.4
0,0,1054.5,0,0,1892.4,844.9,1282.8,0,1928.1,1375.9,1773.4,838.6
0,0,1039.3,0,0,1589.7,710.3,1636.4,0,2182.7,1158.6,1540.4,1128.6
0,0,1008.5,0,0,1494.5,607,1670.7,0,2087.7,1119.5,1471.8,1182.1
0,0,1024.9,0,0,1327.1,589,1252.4,0,1698.7,1184.8,1377.4,1174.2
0,0,991.7,0,0,900.4,818.9,1550.6,0,1227.2,1295.6,1269.5,951.1
0,0,835.3,0,0,827.5,803.1,1416,0,1131.9,1285.4,1261,903.8
0,0,811.5,0,0,776.2,1136.4,1518.5,0,1055.6,1232.4,1192,864.6
0,0,1072.6,0,0,871.4,1147.8,1757.5,0,1074.9,939.6,1190,866.1
0,0,1080.1,0,0,792.3,941.9,1344.3,0,875.1,904.6,925.5,855.6
0,0,1130.8,0,0,787.2,889.7,1554.4,0,839.7,888.3,997.9,862.8
0,0,1104.8,0,0,688,870.8,1503,0,627.7,877.6,788.4,712.4
0,0,1117.6,0,0,697.4,885.7,1011.6,0,654.9,873.3,984.1,654
0,0,1114.1,0,0,725,957.6,1300.3,0,639,885,804.9,622.4
0,0,1356.8,0,0,1034,1147.8,847,0,632.8,895.3,1167.8,546.6
0,0,1358.3,0,0,1085.7,1064.3,1044.4,0,775.5,903.7,1319.1,571.1
0,0,1425.8,0,0,1125.1,1009.9,920.4,0,826.9,1013.1,1563.6,642
0,0,1471.9,0,0,1234.1,842.7,627.3,0,1256.4,983.4,1318.3,616.6
0,0,1368.3,0,0,1488.7,1006.3,791.8,0,1520.1,1228.2,1904.7,669.3
0,0,1194.4,0,0,2042.2,1093,736,0,1511.7,887.3,1531.3,711
0,0,1149.4,0,0,2096.1,1201.1,744.8,0,1702.5,1035.3,1759.8,698
0,0,1141.7,0,0,2034.5,1176.8,848.8,0,1682,996.2,1182.2,592
0,0,1111.5,0,0,1918.7,1101.5,1185.1,0,1669.6,1018.6,1555.5,567.1
0,0,1143.1,0,0,1618.7,1062.2,1333.1,0,1707.4,1009.9,1046.5,723.7
0,0,1145.9,0,0,1551.4,1025.5,1273.2,0,1872.5,1027.4,1342.2,760.4
0,0,1096.2,0,0,1537.5,1029.8,1152.8,0,1970.4,1066.5,743.9,934.4
0,0,1092,0,0,1560.3,1028.7,1141.7,0,1891,1078.9,1164.7,949.5
0,0,1087,0,0,1577.5,898.2,1129.4,0,1772.2,1248.5,691.1,946.8
0,0,954.9,0,0,1789.6,786.8,1077,0,1439.4,1301,1115.6,823.8
0,0,1089.9,0,0,1809.7,982.6,1121,0,1172.4,1302.7,886.4,685.2
0,0,1195.6,0,0,1803.3,952.6,1264.3,0,1085.2,1129.9,936.8,630.8
0,0,1542.3,0,0,1726.4,1189.2,1305.4,0,1088.9,1068.6,951,622.7
0,0,1421.6,0,0,1438.8,1312.1,1090.2,0,1102,983.1,966.9,625.5
0,0,1414.2,0,0,1507.2,1317.4,1010.8,0,1114,985.6,964.6,611.7
0,0,1524,0,0,1442,1369.7,952.3,0,1155.4,983.3,1367.9,658.8
0,0,1303,0,0,1486.7,1010.2,955.8,0,983.8,976.9,1520,710.1
0,0,1291.3,0,0,1495.5,961.1,997.7,0,1009.8,1043.9,1382.6,875.6
0,0,1200.7,0,0,1956.8,959.5,1075.2,0,1016.8,1313.8,1292.6,883.1
0,0,1140.8,0,0,1688.1,1105.1,1095.2,0,958.6,1324.4,1187.2,887.8
0,0,1352.3,0,0,1520.3,1196.8,1097.3,0,880.8,1527.8,1151.3,885.6
0,0,1313.1,0,0,1455.4,1066.7,971.1,0,984,1252.6,996.9,908.8
0,0,1263.6,0,0,1366.4,1084.2,919.9,0,954.1,888.1,632.4,894.7
0,0,1264.6,0,0,1280.5,1011.2,764.8,0,935.8,879.5,553.1,1045.9
0,0,1111.2,0,0,1386.9,1008.4,705.4,0,1047,1357.7,519.8,1011.8
0,0,1095.7,0,0,1155.5,983.2,868,0,1359.7,1580.6,748.3,1233.5
0,0,1021.4,0,0,1110.3,914.2,977.1,0,1463.2,1605.6,1209.6,1073.3
0,0,1005.5,0,0,1112.1,927.2,1022.7,0,1847.1,1717.4,1112,1269.1
0,0,1025.2,0,0,1100.3,928.7,1023.1,0,1859,1968.8,985.6,1249.8
0,0,1025.6,0,0,1135.6,951.4,1025.2,0,1949,2049,871.4,1250.7
0,0,1130.6,0,0,1230.3,1318.8,1026.7,0,1910.1,2041.1,1046.4,1236
0,0,1133.1,0,0,1297.3,1334.2,1114.1,0,2200.5,2067.7,989,1231
0,0,1275.2,0,0,1544.4,1311,1170,0,2249.1,2059.2,903.9,1249
0,0,1343.9,0,0,1573.2,1876,1231.8,0,2054.5,1905.3,1114.1,1295.8
0,0,1707,0,0,1785.3,1921.9,1272.3,0,1893,2058.9,1099.7,1221.5
0,0,1709.1,0,0,2068,1818.5,1361.4,0,1632.8,2029.8,1344.6,983.6
0,0,1544.7,0,0,2058.5,1759,1383.5,0,1462.2,1565.2,1632.3,996.3
0,0,1486.3,0,0,1989.4,1797.7,1383,0,1390.6,1939.4,1382.1,1082.5
0,0,1566.3,0,0,1763.4,1746.3,1382.8,0,1409.6,2080.5,2177.9,995.1
0,0,1614.5,0,0,2016.4,1761.5,1586.3,0,1471.3,2044.1,2170.2,919.4
0,0,1580.7,0,0,1822.1,1728.4,1569.3,0,1476,2190.2,2046.2,874.8
0,0,1525,0,0,1849.4,1699.6,1546.1,0,1477.2,2556.3,2007.8,899.3
0,0,1458.4,0,0,1757.2,1433.6,1582,0,1373.9,2728,1637.6,856.2
0,0,1237.7,0,0,1583.4,1359.8,1675.7,0,1436.8,2291.2,1516.5,717.7
0,0,1299.3,0,0,1363.7,1324.6,1793.9,0,1628.1,2279.2,1551.1,813.5
0,0,1196.6,0,0,1214,1357.7,1740,0,1602.9,2292.6,1314.6,918.3
0,0,1355.4,0,0,1151.6,1387.5,1823.2,0,1633.4,1953.5,1301.1,1203
0,0,1208.2,0,0,1411.9,1368.2,1729,0,1665.1,1838.8,1154.8,1227
0,0,949.4,0,0,1480.1,1289,1829.5,0,1662.3,2021.2,983,1217.7
0,0,1029.5,0,0,1716.6,1307.8,1655,0,1670.7,1445.8,827.8,1194.9
0,0,1100.2,0,0,1742,1283.4,1423.8,0,2044.8,1460.6,1028.1,1246.4
0,0,1177.8,0,0,1992.4,1531.2,1396.8,0,2404.2,1899.5,1199,1229.9
0,0,1111.5,0,0,2002.1,1859.2,1397.6,0,2270.1,1525.7,935.1,1212.2
0,0,1301.3,0,0,2020.9,2060.2,1394.7,0,2157.7,1975.3,1172.5,1210.6
0,0,1305.4,0,0,2112,2021,1196.5,0,2114.5,1961.3,1233.7,1196.4
0,0,1308.8,0,0,2278.9,2026.3,1071.6,0,2030.9,1734.6,1628.2,1016.3
0,0,1426.2,0,0,2368.4,2002.6,965.6,0,1864.1,1804.3,1927.8,984.7
0,0,1681.4,0,0,2224.5,1821.4,966.1,0,1835.3,1649.8,1953.9,1119.6
0,0,1676.6,0,0,2160.6,1847.5,826.7,0,1581.8,1265.2,1959.7,1060.1
0,0,1738.6,0,0,2390.8,2238.9,982.2,0,1303.5,1311,1763.5,927.8
0,0,1991,0,0,2401.9,2301.2,972.2,0,1210.3,1548.8,2041.5,858.9
0,0,1882.4,0,0,2200.1,2251.2,983.1,0,1218.3,1437.7,1731,861.9
0,0,1796.8,0,0,2096.8,2077.2,1014.4,0,1369.1,1867.1,1610,933
0,0,1743.5,0,0,1360.4,1913.4,1021.3,0,1480.5,1922.3,1199,998.5
0,0,1904.9,0,0,1319.5,1868.3,1383.8,0,1423.2,1650.2,1453.6,907.5
0,0,1840.8,0,0,1370.5,1551.7,1699.4,0,1583.5,1849.6,1288.9,796.6
0,0,1962.7,0,0,1268.1,1426.5,1852.6,0,1812.5,2131.9,1731.2,897.5
0,0,1781.2,0,0,1263.7,1418.8,1958.1,0,1854.8,1919.3,1365.3,1038.1
0,0,1702.3,0,0,1229.3,1381.9,1999.2,0,1956.3,2084.7,1550.2,1256.2
0,0,1550.1,0,0,1233.2,1329.1,1995.9,0,1960.1,2046.6,1280.7,1315.6
0,0,1152.9,0,0,1229.4,1152.8,1902.6,0,1958.9,1704.7,1474.6,1300.5
0,0,1066,0,0,1428.5,1163.4,1807.7,0,1983.3,1738.7,1108.6,1296.1
0,0,969.4,0,0,1835.2,1358.6,1771.2,0,2129.6,1470,1356.8,1397.2
0,0,963.9,0,0,1848.6,1366.7,1747.6,0,2375.2,1355.7,1094.7,1418.3
0,0,837.9,0,0,2104,1410.2,1755.3,0,2115.2,1293.6,1357.5,1366.9
0,0,1050.5,0,0,2520.1,1415.3,1822.9,0,1905.7,1142.7,1201.3,1331
0,0,1215,0,0,2548.7,1456.9,1756.5,0,1952.1,1134.4,1476.3,1304.6
0,0,1295.6,0,0,2535.2,1262,1479.9,0,1950.3,1260.5,1625.8,1311
0,0,1207.7,0,0,2460.8,1260.9,1312.7,0,1783.9,1341.7,1577.3,1302.4
0,0,1083.1,0,0,2445.7,1454.9,1528.4,0,2087.6,1277.6,1905,1228.2
0,0,1027.8,0,0,2492,1819.1,1525.9,0,1884,1194.8,1885.3,1081.7
0,0,1354.2,0,0,2451.9,1832.3,1527.7,0,1816.3,1104.9,1915.7,1133.1
0,0,1354.3,0,0,2255,1844.1,1546.5,0,1569,1129.9,2066.8,1137.2
0,0,1503.6,0,0,2058.9,1843.1,1601.5,0,1607.7,1257,1775.6,941.5
0,0,1606.8,0,0,1746.1,1828.7,1649.1,0,1457.8,1553.5,1538.5,749
0,0,1625.2,0,0,1653.4,1662.2,1834.9,0,1449.1,1585.2,1514.4,694.5
0,0,1613.3,0,0,1665.8,1516.8,2045.6,0,1522.9,1838.2,1488.4,554.5
0,0,1620.6,0,0,1528.9,1270.5,2021.4,0,1681.9,2069.7,1418.5,672.2
0,0,1625.5,0,0,1331.7,1658.1,2216.2,0,1887.9,2014.8,1398,753.5
0,0,1646.4,0,0,968.3,1697.2,2078.2,0,1825,1988.8,1244.6,1102.7
0,0,1970.7,0,0,852.3,1546.8,1834.8,0,1793.9,1842.9,1292,1540.9
0,0,2039.5,0,0,828.8,1667.4,1874.1,0,2092,1653.8,1385.9,1668
0,0,2042.2,0,0,812.9,1692.4,1945.5,0,1958.9,1819.9,1407.3,1746.3
0,0,2069.1,0,0,980.7,1740.1,1792.1,0,2183.9,1943.8,1250.7,1974.7
0,0,1939.6,0,0,1014.2,1897.5,1647.6,0,2151.1,1944.9,1100.3,1663.3
0,0,1698.6,0,0,1299,1950.8,1833.1,0,1968.5,1950.5,1079.8,1796.8
0,0,1618.5,0,0,1910.6,1970.6,1730.8,0,1941.3,1943.6,1053.6,1898.3
0,0,1600.6,0,0,2254.7,1612,1535.7,0,1960.9,1857.7,1064.3,1954.1
0,0,1642.3,0,0,2345,1416.5,1492.9,0,1936.8,1909.3,1051.1,1951.8
0,0,1829.6,0,0,2512.9,1738.1,1556.2,0,1899.4,1972,1134.5,1883.3
0,0,1570.5,0,0,2611.8,1950.7,1755.6,0,1707.2,1933.1,1626.3,1882.5
0,0,1419.5,0,0,2688.4,1876.7,1531.3,0,1374.9,1904.5,1564.1,1630.2
0,0,1325.3,0,0,2563.7,1816.8,1449.5,0,1287,1905.4,1624.7,1614.1
0,0,1424.9,0,0,2434.3,1808.2,1427,0,1251.9,2129,1598.6,1581.4
0,0,1671.8,0,0,2311.7,1779.9,1427.2,0,1256.8,2273,1733.3,1580.9
0,0,1618.4,0,0,2166.4,1586.1,1347.6,0,1510.6,2231.9,1993.3,1576.1
0,0,1678.7,0,0,1918.7,1171.5,1366.6,0,1763.1,2227.8,2061.7,1734.8
0,0,1676.8,0,0,1787,1039.9,1331.1,0,1764.6,2229.7,1915.7,1666.7
0,0,1674.3,0,0,1531.7,1032.8,1364.2,0,1807,2235.6,1896.5,1668.6
0,0,1675.1,0,0,1651.8,1011.7,1569.4,0,1921.5,2263,1981.2,1641.3
0,0,1780.4,0,0,1695.9,1110.7,1677.4,0,1884.7,2033.5,1859.1,1927.8
0,0,1750.5,0,0,1792.3,1282.7,1752.6,0,1827.4,1731,1787.8,2065.5
0,0,1724.7,0,0,1186.6,1291.5,1872,0,1797.1,1459.8,1751.6,2751.2
0,0,1784.4,0,0,971.5,1266,2034.9,0,1875.4,1152.8,1723.4,2878.5
0,0,1799.3,0,0,943.9,1383,2059,0,2127.5,1630.3,1721,3082.7
0,0,2017.9,0,0,1173.5,1502.6,1701.6,0,2220.6,1650.7,1826.4,3056.2
0,0,2037,0,0,915.4,1485.9,2145.9,0,2148.1,1469.9,1779.5,2931.8
0,0,2062.9,0,0,795.2,1426.4,2293.3,0,2534.2,1209.9,1755.9,2906.9
0,0,2054.2,0,0,730.1,1686.9,2195.8,0,2533.1,1210.2,1739.1,2968.3
0,0,1939.1,0,0,1186.8,2025.2,2215.1,0,2338.7,1405.7,1741.1,2609.2
0,0,1779.7,0,0,1363.8,2239,1991.3,0,2019.2,1656.9,1749.7,2489.6
0,0,1928.1,0,0,1674.4,2231.1,1871.7,0,1923.1,1971.6,2035.1,2591.2
0,0,1782.9,0,0,1800.6,2260.2,1799.9,0,1687.1,2025.6,1965.3,2494.6
0,0,1648.8,0,0,2371.4,2247.3,1824.2,0,1415.9,2145,1730.3,2508.2
0,0,1555.4,0,0,2452.5,2251.1,1937.5,0,1338.1,2372.5,1437.6,2531.2
0,0,1387.3,0,0,2408.4,2241.8,1917,0,1318.7,2363.6,1160.7,2540.4
0,0,1363.9,0,0,2307.5,2142,1928.2,0,1322.1,2252.3,1162.6,2411.4
0,0,1326.8,0,0,2552,1664.8,1999.9,0,1310.2,2177.7,1177.6,2339.4
0,0,1388.7,0,0,2546,1847.9,2154.9,0,1294.4,2117.1,1257.2,2563
0,0,1589.8,0,0,2405.4,1661.1,2167,0,1296.8,2145.3,1403.4,2835.8
0,0,1616.8,0,0,2327.4,1638.7,2313.5,0,1326.4,2139.3,1257.1,2862.3
0,0,1756.3,0,0,2330.2,1726.7,2274,0,1424.8,2122.7,1253,2982
0,0,1760.7,0,0,2625.9,1728.2,2199.6,0,1738.1,1829.2,1212.9,2893.1
0,0,2108,0,0,2371.1,1719.7,2173.3,0,1916.6,1788.3,1212.9,2915
0,0,2000.9,0,0,2254,1713.8,2019.2,0,2434.9,1652.7,1380.6,3193.1
0,0,1896.8,0,0,2227.6,1722.5,2015.9,0,2389.7,1569.3,1248.6,2932.3
0,0,1841,0,0,2201.3,1729.2,2191.6,0,2220,1457.7,1170,2921.9
0,0,1756,0,0,2083.5,1734.3,2395.2,0,2157.7,1564.1,1152.7,2805.9
0,0,1753.5,0,0,1912.2,1746.5,2641.9,0,2166.6,1534.8,1099.6,3007
0,0,1746,0,0,1923.8,2005.2,2448.2,0,2184.6,1532,1120,2903.1
0,0,1747.8,0,0,2108.4,2619.7,2537.5,0,2183.1,1534.7,1573.9,2824.9
0,0,1968.2,0,0,2140.6,2962.4,2516.6,0,2177,1443,2009.7,2780.2
0,0,1979.5,0,0,2311.6,2897.5,2447.5,0,2167.1,1215.8,2060.8,2764.9
0,0,2021.1,0,0,2326.1,2778.2,2071.2,0,2141.9,1186,2041.7,2728.5
0,0,2191.9,0,0,2347.9,2743,1912.5,0,2241.2,1365.2,2028.4,2487.7
0,0,2180.4,0,0,2299.7,2766.6,1776.4,0,2128.8,1629.6,2017.9,2455.4
0,0,2188.5,0,0,2038,2865.5,1692.5,0,1788.6,1931.5,2019.8,2369
0,0,2198.1,0,0,1964.3,2762.4,1711.6,0,1452.8,1932.6,2007,2258.9
0,0,2204.5,0,0,1763.6,2678.9,1725.6,0,1372.7,1912.3,1991.8,2243.9
0,0,2300.5,0,0,2136.9,2340.6,1796.3,0,1566,1922.1,2121,2346
0,0,2705.4,0,0,2010.2,1937.4,1830.1,0,1684.8,1916.3,2079.1,2511.8
0,0,2364.3,0,0,2234,1763.3,1859.4,0,1705.5,2156.7,1886.7,2758.6
0,0,2267,0,0,2401.3,1677.3,1941,0,1672.3,2272,1778.5,2806.6
0,0,2260.5,0,0,2656.4,1670,1900.4,0,1640.5,2331.2,1736.1,2768.6
0,0,2203.3,0,0,2752.9,1449,1987.8,0,1657.5,1948.9,1878.2,2711
0,0,2243.5,0,0,2640.6,1490.9,2153.2,0,1704,1861.6,1715.2,2760.8
0,0,2426.3,0,0,2586.3,1571.9,2262.7,0,2321,1770.5,1619.3,3007.4
0,0,2411,0,0,2429,2041.7,2191.3,0,2794.8,1628.8,1619.8,3048.6
0,0,2333,0,0,2299.7,2078.6,2104.7,0,2789.8,1576.4,1543.6,3108.5
0,0,2203.5,0,0,2426.2,1973.1,2164.7,0,2790.1,1561.8,1523.9,3102.3
0,0,2448.1,0,0,2702.2,2118.2,2244.9,0,2730.9,1550.3,1223.8,3137.4
0,0,2507.4,0,0,2307.9,2188.2,2246.9,0,2511.8,1383,1148.4,3158.2
0,0,2505.6,0,0,2224.8,2275.2,2252.9,0,2488.8,1327.6,1155.9,3063.4
0,0,2465.4,0,0,2186.6,2414.2,2315.5,0,2262.9,1045.7,1146.9,2764.9
0,0,2420,0,0,2161.3,2804.6,2619.2,0,2182.5,1112.1,1180.9,2638.2
0,0,2507.2,0,0,2356.6,3036.8,2707.3,0,2131.8,1110.5,1223.2,2583
0,0,2951.5,0,0,2451.2,3019.7,2343.9,0,2135.4,1464.9,1354.2,2543.4
0,0,3066.6,0,0,2224.8,2981.7,2259.7,0,2121,1703,1354.4,2376.5
0,0,3008.7,0,0,2158.8,2836,2149,0,2069.3,1707.3,1756.8,2377
0,0,2999.6,0,0,2217.1,2833.6,2157.8,0,2324.2,1727.7,2179.6,2341
0,0,3004.3,0,0,2092.9,2815.4,2099.1,0,2230.3,1861.6,2373.8,2392.6
0,0,3023.5,0,0,1791.6,2816,2096.7,0,2340.5,1968.7,2452.4,2441.9
0,0,2898.5,0,0,1694.4,2643.3,2089.6,0,2386.1,1919.4,2542.1,2654.2
0,0,2815.4,0,0,1657.8,2557.4,2090.6,0,2382.9,1957.4,2505.4,2487
0,0,2834.3,0,0,1655.3,2524.6,2559,0,2426.7,2081.3,2516.3,2402.7
0,0,2902.7,0,0,1568.6,2506.1,2635.9,0,2417.9,1962.3,2394.8,2398
0,0,3299.4,0,0,1612.4,2506.8,2625.5,0,2707.4,1913.1,2429.3,2528.3
0,0,3211.7,0,0,1554.1,2227.6,2657.3,0,2551.3,1879.1,2268.4,2456.2
0,0,2901,0,0,1804.7,1948.6,2724.7,0,2592.9,1792.2,2029.9,2385.5
0,0,2599.9,0,0,1871,1849.5,2715.9,0,2948.1,1582.4,1985.5,2357.3
0,0,2192.3,0,0,2059.7,2246.6,2602.3,0,3072.5,1134.9,1938.7,2301.3
0,0,2009.1,0,0,2106.7,2624.8,2989.7,0,3043.8,1035.8,2106.1,2109.4
0,0,1967.5,0,0,2088.4,2705.9,2676.1,0,3003.6,1014,2229.1,2212.1
0,0,1962.3,0,0,2078.6,2607.1,2720.5,0,2923.5,827.3,2182.7,2368.3
0,0,1981.1,0,0,2514.8,2574.5,2481.8,0,2900.8,812.5,2173.6,2536.2
0,0,1944,0,0,2818.5,2816.4,2708.5,0,2917.2,1106.2,2213.4,2535.5
0,0,1906.1,0,0,3021.1,2872.2,2528.2,0,2872.1,1171.4,2162.3,2281.1
0,0,2350.9,0,0,2949.7,2973.9,2761.1,0,2838.1,1171,2168.3,2180.9
0,0,2619.1,0,0,2936.8,2932.1,2334.5,0,2817,1424.4,2171.9,2059.9
0,0,2793.2,0,0,3100,2994.2,2118.5,0,2813.6,1661.1,2131.8,1953
0,0,2792.4,0,0,2932,3172.4,2266.8,0,2585.6,1661.9,2237.1,1745.1
0,0,2821.9,0,0,2539.3,3069.5,2161.7,0,2491.1,1793.7,2141.5,1870.2
0,0,2899.9,0,0,2334.7,2861.5,2174,0,2483.2,2257.1,2299.1,1942.3
0,0,3022.5,0,0,2155.1,2564.7,2556.3,0,2367.2,2270.8,2452.1,1960.8
0,0,3105.6,0,0,1739.1,2429.8,2597.4,0,2204.1,2260.3,2421.8,2057
0,0,3136.3,0,0,1430.7,2362,2429.8,0,2039.6,2277.2,2421.2,2075.1
0,0,3150.1,0,0,1298.6,2348.2,2480.7,0,1957.1,2276.3,2444.3,2108.6
0,0,3347.6,0,0,1292.2,2355.7,2483.7,0,1893.5,2283.9,2486.7,2456.8
0,0,3405.9,0,0,1247.1,2834.4,2433.6,0,1977.2,2280.2,2097.4,2472.1
0,0,3372.4,0,0,1251,3097.9,2708.3,0,2253.6,2305.3,1882.9,2795.6
0,0,3273,0,0,1551.2,3163.8,2617,0,2583.6,2627.6,1861,2694.8
0,0,3228.3,0,0,1824.9,3420.4,2462,0,2829.8,2668.2,1880.1,2678.4
0,0,3209.3,0,0,1919.8,3533,2910.6,0,2761.5,2675,2448.9,2708
0,0,3007.3,0,0,1905.6,3535,2456.2,0,2683.4,2478.9,2741.4,2441.9
0,0,2585.5,0,0,2060.5,3323.5,2367,0,3051.5,2459,2765.5,2363.9
0,0,2231.6,0,0,2493.4,3298.6,2346,0,3160.8,2185.1,2710.6,2348
0,0,2121.2,0,0,2605.4,3009.1,2373.4,0,3148.5,2131.1,2687.1,2358.9
0,0,2222.3,0,0,2503.1,2860,2501.2,0,3160.3,1897.4,2563.7,2346.8
0,0,2042.3,0,0,2441.5,2939.2,2282.5,0,3142.3,1810,2302.7,2138.2
0,0,1990,0,0,2448.2,2818.2,2106.6,0,3202.2,1642.9,2316.1,1957.6
0,0,1939.7,0,0,2238.3,2677.3,2082.8,0,3207.9,1495.8,2232.5,1902.8
0,0,1929.3,0,0,2063.7,2657.3,2219.5,0,3047.5,1313.6,2178,1887.5
0,0,2274.7,0,0,1918.5,2756.4,2216.1,0,2884.3,1491.8,2218.2,1871
0,0,2175.8,0,0,2158.9,2922.1,2076.6,0,2361.1,1487.3,2199.3,1870.7
0,0,2456.4,0,0,2382.4,2891.5,2020.8,0,2227,1487.3,2298,2108.5
0,0,2517.5,0,0,2226.8,2859.3,2022.2,0,2143.7,1708.4,2452.6,2369.6
0,0,2538.9,0,0,2134.1,2935,1991.3,0,2161.5,1878.1,2482.1,2496.9
0,0,2943,0,0,1957.4,3311.8,2233.1,0,2248.7,2616,2479.7,2493
0,0,3077.7,0,0,1902,3533.8,2107.7,0,2169.2,2884.5,2462.8,2497.6
0,0,2672,0,0,1884.4,3547.1,2088.3,0,2058,3035.4,2294.4,2500.5
0,0,3005.9,0,0,1959.2,3546.5,2146.8,0,1817,3338.8,2480.2,2507.3
0,0,2698.6,0,0,1880.7,3681.7,2297.1,0,1716.5,3629.7,2514.1,2897.4
0,0,3094.7,0,0,1816.3,3808.7,2311.6,0,1820.7,3773.9,2658.7,3192.6
0,0,3128.4,0,0,1824.5,3801,2067.8,0,1804.7,3990.2,2784.2,3295
0,0,3593.2,0,0,1834.6,3803.3,2016.9,0,2060.8,3998.8,2768.5,3294.1
0,0,3689.4,0,0,2024.7,3796.1,2194.6,0,2431.6,4003,2781.1,3241
0,0,3673.5,0,0,2201.7,3804.4,2199.9,0,2481.4,3997.9,2743.3,3073.9
0,0,4082.9,0,0,2190.1,3811.9,2435.4,0,2306.6,4007.6,2676.3,3051.8
0,0,3927.8,0,0,2277.4,3817.1,2335.3,0,2333.1,3997.5,2750.2,2986.8
0,0,3939.2,0,0,2350.6,3811.5,2255,0,2615.9,3680.7,2805.6,2980.5
0,0,3357.9,0,0,2345.8,3663.8,2303.8,0,2681.5,3380,2525.9,2912.9
0,0,3446.8,0,0,2433.1,3716,2234.5,0,2631,3039.3,2534.7,2522.6
0,0,3130.3,0,0,2305,3650.9,2001.4,0,2650.5,2806.7,2537.8,2455.8
0,0,3156.6,0,0,2271.9,3617.9,1994.2,0,2665.2,2712.7,2275,2116.7
0,0,2651.6,0,0,2249.8,3622.3,2052.9,0,2679.3,2524.1,2037.7,2313.4
0,0,2551,0,0,2015.9,3359.8,2354.6,0,2728.3,2335.1,2015.4,2410.8
0,0,2472.7,0,0,2033.7,3133.6,2350,0,2732.2,2513.8,1676.7,2404.1
0,0,2473.2,0,0,2130.8,3135.9,2533.4,0,3092.7,2486.6,1630,2407
0,0,2600.5,0,0,2124.4,3225.5,2499.2,0,3104.8,2464,1572.2,2402.9
0,0,2784.7,0,0,2488.3,3229.9,2483.9,0,3105.5,2804.1,1559.6,2406.1
0,0,2893.7,0,0,2274.1,3010,2473.1,0,3095.5,2990.8,1092.1,2358.1
0,0,3009.4,0,0,1968.2,2509.6,2466.4,0,3004.3,2812.9,923.8,2275.1
0,0,3155.7,0,0,1866.1,2483.5,2504,0,2498.9,2648.9,805.1,2423.5
0,0,3185.5,0,0,2061.4,2578.5,2502.4,0,2261.7,3319,1133.7,2596.6
0,0,3420.9,0,0,1893.1,2568.6,2479.3,0,2134,3383.6,1353.9,2563.9
0,0,3720.2,0,0,2016.1,2564.5,2489,0,2001.6,3128.4,1362.1,2556.9
0,0,3529.9,0,0,2210.5,2560.8,2502.3,0,1752.3,3029.9,1352.5,2565.3
0,0,3476.1,0,0,2432.5,2549.4,2321.4,0,1679.6,3255.5,1748.4,2567.8
0,0,3430.3,0,0,2568,2553.7,2303.9,0,1507.8,3556,1849.8,2475.3
0,0,3427.5,0,0,2562.3,3019.4,2154.3,0,1393.8,3142.4,2066.2,2310.4
0,0,3422,0,0,2579,3302.2,2243.5,0,1331.9,3038,2020.1,2318.3
0,0,3362.5,0,0,2592.7,3334.6,2213.8,0,1333.8,3100.9,2015.8,2201.5
0,0,3113.1,0,0,2783.8,3291.7,2298.3,0,1710.2,3974.8,2070.5,2156.7
0,0,3044.2,0,0,3001.4,3101.4,2150.5,0,1965,3629.3,2629.4,2194.8
0,0,2950.2,0,0,3053.4,3269.5,1967.4,0,2172.4,3428,2644.9,2318.3
0,0,2816.1,0,0,3154.3,3468.8,1822,0,2172.6,3147.4,2700.3,2211.1
0,0,2796.1,0,0,3152.2,3481.9,1761.4,0,2175.3,2883.1,2653.8,2111.4
0,0,2787.6,0,0,2679.2,3470.1,1677.1,0,2440.3,2559.4,2509.7,2132.7
0,0,2588.4,0,0,2543.1,3396.5,1842.1,0,2818.5,2160.2,2420.2,2113.4
0,0,1868.6,0,0,2353.2,3221.1,2405.7,0,2888,2077.5,2263.9,2051.4
0,0,1701.9,0,0,2302.1,2868.7,2488.3,0,2855.7,2167.3,2278.6,1883.1
0,0,1607.1,0,0,2317.1,2643.3,2542.2,0,2881.2,1910.1,2034.1,1764.5
0,0,1606,0,0,2411.5,2563.6,2724.9,0,2927.1,1604,1984.9,1770.3
0,0,1837.2,0,0,2319.3,2633.5,2595.1,0,3132.7,1521.4,2087.2,1914.9
0,0,1818.9,0,0,2355.9,2628.1,2620.9,0,3247.5,1664,2208,1972.6
0,0,2135.8,0,0,2249.6,2933,2607.5,0,3230.7,1919,2265.8,2171.1
0,0,2330,0,0,2091.3,3224.5,2451.7,0,3199.1,1898.7,2210,2157.4
0,0,2322.7,0,0,1938.6,3393.7,2743.1,0,3048.8,1761.9,2195.5,2189.6
0,0,2342.7,0,0,2179,3400.8,3061.5,0,3038.7,1945.5,2202.2,2224.6
0,0,2474,0,0,2320.6,3417.3,3170.6,0,3022,2564.4,2240.4,2345.5
0,0,2780.8,0,0,2426.4,3380.7,3207.7,0,3028.1,3024.9,2616,2356.8
0,0,3073.7,0,0,2792.2,3389.3,2894,0,3068.6,3020.2,2643.9,2182.2
0,0,3498.2,0,0,2935.8,3483.7,3213.1,0,2972.1,3159.3,2624.6,2247.6
0,0,3700,0,0,3224.2,3404.6,3188.2,0,2753.8,3597.9,2636.6,1966.4
0,0,3684.7,0,0,3364.3,3346.5,3260.7,0,2696.8,3600.8,2459.2,2217.4
0,0,3598.9,0,0,3482.8,3350.5,3156.4,0,2658.1,3630,2270.2,2157.6
0,0,3574.8,0,0,3176.2,3160.4,2860.1,0,2636,3623.6,2027.7,2159.2
0,0,3578.7,0,0,2964.2,3150.9,3099,0,2650.1,3609,1979.7,2151.9
0,0,3593.9,0,0,2873.4,3127.9,2877.7,0,2385,3324.3,1948.6,2164.5
0,0,3586.7,0,0,3084.1,3129.9,2732,0,2109.2,3350.2,2148.2,2288.3
0,0,3612.2,0,0,2872.5,3111.8,2197.8,0,1943.6,3266.1,2383.1,2462.8
0,0,3587.1,0,0,2807.3,3095,2894.2,0,1999.3,3281.7,2376.1,2335.5
0,0,3396.6,0,0,2700.9,3276.2,2914.5,0,1996.8,3265.7,2195.1,2134.6
0,0,3369.2,0,0,2418.2,3517.5,2905.3,0,1996.3,3268.4,2046.2,2114.7
0,0,3319.9,0,0,2332,3420.4,2574.7,0,2112.5,2545.8,1964.4,2293.3
0,0,3172.6,0,0,2589.3,3250.9,2732.4,0,2433.7,2245.2,2251.5,2585.5
0,0,3189.6,0,0,2893.8,3140.5,3015.3,0,2663.3,2471.7,2224,2782.9
0,0,3009.1,0,0,3149.8,2922.7,3125.5,0,2576.9,2376.7,2223,2789.4
0,0,2985.5,0,0,3467.6,2941.1,2738.5,0,2911.6,2107.3,2363.1,2484.9
0,0,2946.2,0,0,3743.5,3170.2,2959.4,0,3333.3,1862,2410.1,2787.9
0,0,2956.4,0,0,3637.8,3319.4,3274,0,3314.3,2063.9,2417.6,2727.3
0,0,2951.3,0,0,3442.6,3511.4,3353.6,0,3262,2549.6,2402.4,2633.1
0,0,2719,0,0,3438.9,3525.1,2899.5,0,3117,2844.5,2448.6,2243.4
0,0,2875.6,0,0,3462.1,3631.3,3647,0,3009.6,2763.4,2420.1,2157.8
0,0,3023.8,0,0,3283.1,3790.8,3565.5,0,2981.6,2126.1,2289.7,2114.4
0,0,3247.7,0,0,3245.8,3468.9,3468.7,0,2966.1,2285.2,2407.6,1915.9
0,0,3151.8,0,0,3249.1,3281.2,2690.7,0,2964.6,2779.6,2486.1,1790.6
0,0,3052.1,0,0,3236.4,3241.2,3191.7,0,3063.6,2812.1,2437.8,1599.7
0,0,2987,0,0,3235.9,3199.9,3145.3,0,3264.3,2788.4,2350.4,1589.1
0,0,2974.7,0,0,3235.1,3182,2830.1,0,3222.8,2796.4,2348,1567
0,0,2927.8,0,0,3229,3179.5,2378.2,0,3233.9,2786.6,2337.6,1566.8
0,0,2933.2,0,0,2997.6,3180.4,2354,0,3228.4,3084.3,2337.8,1545.2
0,0,3029.7,0,0,2967.5,3162.6,2648.5,0,3292.4,2810.3,2346.1,1736.9
0,0,3087.2,0,0,2711.9,3172.7,2784.5,0,3436.6,2914.5,2340.9,1907.3
0,0,3575.2,0,0,2734.4,3204.4,2621.8,0,3442.5,3201.4,2341.6,2053.8
0,0,3717.3,0,0,2695.2,3439.4,2345.5,0,3424,3187,2335,2346.4
0,0,3530.4,0,0,2676.6,3327,2327.1,0,3416.5,3368.9,1939,2488
0,0,3481.4,0,0,2620.1,3294.5,2734.7,0,3442.7,3282.2,2215,2473.3
0,0,3347.8,0,0,2283.5,3282.9,2443.4,0,3437.7,3159.8,2111.5,2386.7
0,0,3102,0,0,2338.8,3404.2,2476.9,0,3428.6,2874.7,2132.7,2322.6
0,0,3052.1,0,0,2508.9,3665.2,2606,0,3173.6,2808.3,2136.9,2059
0,0,3007,0,0,2483.8,3772.9,2739.9,0,3147,2476.8,2158.6,2002.2
0,0,3016.8,0,0,2188.3,3788.4,3045.8,0,3112,2384.2,2260.5,2057.6
0,0,3177.1,0,0,1914.8,3791,3287.4,0,3121.1,2294.4,2281.7,2004.7
0,0,3093.2,0,0,2113.7,3794.1,3249.9,0,3121.3,2327.8,2283.4,1985.2
0,0,3016.4,0,0,2195.5,3788.8,3205.8,0,3126.3,2682.9,2295.9,1979.6
0,0,3052.1,0,0,2198.5,3773.8,3187.1,0,3124.3,2777.6,2307.4,1943.5
0,0,3453.6,0,0,2247.4,3883.2,3179.6,0,3249.1,3022.1,2476.7,1916.4
0,0,3668.4,0,0,2505.7,3889.3,3174.5,0,3504.8,3174.3,2464.2,1987.2
0,0,3658.8,0,0,2618.2,3858.3,3206,0,3276.3,3276.8,2532.5,1882.2
0,0,3663.3,0,0,2922.3,3882.6,3069.2,0,3224.5,3211.6,2533.4,1840
0,0,3667.6,0,0,3006.5,3885.5,2867.2,0,3371.2,3099.4,2477.4,1927.5
0,0,3637.3,0,0,3062.8,3880.2,2890.9,0,3339.9,3371.9,2462.3,2325.5
0,0,3636.1,0,0,3141.2,3857.2,3006.7,0,3332.1,3380.2,2545.4,2328.6
0,0,3533.4,0,0,3226.6,3881.8,3029.9,0,3311.3,3665.4,2662.8,2242.4
0,0,3538.4,0,0,3158.1,3892.9,2977.7,0,3038.3,3471.4,2599.4,2310.3
0,0,3549.3,0,0,3166.5,3880.2,2918.3,0,3002.3,3723.4,2603.2,2530.4
0,0,3559.2,0,0,3189,3916.2,2894.1,0,3138.7,3677.4,2594.1,2757.8
0,0,3563,0,0,3413.5,3925.2,2891.6,0,3210.8,3383,2748.2,2781.8
0,0,3535.9,0,0,3465,3758.1,2826.1,0,3490.4,3414.6,2662.6,2783.5
0,0,3298.9,0,0,3383.6,3744.7,2618.5,0,3452.7,3395.3,2356.5,2794.2
0,0,3303.3,0,0,3372.6,3658.6,2770.5,0,3517.9,3083.9,2305.2,2812.1
0,0,3301.1,0,0,3277.8,3814.6,3107.8,0,3643.9,3306.4,2438.9,2702.8
0,0,3405,0,0,3228.5,3839.1,3403.3,0,3883.6,3317.1,2572.3,2730.3
0,0,3460,0,0,3118.8,3444.7,3420.5,0,3898.7,3340.5,2356.3,2670.1
0,0,3450.8,0,0,3090.3,3811,3426.2,0,3891.9,3325.4,2350.4,2661.1
0,0,3127.3,0,0,2965.2,3638.1,3400.7,0,3970.7,3208.6,2304.8,2800.1
0,0,2955.5,0,0,3286.4,3569.7,3439.9,0,3952.7,3135.5,2367.2,2779.3
0,0,2841.6,0,0,3121,3538.7,3679.7,0,3949.7,2928.3,2378.8,2747.8
0,0,2760,0,0,2996,3518.5,4389.8,0,3997.1,2890.9,2698.3,2637.6
0,0,2804.8,0,0,3178.1,3530.8,4241.7,0,3683.1,3147.4,2659.3,2651.8
0,0,2987.4,0,0,3291.8,3563.3,3919.1,0,3657.1,3145.2,2982.4,2615
0,0,2938,0,0,3558.5,3604.9,3795.7,0,3601.1,3164.4,3112.9,2541.4
0,0,3151.1,0,0,3566.3,3539.4,3743.9,0,3595.2,3073.7,3159.1,2534.3
0,0,3369.4,0,0,3565.6,3504.8,3761,0,3606.3,3139.7,3208.7,2414.6
0,0,3253,0,0,3490.3,3489.1,3859.2,0,3564.2,2927.7,3015.9,2274
0,0,2985.1,0,0,3362.7,3481.7,3574.9,0,3641.5,2987.1,2933,2326.7
0,0,2957,0,0,3350.8,3468.2,4003.1,0,3832.4,2955,2918.1,2544.8
0,0,3028.4,0,0,3364.3,3468.6,3823.1,0,3876.3,2966.5,2720.8,2602.1
0,0,3033.5,0,0,3645.1,3478.8,3824.3,0,3896.6,2873.6,2657.8,2541.3
0,0,3221.1,0,0,3500.1,3466.1,3173.2,0,3888.8,2687.5,2813.1,2561.3
0,0,3319.7,0,0,3383.9,3563.9,3469.2,0,3823.8,2662.3,2970.1,2622.9
0,0,3266.5,0,0,3307.5,3898.3,3614.3,0,3687.8,2662.7,2865.9,2614
0,0,3220.7,0,0,3298.2,3972.2,3713.9,0,3652.6,2668.1,2783.5,2642.4
0,0,3296.9,0,0,3383,3956.7,3242.7,0,3291.3,2660.7,2870.4,2524.6
0,0,3560.5,0,0,3806.9,3967.7,3291.9,0,3661.4,2656.1,2932.3,3115.4
0,0,3537.4,0,0,3874.3,4032.3,3474.7,0,3664.4,2671.5,2912.6,3125.3
0,0,3563.5,0,0,3855.4,3898.8,3465.1,0,3654.4,2996.7,2915,3021.7
0,0,3545.5,0,0,4116.9,3730.7,3210.5,0,3660.3,2912.7,2896.2,2919.8
0,0,3541.2,0,0,4093.5,4049.3,3383.9,0,3645,3076.3,2887.8,2887.6
0,0,3358.9,0,0,3948.5,4260.6,3735.6,0,3526.1,3080.4,2636,2833.8
0,0,3348.6,0,0,3797.7,4466.5,3712,0,3725.3,3059.3,2519.1,2809.5
0,0,3235.8,0,0,3628.5,4467.2,3497.7,0,3639,3053,2382,2818.1
0,0,3223,0,0,3599.3,4433.8,3530.2,0,3602.1,3042.2,2132.4,2899.7
0,0,3173.2,0,0,3570.2,4550.5,3759.3,0,3612.4,2927.1,1930.8,3209.2
0,0,3188.6,0,0,3586.5,4492.6,3754.8,0,3641.2,2752,1849.3,3445.5
0,0,3166.8,0,0,3581.1,4451.1,3453.6,0,3633.1,2600.8,2003.7,3440.6
0,0,3183.5,0,0,3442.2,4468.1,3524.1,0,3743.1,2720,1972.5,3466.8
0,0,3200.7,0,0,3428.4,4216.1,3723.3,0,3854.4,2730.2,2289.5,3469
0,0,3112.2,0,0,3703.8,4377.4,4060.5,0,4064,2748.9,2727.1,3532.1
0,0,3139.8,0,0,3829.2,4626.2,3918.1,0,4172.3,2515.8,2863,3624.3
0,0,3342.4,0,0,3768.2,4613.2,4137.4,0,4228.1,2786.7,3052,3623.7
0,0,3829.1,0,0,3763.1,4534,4285,0,4156.6,2830.4,3035.8,3619.2
0,0,3751.6,0,0,4100.8,4161,4234.1,0,4194.5,2970.4,3403.8,3614.3
0,0,3582.4,0,0,4028.5,3975,3808.6,0,4216.6,3067.9,3283.9,3585.7
0,0,3491.4,0,0,3889.1,4549.4,4152.8,0,3980.8,3394.8,2740.3,3320.6
0,0,3388.7,0,0,3958.8,4291.8,4187.4,0,3986.8,3447.8,2416.6,3274.7
0,0,3804.6,0,0,4007.9,4151.1,3935.3,0,3932.7,3568.3,2365.7,3257
0,0,3420.5,0,0,4186.3,3796.7,3969.5,0,3938.8,3508.3,2351.4,3179.9
0,0,3692.7,0,0,4185.9,3791.4,4074,0,3959,3530.3,2432,3201.9
0,0,3501.3,0,0,4082.1,4002.5,3923.7,0,3942.3,3438.5,2435.9,3143.6
0,0,3404.6,0,0,4092.1,4377.6,3616,0,3951.3,3440.2,2422.1,3223.3
0,0,3657.6,0,0,4169.3,4195.9,3894.4,0,3935.8,3450.1,2635,3968.3
0,0,3199.3,0,0,4224.3,3886.9,3711.9,0,3740.3,3462.4,2598.5,4165
0,0,3551.3,0,0,4186.7,3844.4,3226.4,0,3704.7,3479.4,2592.8,4089
0,0,3607.8,0,0,3727,4245.1,3158.3,0,3691,3730.3,2447.5,3853.4
0,0,3847,0,0,3623.1,4435.3,3267.3,0,3692.5,3598.5,2867.8,3593
0,0,4033.8,0,0,3595.9,4197.8,3163.4,0,3806.4,3486.1,3122.2,3656.7
0,0,3659.9,0,0,3254.7,4437.6,3156.3,0,3948.7,3449.4,3059.2,4061
0,0,4188.4,0,0,3113.8,4829.8,3392.1,0,3961.5,3449.8,2719.1,4169.1
0,0,3717.3,0,0,2825.8,4883,3485.6,0,3924,3431.8,3070.8,3987.5
0,0,3855.5,0,0,2720.7,4815.7,3493.8,0,4056,3169.5,2900,3791.6
0,0,3844.3,0,0,2696.8,4806.5,3211.3,0,4159.7,3136.6,3069.2,3834.1
0,0,3770.9,0,0,2917.6,4855.8,3366.6,0,4103.5,3119.8,2874.5,3900.6
0,0,4120.2,0,0,3271.3,4837.2,3469.5,0,4070.3,2933.2,3007.1,3937.9
0,0,3640.8,0,0,3252,4853.1,3646.9,0,4116.6,2845.6,3436.4,4065.4
0,0,4103.2,0,0,3472.7,4625.6,3751.4,0,4132.8,2958,3534.8,3847.8
0,0,3823.9,0,0,3782.8,4593,3925.2,0,4170.4,3118,3470,3601.5
0,0,4205,0,0,3898.9,4885,3942.6,0,4149.3,3247.9,3470.9,3264.4
0,0,4309.6,0,0,3862,4786.1,3946.4,0,4054.6,3432.3,3715.8,3066.8
0,0,4163.4,0,0,4094.4,4559.7,3940.3,0,3995.2,3445.6,3168.3,2954.4
0,0,4450.3,0,0,4374.8,4486,3945.6,0,3966.4,3314,3146.8,2922.3
0,0,4030.2,0,0,4628.8,4240,3805.6,0,3710,3339.5,2580.3,2918.4
0,0,4452.9,0,0,4508.8,4293.5,3701.2,0,3640.6,3431.3,2359,3051.3
0,0,4055.7,0,0,4286,4521.9,3674.1,0,3842.1,3428.4,2003.5,3018.7
0,0,4419.2,0,0,4011.4,4711.8,3572.6,0,3827.2,3439.8,1937.4,3122.8
0,0,4025.6,0,0,3913,4478.5,3484.3,0,3824.1,3346.7,2001.5,2954.6
0,0,4051.2,0,0,3842.7,4598.6,3391,0,3909.7,3189.5,2339.2,3108.8
0,0,4056.7,0,0,3865.8,4620.8,3095.9,0,3917.2,3070.2,2766.9,3122.1
0,0,4051.8,0,0,4090.1,4599.6,2812.1,0,3647.2,3079,2726.1,3173
0,0,4034,0,0,4056.1,4563.4,2761,0,3678.4,3020.4,2836.2,3301.9
0,0,4052.1,0,0,4012.6,4292.4,2690,0,3744.5,3022.7,3342.1,3294.8
0,0,4012.9,0,0,4032.8,4181,2695.3,0,3611.6,3020.8,3257.2,3114.1
0,0,3914.4,0,0,4106.4,4190.4,2687.8,0,3447.5,3027.3,3400.3,3359.3
0,0,3697.2,0,0,4113.7,4168.1,2678.2,0,3405.5,3022.7,3110.5,3485.4
0,0,3682.4,0,0,3990.2,4491.2,3085,0,3654.9,3300.6,3119,3468.5
0,0,3703.3,0,0,4000.8,4931.4,3403.7,0,3606.3,3303.2,3439.5,3825
0,0,3609.2,0,0,3944.4,4758.7,3469.7,0,3571.2,3248.9,3294.5,4004.2
0,0,3446.4,0,0,3976.2,4608.9,3661.7,0,3620.9,3080.7,3656.2,3899.1
0,0,3398.4,0,0,4080.5,4745.7,3806.2,0,3462.2,3041,3495.4,4028.3
0,0,3150.4,0,0,4364.2,4995.7,3797.8,0,3214.3,3019.2,3437.3,4081
0,0,3060.1,0,0,4530.1,4991.6,3804.5,0,3129.1,2991.8,3448.1,4116.3
0,0,3031.6,0,0,4621,5018.9,3939.3,0,3143.5,2991,3460.6,4151.1
0,0,3066.6,0,0,4350.7,5023.1,3891.5,0,3048.2,2982.5,3595.1,4150.1
0,0,3356.7,0,0,4257.1,5025.4,3886.6,0,3017.9,3304.3,3835.2,4112.7
0,0,3516.6,0,0,4021.5,5037,3801.1,0,3007.3,3824.3,3570.7,4100.8
0,0,3739.2,0,0,3967.3,5053.4,3747.3,0,3110.4,3829.9,3486.1,3837.9
0,0,3919,0,0,3676.1,5058.7,3536.1,0,3575,3825,3380.6,3843.1
0,0,3869.2,0,0,3367.8,5037.2,3505.6,0,3553,3768.5,3216.9,3198.7
0,0,3865.3,0,0,3325.4,4742.9,3492.6,0,3542.5,3639,3223.9,3105.5
0,0,3902.1,0,0,3407.5,4596.5,3479.4,0,3526.2,3645.8,2779.1,4309.5
0,0,3898.6,0,0,3718.6,4579.4,3460,0,3779.5,3639.1,2968.3,4604.3
0,0,3847.6,0,0,3749.1,4825.7,3271.2,0,4036.5,3452.4,2822.1,4223.1
0,0,3681.3,0,0,3529.5,4900.2,3174.2,0,4020.9,3402.7,2764.3,4103.9
0,0,3637.4,0,0,3623.3,4616.5,3175.3,0,3826,3364.8,2753.2,4489.9
0,0,3649.9,0,0,3610.7,4607.9,3138.7,0,3717.4,3361.8,2580.9,4448
0,0,3693.3,0,0,3734.6,4615.7,3361.3,0,3676.1,3320.5,2556.4,3731.8
0,0,3678.2,0,0,4000.8,4847.2,3518.7,0,3667.4,3167.1,2851.9,3904.4
0,0,3677.6,0,0,3797.4,4852.4,3427.7,0,3578.9,3130.5,2860.5,4231.4
0,0,3543.6,0,0,3837.9,4854.1,3191.3,0,3570.6,3322.7,2717,4326
0,0,3521.9,0,0,3966.3,4850.5,3071.1,0,4111.8,3368.2,2817.4,3390
0,0,3680.5,0,0,3892.8,4812.9,3024.8,0,4088.3,3344.6,2957.5,3506.2
0,0,3635.4,0,0,4134.1,4368,2991.7,0,4009.1,3542.3,3103.3,3764.9
0,0,3477.4,0,0,3897.2,4014.4,2901.9,0,3779.8,3535,3169.2,3665.7
0,0,3291.8,0,0,3532,4157.8,3162,0,3553.8,3526,3339.4,3246.9
0,0,3211.6,0,0,3464.3,4032.9,3297.3,0,3385.7,3537.2,3489.5,3515.4
0,0,3201.4,0,0,3304.4,3909.5,3393.4,0,3376.6,3812.7,3518.7,3335.7
0,0,3237.2,0,0,3616.3,3984.1,3182.6,0,3367,3994.8,3510.3,3017.8
0,0,3236.1,0,0,3385.3,3834.7,3009.5,0,3362.9,3446.2,3509.6,3281.4
0,0,3240.1,0,0,3276.8,3824.8,3135.1,0,3358.8,3383.6,3572.6,2955.7
0,0,3427,0,0,3279.6,3954.9,3216.6,0,3195.6,3337.5,3845.4,2759
0,0,3732.5,0,0,3501.7,4192.4,3359.9,0,3392.5,3328.7,4053.9,2807.7
0,0,4018,0,0,3414.1,4187.1,3384.4,0,3714.7,3344.9,4066,2763.8
0,0,4013.8,0,0,3195.2,4215.9,3372.4,0,3832.8,3363.1,4005.5,2822.1
0,0,4019.6,0,0,3243.6,4178.9,3589.3,0,3797.1,3372.3,3733.7,2935.8
0,0,4016.1,0,0,3273.8,4032.6,3697.2,0,3798.2,3357.8,3625.8,2881.7
0,0,3947.7,0,0,3451,4207.2,3914.1,0,3689.4,3345,3338.3,2841.1
0,0,3853.7,0,0,3375.1,4276.8,3784,0,3809.5,3360.1,3245.8,3015.3
0,0,3825.8,0,0,2754.4,4225.1,3765.6,0,3686.1,3369.7,3324.6,3158
0,0,3826.1,0,0,2543.1,4228.8,3954.5,0,3682.6,3363.4,3154.5,3109.6
0,0,3827.2,0,0,2441.8,4217.7,4092.3,0,3996.1,3273.8,3100,3011.9
0,0,3836.6,0,0,2684.2,4215.5,4115.4,0,3980.6,3070.5,3154.1,2983.3
0,0,3850.8,0,0,2765.5,4200.1,4126.5,0,3961.9,3019.2,3234.4,2940.6
0,0,3887.7,0,0,2935.9,4216.9,4163.5,0,3962.7,3017.8,3281.7,2938.2
0,0,3884.9,0,0,2924.6,4366.3,3957,0,3746.4,3015.8,3500.6,2884
0,0,3873.6,0,0,3058.3,4378,3802,0,3530.2,3031.7,3489.3,2996.3
0,0,4368.6,0,0,4023.6,4382.5,3336,0,3400.2,3146.9,3746.6,3238.4
0,0,4318.9,0,0,4258,4444.7,3598.4,0,3357.2,3448.7,3758.9,3203.7
0,0,4306.1,0,0,3920,4386,3877.6,0,3359.4,3392.3,3696.3,3196.7
0,0,4301.8,0,0,3945.6,4364.8,3870.1,0,3361.3,3323.5,3727.1,3190.5
0,0,4248.4,0,0,3864.5,4527.1,3339.2,0,3513.2,3107.2,3704.5,3193.1
0,0,4168.3,0,0,3734.5,4600.6,2973.2,0,3447,3084.8,3565.6,3134.3
0,0,4171,0,0,3869.7,4615.6,2968.6,0,3412.3,3034.8,3584.4,3085.8
0,0,4185.5,0,0,3736.6,4615.9,3277.7,0,3511,3027.5,3592.8,3212.3
0,0,4214.3,0,0,3427.7,4557.7,3234.1,0,3690,3038.1,3508.7,3195
0,0,4202.7,0,0,3559.6,4363.5,3182.2,0,3524.4,3034.6,3675.3,3237
0,0,3985.7,0,0,3736.5,4295.7,3099.4,0,3422.7,2989.7,3837.5,3125.8
0,0,4359.7,0,0,3787,4279.6,3020.8,0,3359,2878.5,3848,3115.3
0,0,3998.8,0,0,3837.9,4401.1,3016.5,0,3405.8,2811.1,3436.7,3071.5
0,0,4347.3,0,0,3546.3,4381.7,2999.8,0,3274.5,2797.9,3400.2,3071.8
0,0,4282,0,0,3536.1,4449,3135.8,0,3494.3,2824.6,3323.2,3432.4
0,0,4016.4,0,0,3474,4720.5,2795.1,0,3339.1,2808.7,3263.1,3508.3
0,0,4473,0,0,3203.4,4745.1,2972.4,0,3233.8,2507.7,3015.6,3508.7
0,0,4529.1,0,0,3022.6,4734.1,2950.2,0,3169.2,2484.2,2810.4,3394.7
0,0,4517.8,0,0,3277.2,4677.5,2943,0,3262.8,2426,2963.6,3237
0,0,4526.4,0,0,3307.2,4690.7,2741.2,0,3451.4,2515,3067.4,3231.2
0,0,4430.1,0,0,3647.3,4697.2,2717.9,0,3745.6,2658.6,3407.3,3020.5
0,0,4174.1,0,0,3634.5,4556,2608,0,3565.1,2657.3,3418.9,2879.6
0,0,3856.9,0,0,3479.2,4579.2,2633.4,0,3452.9,2663.8,3517.1,2832.8
0,0,3903.6,0,0,3371.8,4622.3,2535.3,0,3388.4,2646.8,3468.2,2821.6
0,0,4397,0,0,3187,4602.9,2541.5,0,3377.8,2391.4,3471,2802.8
0,0,4324.4,0,0,3092.7,4611.1,2529.7,0,3391.2,2361.6,3399.9,2831.5
0,0,3756.9,0,0,2968.9,4695.1,2291.3,0,3365.9,2117.6,3278,3011.7
0,0,3660,0,0,3120.7,4692.9,2172.4,0,3337.6,2077.3,3229.9,2958.8
0,0,3632.6,0,0,3032.9,4695.8,2105.7,0,3224.2,2117.8,3235.1,2506.4
0,0,3703.2,0,0,2870,4715.1,2190.7,0,3070.9,2151.3,3192.2,2594.5
0,0,3720.6,0,0,3050.2,4781.7,2133.3,0,2971.3,2193.4,3097.3,3118.4
0,0,3726.7,0,0,3120.7,4700.6,2128.3,0,3194.6,2452.4,3118,2993.4
0,0,3563.1,0,0,3079.2,4619.6,2136.2,0,3229,2474.1,3144.7,2596.3
0,0,3537.4,0,0,3106.5,4563.6,2198,0,2975.4,2736.2,3146.4,2592.6
0,0,3509.4,0,0,3130.8,4522.5,2135,0,2907.1,3094.7,3136.9,2585.7
0,0,3403,0,0,3471.3,4495,1945,0,2943,3434.6,3247.2,2485.2
0,0,3371.2,0,0,3703,4501.1,2720.4,0,3001.3,3483.8,3148.5,2478.1
0,0,3367.2,0,0,3599.1,4521.4,2959.2,0,2994.5,3519.1,2972.8,2686.4
0,0,3359.8,0,0,3536.4,4516.9,3286.7,0,2978,3514.3,2772.4,2564
0,0,3524.7,0,0,3716.9,4485.5,3385.9,0,2988.1,3485.8,2877.3,2568.5
0,0,3552.7,0,0,3811.5,4385.6,3427.9,0,3221.1,3481.3,2914.7,2836.8
0,0,3715.1,0,0,3957.7,4341,3384.3,0,3104.7,3461,2926.6,2843.8
0,0,3764.3,0,0,3768.9,4302.9,3461.9,0,3057.5,3447.5,2970.9,2829.8
0,0,3768.2,0,0,3936.5,4395.8,3357,0,3044.2,3455.3,3084.1,2824.8
0,0,3664.2,0,0,3917.2,4720.2,3167.3,0,3030.9,3477.3,3110.8,2827.7
0,0,4080.2,0,0,3777.5,4683.9,2995.4,0,3029.5,3472.6,3226.2,2859.7
0,0,4040.1,0,0,3752,4654.5,2978.9,0,3028,3305.7,3434,2883.2
0,0,4058.7,0,0,3862.8,4642.3,2933.2,0,2862.1,3280.2,3490.4,2709.4
0,0,4065.8,0,0,3609.3,4652.7,2839.3,0,2748.9,3250.3,3577.7,2685.3
0,0,4060.6,0,0,3338,4637.3,3077,0,2516.7,2716.6,3571.2,2653.1
0,0,4263.5,0,0,3246.2,4612.6,3247.4,0,2674.5,3237.8,3589.5,2664.6
0,0,4224.5,0,0,3182.2,4653.4,3205.2,0,2660.9,3284.8,3434.2,2781.8
0,0,4137.1,0,0,3230.2,4635.5,3069.3,0,2476.3,3330.8,3408.3,2299.5
0,0,4102.8,0,0,3235.7,4600.4,3025.5,0,2437.6,3304.7,3369.6,2236.5
0,0,3928,0,0,3166.6,4585.1,2873.6,0,2343.6,3148.4,3327.7,2385.6
0,0,3929.5,0,0,3079,4612.4,2788.9,0,2135.6,3232.1,3253.9,2239.2
0,0,3922.4,0,0,3050.7,4630.3,2752.6,0,2240.2,3037.9,3217.1,2115.8
0,0,3898.6,0,0,3208.4,4618.5,2739.2,0,2058.6,2939.6,3193,2040.4
0,0,3940,0,0,3348.3,4615.8,2734.4,0,2264.7,2912,3204.7,2002
0,0,3948.1,0,0,3147.7,3878.5,2748.3,0,2261.1,2890.7,3240.2,1985.9
0,0,3956.8,0,0,3041,3789.3,2751.6,0,2441.6,2904.8,3365.3,2141.5
0,0,4201.4,0,0,2763.6,3691.6,2750.7,0,2518.7,3297.9,3355,2756.1
0,0,4367.2,0,0,2854.9,3740.7,2987.7,0,2504.2,3407.7,3374.1,2907
0,0,4374.5,0,0,2785,3720.7,3381.8,0,2570.4,3193,3392.4,2896.3
0,0,4435.1,0,0,2752.4,3789.2,3412.2,0,2825.3,3166.3,3384.3,2931.9
0,0,4234.1,0,0,2741.5,3999.2,3289.1,0,2865.7,3127.2,3357,3036.9
0,0,4073.7,0,0,2678.7,4155,3197.6,0,2926.8,3105.8,3350.7,3263.2
0,0,4164.3,0,0,2437.3,4321.2,3152,0,3059.8,3095.7,3218.1,3573.6
0,0,4604.6,0,0,2522.2,4336.6,3136.5,0,2970,3479.9,3172.1,3433.9
0,0,4684.2,0,0,2736.5,4336.4,3138.9,0,2909.3,3685.3,2953.9,3221.6
0,0,4397.5,0,0,2709.7,4391.6,2991.6,0,2899.8,3509.9,2984.4,3121
0,0,3881.3,0,0,2697.9,4466.4,2852.6,0,2854.9,3881.1,3089.3,2968.7
0,0,3858.4,0,0,2488.8,4361.1,2692.1,0,2742.8,3948.1,3152.8,3042.8
0,0,3675.7,0,0,2557.3,4340.3,2620.8,0,2692.6,3462.1,3329.7,3152.5
0,0,3694.3,0,0,2527.2,4406.8,2565.7,0,2681.3,3783.8,3404.2,3122.7
0,0,3854.5,0,0,2686.3,4427.1,2449.5,0,2662.3,3683.6,3371.5,3103.5
0,0,3494.9,0,0,2875.6,4392.7,2521.8,0,2422.7,3368.1,3445.7,2888.8
0,0,3231.8,0,0,2863.8,4360.8,2483.8,0,2384.7,3643.1,3497.1,2763
0,0,3306.1,0,0,2861.5,4397.4,2421.9,0,2354.1,3333,3483.3,3287.1
0,0,3634.2,0,0,2895,4430.6,2698.7,0,2340.1,3357.2,3449,3093.6
0,0,3445,0,0,2795.8,4414.6,2886.1,0,2580.7,3384.1,3347.8,2828.4
0,0,3319.9,0,0,2751.7,4251.4,3158.3,0,2551.6,3231.9,3219.5,2804.5
0,0,3455.6,0,0,3015.2,4116,3078.1,0,2543.2,3417.1,3078.4,2772.6
0,0,3493.6,0,0,3428.1,4071.5,3075,0,2480,3384.6,3080.8,2613.1
0,0,3399.7,0,0,3432.9,4095.7,3155.7,0,2389.9,3605.7,2955.9,2376.5
0,0,3394.4,0,0,3515.6,4084,3734.4,0,2293.4,3157.4,3033.7,2318.9
0,0,3396.9,0,0,3543.5,3953.7,3961.8,0,2153.3,3522.4,2960.4,2222.1
0,0,3387.4,0,0,3420.9,3860.4,4238,0,2119.1,3031.8,2653,2237.4
0,0,3736.6,0,0,3176.5,3802,4136.6,0,2044.7,3583.5,2557.6,2712.3
0,0,3859.1,0,0,2655.2,3773.6,4081.4,0,1985.5,3343.9,2603.4,2592.7
0,0,3842.1,0,0,2348.7,3721.5,3865.6,0,2077.9,3515.9,2841.6,2458.7
0,0,4102.4,0,0,2199.5,3751.6,4285.9,0,2030.8,3185.3,2769.9,2426.4
0,0,4398.3,0,0,2151.8,3880.6,4263.4,0,2110.3,3091.8,2719.8,2528.2
0,0,4396.5,0,0,2210.8,4005.4,3911.4,0,2319,3046.4,2622.9,2833.9
0,0,4396.7,0,0,2709.5,3985.7,4187.2,0,2310.1,3105,2732.6,3018.4
0,0,4469.6,0,0,2735.9,4028.2,4281.6,0,2317.4,3044.3,2754.5,2996.7
0,0,4522.8,0,0,2789.9,3893,3936,0,2164.7,2966.3,2849.2,2797.3
0,0,4515.5,0,0,2677.9,3869.4,4342.4,0,2193.1,3222.5,3007.7,2830.9
0,0,4510.1,0,0,2703.5,3894.2,4141,0,2267.1,3212.1,3096.1,2613
0,0,4464.9,0,0,2780.8,3646.1,4060.3,0,2439.1,3430.4,3095.7,2568
0,0,4307.4,0,0,3270.3,3960.2,3833.7,0,2686.4,3539.4,3196.2,2633.4
0,0,4183.7,0,0,2891.7,3839.8,3115.7,0,2822.9,3391.4,3073.2,2426.3
0,0,4024.7,0,0,2746.9,3828.3,2478.6,0,2609.4,3220.6,2930.1,2346.9
0,0,3999.2,0,0,3044.8,3976.1,2994.3,0,2467.7,3177.9,2898.3,2418.4
0,0,3985.7,0,0,3169,3993.2,2597.6,0,2386.6,3157,2844.6,2307
0,0,3935.1,0,0,2774.9,3902.8,2491,0,2378.1,2940.1,2739,2135.5
0,0,3521.2,0,0,3339.2,3703,2049,0,2378.5,2606.7,2574,1799.6
0,0,3422.9,0,0,3476.1,3566.5,1933.3,0,2374.7,2505.6,2456.5,1849.1
0,0,3350.7,0,0,3361.1,3405.2,1988.2,0,2282,2487.5,2458.8,1991.8
0,0,3350.1,0,0,4153.5,3041.7,2014.3,0,1962.1,2503.2,2357.8,1896.3
0,0,3346.4,0,0,3990,3308.1,2181.4,0,2114.7,2513.7,2337.7,1844.8
0,0,3406.6,0,0,3285.3,3294.9,2445.3,0,2083.2,2436.6,2294.9,2080
0,0,3632.9,0,0,3443.9,3274,2466.5,0,2095.7,2431.8,2623.3,2141.7
0,0,3382.5,0,0,3170.4,3268,2800.3,0,2174.1,2619.4,2700.6,2187.2
0,0,3505.5,0,0,3188.2,3233,3160,0,2586,2703,2946.4,2732.1
0,0,3926.7,0,0,3360.9,3195.7,3460,0,2446.1,2654,3089.9,2734
0,0,4478.3,0,0,3117.7,3282.3,3767.9,0,2231.1,2765.9,2844.3,2334.5
0,0,4430.9,0,0,2589.5,3547.1,3768.2,0,2187.5,2851.6,2724.9,2423.8
0,0,3934.8,0,0,2482.2,3897.1,3446.7,0,2131.6,2839.1,2607.4,2330.1
0,0,3615.7,0,0,2370.7,4176.5,3577.9,0,1925.1,2627.6,2608.1,2389.8
0,0,3521.9,0,0,2349.7,4194.5,3523.4,0,1679.5,2690.8,2762.6,2618.4
0,0,3930,0,0,2333.2,4225,3527.5,0,1640.7,2673.1,2934.9,2983.4
0,0,3961.1,0,0,2424.8,4209.3,3328.5,0,1897.8,2480.3,3028.7,3101.8
0,0,3356.5,0,0,2549.4,4169.4,3060.1,0,1906.9,2454.4,3031.7,3243.5
0,0,3436.7,0,0,2992.9,4067.3,2719.2,0,1936.9,2455.6,3030,2892.9
0,0,3433.2,0,0,2984.6,3826.8,2654,0,1946.9,2905,3030.3,2828.9
0,0,3253.7,0,0,2977.3,3462.7,2591.1,0,2005.1,2735.6,2871.4,2814.8
0,0,3120.9,0,0,2979.6,3130.9,2351.4,0,1953.3,2687.3,2634,2684.2
0,0,3020.4,0,0,2766.9,2965.6,2180.8,0,1548,2652,2615.4,2476.3
0,0,3097.8,0,0,2825.9,2895.3,2152.5,0,1936.2,2342.8,2353.1,2269.7
0,0,2975.3,0,0,2790.9,2757.9,2495.1,0,2118.9,2243.1,2226.3,2223.9
0,0,3000.6,0,0,2689.9,2616.3,2611.3,0,2268.1,2156.6,2196.3,2593.3
0,0,3055.7,0,0,2647.5,2494.8,2514.7,0,2222.9,2130.7,2255.4,2536.6
0,0,3011.4,0,0,2533.2,2319.7,2350.8,0,2176.3,2129.7,2210.5,2400.2
0,0,2527.4,0,0,2432.7,2503.7,2417,0,1879.8,2129.6,2233.6,2343.7
0,0,2622.6,0,0,2461.5,2898.1,2284.4,0,1829.9,2076,2329.2,2430.1
0,0,2600.4,0,0,2455.2,3044.8,2296.5,0,1785.6,1859.1,2304.4,2567.3
0,0,2656.3,0,0,2405.1,3067.4,2424.5,0,1787.2,1710.3,2309.8,2467.3
0,0,2750.1,0,0,2390.7,3378.4,2304.4,0,1730.8,1862.5,2465.7,2395.1
0,0,2946.6,0,0,2492.5,3386.6,2390.3,0,1539.4,1794.7,2615.5,2287.8
0,0,3001.7,0,0,2769.3,3661.2,2548.6,0,1970.1,1777.9,2851.3,2379.1
0,0,3097.6,0,0,3023.6,3767.6,2690.2,0,1972.8,1847.5,2853.3,2360.2
0,0,3572.1,0,0,2796.7,3812.8,2704.4,0,2085.5,2008.6,2890.6,2519.7
0,0,3675.5,0,0,2572.7,3869.5,2635.2,0,2465.8,2004.5,2693.8,2948.5
0,0,3639.9,0,0,2307.7,3828.8,2944.9,0,2553.8,2298.6,3011.5,2856.2
0,0,3647.1,0,0,2566.4,3803.6,3013.3,0,2368.2,2465.8,3211.8,2788.1
0,0,3647.6,0,0,2783.4,3801.5,2894.3,0,2027.1,2784.3,3224.2,2765.4
0,0,3591.4,0,0,2991.8,3556.2,2931.2,0,1925.4,2822.6,3311.6,2749.2
0,0,3696.9,0,0,2789.9,3176,3227.9,0,1870.2,2683.8,3329.2,2805.1
0,0,3726.3,0,0,2481.5,3071.3,3088.5,0,1752.2,2897.9,3339.6,2726.5
0,0,4125.7,0,0,2306,3024,2887,0,1594,2946,3333.2,2607.7
0,0,3932.5,0,0,2127.9,2666.1,2689.4,0,1368.9,2783,3316.9,2383.4
0,0,3860.3,0,0,2076.9,2607.4,2452.2,0,1521.2,2765,3325.1,2530.8
0,0,3694.3,0,0,2078.9,2510.7,2606.3,0,1616,2736.5,3159.5,2640.7
0,0,3601.5,0,0,2236.1,2356.1,2366.5,0,1584.8,2740,2823.6,2554.4
0,0,3902.3,0,0,2372.9,2232.4,2174.2,0,1821.8,2510.4,2562.5,2627.6
0,0,3891.8,0,0,2273.8,2189.2,2011.1,0,2206.1,2360.7,2428.1,2824.9
0,0,3689.7,0,0,2142.6,2468,1908.1,0,2404.7,2163.5,2384.5,2758.9
0,0,3632.9,0,0,2165.6,2566.9,2050,0,2338.5,1937.6,2512.4,2725.3
0,0,3273.5,0,0,2166.5,2525.9,1816.1,0,1806.5,1972,2558.5,2518.3
0,0,3196.2,0,0,2299,2738.6,1823.4,0,1591.3,2630.4,2650.2,2504.9
0,0,3105.9,0,0,2300.1,2765.1,1811.1,0,1482.1,2774.3,2517.6,2718.4
0,0,3027.8,0,0,2294.6,2707.5,1927.8,0,1524,2604.8,2486.7,2781.2
0,0,2509.3,0,0,2283.9,3067.6,2112.8,0,1583.9,2492.9,2574.1,3023.7
0,0,2759.9,0,0,2290.4,3240.9,1963.8,0,2078.7,2478,2633.1,2682.3
0,0,2459.7,0,0,2309.8,2886.8,1978.3,0,2099.3,2316.7,2421.1,2574.5
0,0,2172.6,0,0,2313.4,2565.8,2309.5,0,2121.2,2101.4,2883.9,2499.9
0,0,2241,0,0,2200.8,2512.4,2341.2,0,2111.8,2069.2,3138.4,2554.4
0,0,2484.3,0,0,2236.5,2518.8,2365.4,0,2110.6,2001.4,2962.9,2553.4
0,0,2816.6,0,0,2200.2,2521.3,2425.9,0,2074.3,1969,3165.2,2550.6
0,0,2839.8,0,0,2252.2,2537.4,2532.1,0,1891,1975.2,2904.6,2517
0,0,3112.7,0,0,2278.6,2535.4,2514,0,1745.6,1990.1,2367.1,2498.7
0,0,2891.2,0,0,2141.9,2298.3,2510.4,0,1570.5,1830,2365.4,2337.2
0,0,2411.6,0,0,2140.9,2086.4,2563.2,0,1892.8,1803.2,2637,2265.8
0,0,2221.4,0,0,2073.9,1912.6,2438.4,0,2017.5,1876.6,2705.5,2325
0,0,2871.7,0,0,2058.2,1882.1,2636.9,0,2328.4,2114.8,2448.2,2377.4
0,0,3328,0,0,2058.5,1901.1,2429.2,0,2420.4,2485.9,2339.8,2779
0,0,3536.3,0,0,2182.3,1908.6,2272.9,0,2390.8,2764.5,2305.5,2881.9
0,0,3535.8,0,0,2403.9,1919.6,2211.4,0,2347.4,2972.2,2307.5,2683.8
0,0,3790.1,0,0,2216.2,2306,2367.3,0,2072.7,2867.3,2166.1,2618.2
0,0,3500.3,0,0,2335.9,2535.6,2395.5,0,1795.6,2657.8,2305.7,2389.3
0,0,3446.1,0,0,2199.7,2720.2,2409.6,0,1716.7,2809.4,2475.2,2306
0,0,3075.2,0,0,2190.1,2619.7,2405.1,0,1929.1,2987.1,2509,2238.6
0,0,3457.5,0,0,2182.5,2500,2405.1,0,2027.8,2962.7,2462.4,2479.6
0,0,3173.9,0,0,2191.4,2998.3,2359.5,0,2210.2,2984.7,2444.6,2752.3
0,0,3240.1,0,0,2222.8,2998.5,2189.3,0,2450.3,2959.6,2775,2757.9
0,0,3207,0,0,2268.4,2984.5,2060.1,0,2282.5,2925,2832.7,2737.5
0,0,2969,0,0,2142,2661.2,1853.6,0,2078.5,2701.9,2674,2510.8
0,0,3407.5,0,0,2221,2559.3,2194.2,0,2053.4,2762.1,2371.2,2301.6
0,0,2788.2,0,0,2062.7,2385.9,2353.9,0,2028.8,2685.1,2362.1,2262.1
0,0,3305.5,0,0,1909.5,2378.2,2363.6,0,2025.6,2646.2,2476.3,2300.2
0,0,2975.1,0,0,2104.3,2469.7,2378.7,0,1716.7,2942,2156.3,2299.7
0,0,3149,0,0,2145.2,2448.7,2388.1,0,1820.2,2977,2046.2,2085
0,0,2930.1,0,0,1901.1,2179.8,2390.7,0,1904.3,2852.2,2015.6,1915.1
0,0,2760.2,0,0,1738.8,2150.7,2543.5,0,2184.5,2804.1,2153.2,2184.1
0,0,2240,0,0,1568.1,1929.3,2613.7,0,2142.2,2817.2,2024.1,2128.1
0,0,2708.8,0,0,1712.1,1938.6,2757.7,0,2364.6,3036.6,2240.1,2054.2
0,0,2439.7,0,0,1786.7,1882.9,2830.4,0,2324.8,3015.1,2406.6,2067.6
0,0,2857.5,0,0,1829.6,1917.1,2646.7,0,2320.1,2904,2647.7,2072.3
0,0,2449.7,0,0,1937.8,2189.8,2609.8,0,2074.4,2706.2,2743.6,1513.3
0,0,2516.9,0,0,2029,2268.4,2548.6,0,1903,2494.1,2506.2,1056.5
0,0,1854,0,0,1999.8,2607.1,2415.5,0,1655.3,2901.6,2411.5,1492.5
0,0,1858.2,0,0,1710.1,2590.7,2348,0,1576.7,3128.2,2737.2,1613.5
0,0,1917.5,0,0,1972.9,2520.6,2289.1,0,1594.1,3157.5,2894.3,1460.8
0,0,1918.6,0,0,1931.1,2412.9,2250.3,0,1596,2910.2,3303,1654
0,0,1916.9,0,0,1914,2408,2150.8,0,1626,2871.1,3274,2309.7
0,0,1980.8,0,0,1827.1,2622,2100.4,0,1927,2780,3111.2,2681.8
0,0,2282.5,0,0,1752.5,2325.5,1896.4,0,1970.1,2563.1,3076.3,2279.1
0,0,2290.2,0,0,1609.6,2217.1,1865.7,0,2157.8,2656.4,2943.6,2255.9
0,0,2241.3,0,0,1680.5,2401.2,2035.2,0,2240.2,2807,3078.1,2546.1
0,0,2214.2,0,0,1597.4,2412.6,2089.2,0,2179.9,2902.8,2793,2430.2
0,0,2244.5,0,0,1534.4,2401.3,2099.1,0,2297.5,3008.1,2715.2,2120.5
0,0,2305.3,0,0,1320.5,2392.8,2106.8,0,2090.3,2985.3,2717.4,2542
0,0,2676.1,0,0,1507.8,2310.6,2092.4,0,2059.5,2834,2803.5,1789.9
0,0,2967.9,0,0,1654.1,1903.4,2073.6,0,2134.2,2793.9,2697.7,1884.6
0,0,3257.9,0,0,1766.8,1743.8,2210.5,0,2522.1,2762.7,2644.8,1760.2
0,0,3342.5,0,0,1931,1776.3,2349,0,2498.6,2741.5,2598,1553.5
0,0,3187.1,0,0,1929.7,1943.8,2262,0,2439,2731.8,2435.7,1436.4
0,0,3167.9,0,0,1935.1,1885.2,2558,0,2512,2724.5,2321.7,1655.9
0,0,3392.6,0,0,1928.9,2250,2565.9,0,2528.4,2599.6,2254,1709.2
0,0,2537.2,0,0,1873.6,2280.8,2560.3,0,2330.8,2592.7,2189.8,1573.7
0,0,2737.2,0,0,2051.3,2554,2541.8,0,2122.7,2897.9,1924.4,1530.2
0,0,2398,0,0,2319.6,2614.7,2527.5,0,2037.7,2913.2,1908.4,1538.9
0,0,2353.5,0,0,2271.9,2703.7,2445.8,0,1800.5,2664.9,1858.2,1524.8
0,0,2792.2,0,0,2133.5,2587.2,2451.7,0,1553.9,2753.8,1973.1,1570.3
0,0,2337.3,0,0,1989.6,2107.4,2176.8,0,1536.4,2781.1,2365,1815.9
0,0,2569.8,0,0,2086.3,2028.4,2048.8,0,1486.1,2569.8,2670.4,1771.8
0,0,2225.9,0,0,1698.6,2313.6,2031.5,0,1462.3,2535.3,2679.8,1918.2
0,0,2296.4,0,0,2089,2433.9,2051.4,0,1668.6,2509.1,2459.5,1973.5
0,0,2254.1,0,0,2084.1,2347,2066.3,0,1771.3,2262.1,2470.9,1966.9
0,0,2169.1,0,0,1919.3,2158.7,2040.1,0,1731.8,2068.2,2730.4,1959.2
0,0,2086.6,0,0,2258.7,2063.6,2039.6,0,1722.6,2154.5,2962.3,1956.2
0,0,2022.6,0,0,2373.2,1975.2,2301.7,0,1954.1,2118.4,3214.2,2004.6
0,0,2087.6,0,0,2425.8,2071,2272.9,0,2197.7,2126.3,3182,2205.4
0,0,2059.8,0,0,2215.3,1907.2,2260.8,0,2249.4,1980.3,2980.5,2208.1
0,0,2104.7,0,0,2398.7,1652.1,2240.1,0,2633.6,2162.1,2614.6,2349
0,0,1941.3,0,0,2319.6,1507.3,2398.5,0,2775.2,2122.2,2518.4,2479.5
0,0,1838.9,0,0,2395.2,1508.8,2593.5,0,2564.3,2092.7,2509.2,2344.9
0,0,1628.5,0,0,2687.1,2017.9,2612.5,0,2418.8,2101.1,2423,2157
0,0,1703.9,0,0,2492.1,2070.8,2621.7,0,2357.6,2095.8,2416.2,2127.5
0,0,1802.3,0,0,2463.8,2062,2759,0,2112.9,2016,2402.1,2005.4
0,0,1683.8,0,0,2470.2,2226.1,2740.8,0,1829.1,2057.1,2425.6,1797.3
0,0,1593.5,0,0,2280.1,2404.9,2891.9,0,1698.7,2177.9,2436.3,1703.4
0,0,1544.7,0,0,2506,2404.8,2887,0,1629.1,2452.8,2441.8,1706.2
0,0,1659.9,0,0,2445.8,2250.4,2771.6,0,1477.2,2403.4,2438.7,1891.4
0,0,2058.6,0,0,2437.3,2054.2,2617.2,0,1414.4,2339,2430.3,1987.1
0,0,2234.8,0,0,2258,2012.8,2434.1,0,1646.2,2466.1,2342.9,1982.6
0,0,2277.1,0,0,2184.7,2070.5,2364.1,0,1572.4,2524,2325,1963.3
0,0,2247.9,0,0,1868.9,2348.5,2320,0,1400,2231.6,2487.2,1959.5
0,0,2231.3,0,0,1994.1,2436.7,2285,0,1302.3,1871.6,2614.4,1878.6
0,0,2248.5,0,0,2398.2,2322.7,2227.1,0,2098.3,1665.9,2614.3,1752.8
0,0,2238.7,0,0,2220.6,2284.7,2074.8,0,2563,1793.6,2665.6,1667.5
0,0,2229.5,0,0,2275.1,2350.1,1848.5,0,2409.5,1794.7,3110.3,1600.4
0,0,2211.6,0,0,2174.5,2325.5,1925.3,0,2504.9,1793.2,3112.3,1589.6
0,0,2153.1,0,0,2258.6,2038.8,2034.9,0,2647.4,1659.6,3055.8,1577.2
0,0,2231.2,0,0,2244.7,1767.9,2012.6,0,3002.7,1592.6,3008.2,1734
0,0,2185.6,0,0,2461.3,1667.6,1850,0,3029.6,1551.6,2907.9,1856.7
0,0,2104.2,0,0,2577.9,1816.6,1825.8,0,2970.9,1544.8,2614.1,1907.6
0,0,2175.8,0,0,2119.4,1959.6,1947.3,0,3128.3,1541,2353.4,2105.6
0,0,2110.1,0,0,1847.1,2038.9,1953.2,0,3265.4,1528.3,2198.4,1993.1
0,0,1798.9,0,0,1669.8,2143.7,1902.9,0,3221,1836.6,2149.9,1913
0,0,1520,0,0,1667.1,2120.6,1904.8,0,2589.3,2049.8,2142.1,1860.3
0,0,1382.8,0,0,1771,2441,2089.2,0,2755.8,2257.1,2300,1954.3
0,0,1366.4,0,0,1889.5,2193.9,2019.1,0,2866.1,2187.3,2396.1,2086.8
0,0,1228.7,0,0,2057.5,2110.4,1973.7,0,2827.9,2158.8,2407.3,2108.2
0,0,1095.4,0,0,2086.7,2083.2,1904.3,0,2807.8,2439.5,2326.1,2388.2
0,0,1168.5,0,0,1923.2,2343,1827.1,0,2819.9,2555.2,2278.8,2299.5
0,0,1265.4,0,0,1870.3,2277.8,1678.3,0,2759,2474.5,2270.3,2147.5
0,0,1264.6,0,0,1849.9,2004.3,1693.2,0,2499.2,2397.5,2269.1,2101.2
0,0,1264.5,0,0,1904.7,1992.2,1928.1,0,2410.8,2202.7,2273.3,2038.4
0,0,1418,0,0,1880.2,2177.8,2061.4,0,2688.7,2018.8,2533.2,2022.1
0,0,1794.5,0,0,1840.9,2183.8,2243.7,0,2854,1902.7,2415.3,1812.8
0,0,1660.9,0,0,1872.9,2532.8,2247.2,0,2813.4,1735.5,2587.4,1743.3
0,0,1617.7,0,0,1934.7,2352.3,2315.4,0,2838.1,1728.8,2561.3,1598.8
0,0,1587.9,0,0,1961,2124.4,2372.3,0,2670,1767.6,2534.1,1630
0,0,1842.2,0,0,1892.6,1862.5,2373.4,0,2888.2,1760.9,2525.8,1792.7
0,0,2178.3,0,0,1742.4,1464.1,2285.9,0,2965.3,1657.1,2552,1587.5
0,0,2114.2,0,0,2242.7,1343.6,2220,0,2614,1568.9,2524.2,1311.2
0,0,2198.5,0,0,2218.9,1510.2,2084.9,0,2437.3,1487,2296.3,1231.8
0,0,2307,0,0,2326,1507.8,1986.9,0,2303.5,1270.5,2650.5,1227.2
0,0,2306.3,0,0,2324.1,1583,1956.5,0,2463.3,1259.3,2591,1291
0,0,2078.8,0,0,2165.8,1902.2,1987.6,0,2355.7,1236.1,2581.5,1411.4
0,0,1845.9,0,0,2057.3,2152.8,1551.2,0,2179,1321.4,2185.8,1515.4
0,0,1665.8,0,0,1501,2009.2,1432.8,0,2021.8,1336.7,1961.5,1440.5
0,0,1453.5,0,0,1378.3,1888.4,1344.1,0,1983.7,1411.9,1874.8,1349.6
0,0,1400.4,0,0,1610.2,1942.2,1387.6,0,2116.5,1633.4,1856,1423.3
0,0,1399.9,0,0,1612.9,2437.7,1419.8,0,2297.6,1787.9,1833.8,1691.8
0,0,1403.3,0,0,1445.6,2316.9,1418.2,0,2559.7,2003.9,1796.2,1788.8
0,0,1466,0,0,1575.4,1965.1,1325.6,0,2603.7,1952.3,1795.1,1954.7
0,0,1257.4,0,0,1751.2,1589.1,1502.4,0,2819.5,1890,2055.1,1972.5
0,0,1460.8,0,0,1817.7,1539.1,1740.4,0,2659.4,2057.3,2116.6,1741.9
0,0,1430.9,0,0,2032,1987.7,1732.3,0,2485.2,2028.3,2112.1,1694.8
0,0,1166.5,0,0,2524.7,2061.4,1693.1,0,2783.4,2054.3,2423.5,1558.9
0,0,1139.6,0,0,2507.9,1866.4,1986.3,0,2888.6,2057.9,2855.2,1367.8
0,0,1251.1,0,0,2276,1836.3,2043.2,0,2875.7,2119.8,2973.9,1088.9
0,0,1470.2,0,0,2196.9,1850.7,1961,0,2815.5,2291.2,2927.4,1061.3
0,0,2122.9,0,0,2099.6,1959.3,1864.1,0,3142.9,2053,2861.7,1013.9
0,0,2216.4,0,0,1732.5,1677.4,1861.8,0,3176.7,2013.2,2879.9,995.7
0,0,2195.7,0,0,2048.9,1864.4,1822.3,0,3188.5,1963.8,2803.1,1150.2
0,0,2073.5,0,0,2119.6,1817.9,1764.7,0,2967.3,2116.5,2686.5,1109.7
0,0,2226.8,0,0,2141.2,1817.6,1932.2,0,2740.8,1949.3,2382.8,1002.6
0,0,2210.6,0,0,2028,1977.6,1921.9,0,2631,1890.3,2317.6,1131.5
0,0,2209.5,0,0,2158.8,2020,1925.8,0,2696.1,1885.8,2306.4,1177.5
0,0,1939.5,0,0,2351.4,2109.5,1927.6,0,2543.2,2081.2,2329.1,1287.2
0,0,1735.5,0,0,2151.5,1844.5,1973.8,0,2252.1,2000.7,2122.4,1509.3
0,0,1609,0,0,2099.1,1731.8,1912,0,2073.5,2007.7,2002,1512.8
0,0,1415.9,0,0,1942.3,1646.5,1975.7,0,2043.4,2067,1968.9,1407.1
0,0,1328.6,0,0,1972.2,1839.4,2105.4,0,1772.1,2252.8,1977,1080.2
0,0,1099,0,0,1870.5,1836.2,2172.7,0,1738.1,2390.6,2301.1,1110.2
0,0,1102.8,0,0,1835.3,1655.7,2221.6,0,1720.9,2356.9,2145.3,1272.6
0,0,1018.7,0,0,1844.4,1564.3,2114.8,0,1839.9,2330.5,2130.2,1271.2
0,0,898.3,0,0,1843.8,1907.7,2030.6,0,1943.7,2219.5,1940.1,1243
0,0,855.5,0,0,2208.1,1927.2,1926.8,0,1706.7,2195.9,1839.6,1498.7
0,0,1047,0,0,2420.5,2066.4,2166.3,0,1795.4,2407.5,2036.5,1516.2
0,0,1482.8,0,0,2523.2,1953.7,2182.5,0,1995,2507.7,2142.5,1469.6
0,0,1529.2,0,0,2369.3,1833.4,1942.5,0,2364.4,2492.6,2645.9,1451.1
0,0,1830,0,0,2348.5,1790.6,1794.4,0,2734.7,2487.3,2778.2,1403.4
0,0,2090.6,0,0,2301.1,1587.5,1689,0,2832.8,2525,2791.2,1306.7
0,0,2451.6,0,0,2044.5,1683,1657.5,0,2813.6,2529,2789.4,1233.6
0,0,2449.7,0,0,2063.8,1568.9,1658.3,0,3097.7,2455.8,2661,1305.4
0,0,2383.3,0,0,2263.1,1527.6,1621.8,0,2931.3,2409.6,2572.5,1460
0,0,2171.6,0,0,2142,1553,1680.5,0,2947.6,2409.3,2484.7,1495
0,0,1894.5,0,0,2243.8,1964.9,1816.6,0,3052.1,2435.8,2235.9,1499.4
0,0,1785.2,0,0,2375,2237.1,1546.7,0,2654.2,2662.8,2079.4,1708
0,0,1784.6,0,0,2373.5,1974.7,1540.4,0,2574.9,2697.9,1988.2,1724.6
0,0,2214.3,0,0,2257.7,1905.1,1469.5,0,3101.6,2714.1,1984.7,1856.2
0,0,2290.9,0,0,2113.7,1866.7,1430.7,0,2930.8,2646,1981.6,1950.5
0,0,2282.7,0,0,2062.4,1872,1467.4,0,2865.2,2525.7,1967.6,1984
0,0,2133,0,0,2449.8,1985.6,1559.7,0,2690.4,2716.4,1948.9,1981.3
0,0,1814.4,0,0,2609.5,2012.1,1555.4,0,2638.5,2623,1983,1978.5
0,0,1843.6,0,0,2565.1,1886,1580.6,0,2776.4,2590.6,2023.9,2096.1
0,0,1520.4,0,0,2232.6,2098.9,1619.5,0,2558.4,2363.5,1811.6,2096.6
0,0,2026.1,0,0,2371.4,2278.4,1586.3,0,2966.4,2131.6,1743.5,2061.2
0,0,1615,0,0,2255.5,2258.1,1576.8,0,2503.6,1778,1801.8,2375.8
0,0,1969.6,0,0,2194.6,2238.2,1593.2,0,2850.8,1766,2007.7,2319.6
0,0,1802.6,0,0,2146.6,2284,1494,0,2350.5,1588.2,1880.4,1987.8
0,0,1636.4,0,0,1982.2,2421,1333.5,0,2056.7,1473.7,1779.4,1828.5
0,0,1888.4,0,0,1832.9,2009.1,1426.9,0,2287.3,1564,2192.5,1541.3
0,0,1549.8,0,0,1766.8,2460.8,1408.5,0,1817.5,1723.4,2313.2,1428.6
0,0,1981,0,0,1734.2,2633.9,1320.7,0,2248.2,1639.9,2344.6,1102.3
0,0,1443.1,0,0,1726.5,2433,1239.1,0,1829,1659,2164.4,1064.1
0,0,1755.6,0,0,1671.8,2280.3,1371.9,0,2347.8,1781.6,2294.1,1042.6
0,0,1775.9,0,0,1687.8,2028.8,1423.7,0,2407.7,1779.8,2478.1,1016.6
0,0,2022.2,0,0,2076,1936.5,1444.6,0,2555.8,1979.4,2739.8,992.3
0,0,2067.7,0,0,2087,2005.6,1360.7,0,2328.3,2095.1,2611.3,989.3
0,0,1777.3,0,0,2158.9,1807.7,1267.4,0,2102.7,2092.1,2193.4,963.2
0,0,1852.4,0,0,2626.8,1712,1371.2,0,2776.6,1917.5,2192.6,951.8
0,0,1316.6,0,0,2459.6,1741.9,1449.2,0,2399.9,1891.1,2269.1,1068.5
0,0,1782,0,0,1948,1770,1455.1,0,2875.5,1904.2,2259.6,1166.2
0,0,1209.7,0,0,1950.2,1632.3,1303.5,0,2485.4,2043.6,2171.3,955.1
0,0,1513.8,0,0,1965.9,2011,1298.9,0,2772.9,2133.2,2170.9,903.5
0,0,1606.8,0,0,1966.3,1738.4,1366.9,0,2584.8,1981.9,2145,785.9
0,0,1498.9,0,0,2043.8,1313.2,1362.2,0,2437.8,1954.7,2000.8,862.6
0,0,1538.8,0,0,2334.1,1256.6,1361.9,0,2410.3,1780.9,1990.7,1519.2
0,0,1637.4,0,0,2106.2,1491.1,1210.3,0,2500.3,1711.5,2096.2,1504.2
0,0,1895.9,0,0,2071.6,1716.9,1456.2,0,2775.8,1672.4,2244.5,1406.7
0,0,1664.1,0,0,2183.4,1679.4,1661.6,0,2472.9,1421.5,2295.9,1311.8
0,0,1967.7,0,0,2046.9,1415.2,1573.5,0,2705.7,1364.3,2253.8,1259.1
0,0,1548.2,0,0,1937.3,1344.4,1510.8,0,2201.9,1316.4,2105.9,1280.9
0,0,1987.5,0,0,1488.3,1893,1482.4,0,2714.2,1282,2158.1,1010.9
0,0,1472.6,0,0,1296.9,1905.9,1477.7,0,2337.5,1248.9,2370.8,933.4
0,0,2366.3,0,0,1213,2227.5,1478.6,0,2569,1385.9,2207.9,807
0,0,2363.9,0,0,1152.5,2276.2,1481.4,0,2525.4,1364.6,2112.6,751.9
0,0,2148.3,0,0,1106.7,2089.2,1288.9,0,2367.4,1351.5,2008.3,929.5
0,0,2736,0,0,1131.4,1761.7,1088.3,0,2641.2,1400.7,1853,929.5
0,0,2514.2,0,0,1222.5,1819.6,1219.5,0,2126,1795.6,1857.6,970.3
0,0,2402.6,0,0,1449.4,2063.3,1178.9,0,2062.7,1898.7,1829.6,1008.9
0,0,2164.4,0,0,1816.6,2059.1,1388.2,0,2113.8,1986.7,1643,1018.8
0,0,1984.2,0,0,1952.6,2044,1490.8,0,2093.3,1835.4,1767.5,1016.6
0,0,1837.6,0,0,1957.6,2035.2,1537.5,0,1870.7,1655.7,1706.6,1036.7
0,0,1754.9,0,0,2225,2024.1,1569.5,0,1813.3,1554.4,1746.3,1057.2
0,0,1540.8,0,0,2369.2,2188.2,1463.9,0,1773.5,1541.8,1794.8,1014.1
0,0,1447.4,0,0,2546.1,2336.6,1365.8,0,1773.8,1819.1,1792.7,996.8
0,0,1363,0,0,2750.1,2008.6,1318.8,0,1791.8,1660.3,1782.9,1176.1
0,0,1168.9,0,0,2520,1620.3,1333,0,1716.2,1842.1,1899.1,1393.7
0,0,1129.7,0,0,2418.9,1493,1511.3,0,1994,1714.2,2258.5,1509.1
0,0,1099.9,0,0,2336.8,1448.1,1581.3,0,2587.1,1680.9,2283.2,1760.3
0,0,1207.2,0,0,2151.3,1802.9,1442.5,0,2915.5,1679,2240.7,1822.8
0,0,1205,0,0,2058.6,1582,1359.3,0,2886.9,1534.5,2230.9,1883.7
0,0,1067.2,0,0,1828.5,1815.9,1586.8,0,2856.1,1428.4,2104.5,1931.1
0,0,1333.3,0,0,1627.7,1997.3,1742.8,0,2850.4,1293,1964.8,1834.1
0,0,1317.1,0,0,1299.2,2215.9,1955.2,0,2840.2,1125,1780.4,1723.9
0,0,1308.9,0,0,1154.1,2208.3,1961.2,0,2769,1074.2,2022.9,1545.1
0,0,1232.5,0,0,1198.3,2017.8,1962.1,0,2444.2,1060.8,2167.8,1348.7
0,0,1310,0,0,1154.5,1880.9,1951.7,0,2135,1053.6,2266.7,1300.5
0,0,1505.3,0,0,1205.8,1412.3,2023.9,0,2163.2,1134.2,2346.3,1283.1
0,0,2158.9,0,0,1016.3,1240,2039.6,0,2401.7,1153,2247.7,961
0,0,2166.7,0,0,951.3,1145.2,1934.2,0,2214.2,1147,2194.5,856.5
0,0,2169.8,0,0,908.9,1336.1,1913.9,0,2000.2,1144.4,2178.6,778
0,0,2170.3,0,0,923.9,1393.8,1874.7,0,2003.7,1146.5,2046.4,772.1
0,0,2083.7,0,0,934.4,1517.5,1892.2,0,1943.8,1308.8,1904.1,769.7
0,0,1958.8,0,0,982.8,1657.7,1996.5,0,1865.5,1452,1847.7,874.8
0,0,1498.6,0,0,1379,1737.2,1603.3,0,1746.5,1444.7,1588.6,991.3
0,0,1466,0,0,1651.9,2020.4,1567.3,0,1598,1751.1,1536.5,987.4
0,0,1301.2,0,0,2260.2,1976.9,1493.2,0,1303.7,1787.6,1481.6,986
0,0,1087.6,0,0,2446.7,1657.9,1425.6,0,1204.6,1737.4,1540.8,980.3
0,0,1192.4,0,0,2577.6,1593.4,1054.5,0,1155,1726.3,1771.6,1576.1
0,0,1355.8,0,0,2578.2,1590.1,979.1,0,1154.3,1730,1804.7,1981.9
0,0,1355.5,0,0,2575.2,1822.7,881.2,0,1223.2,1809.1,1992.2,1987.1
0,0,1340.3,0,0,2464,1768.3,752.9,0,1763.6,1694.9,1988.1,1985.1
0,0,1423,0,0,2016.8,1735.2,819.4,0,2206.2,1634.2,2041.5,1985
0,0,1493,0,0,1658,1619.3,932,0,2125.9,1730.4,2005.9,2020.8
0,0,1256.2,0,0,1354.5,1621.5,925.6,0,1928.4,1522.2,1661,1973.5
0,0,1049.7,0,0,1229.5,1881.4,932.9,0,2001.6,1430.3,1775.6,1890.3
0,0,971.3,0,0,1505.5,1654.6,1102.5,0,2237.4,1313.3,1970.2,1885.8
0,0,925.8,0,0,1760.3,1295.9,1263.7,0,2452.9,1178.5,1891.4,2290.1
0,0,1234.1,0,0,1587.6,1174.7,1539,0,2418.5,1148.1,1820.6,2270.8
0,0,1311.6,0,0,1472.2,969.2,1517.9,0,2355.9,1023,1536.2,2266.9
0,0,1545.5,0,0,1407.9,865.1,1430.7,0,2263.7,955.9,1605.6,2123.9
0,0,1600,0,0,1249.7,919.4,1439.3,0,2033.5,896.7,1656.6,1783.8
0,0,1495.3,0,0,1180.1,1283.7,1429.6,0,1740.6,894.7,1786.9,1552.3
0,0,1413.1,0,0,1171.6,1565,1444.3,0,1832,901.8,1474.7,1502.1
0,0,1503.2,0,0,1405.7,1639.1,1469.5,0,1762.1,1029.3,1325.2,1489.3
0,0,1735.2,0,0,1652.3,1640.2,1734,0,1675.6,1133.1,1347.8,1480
0,0,1909.7,0,0,1860.3,1905.8,1629.9,0,1817.8,1277.6,1430.4,1463
0,0,1475.9,0,0,2187.3,1819.9,1711.7,0,1881.5,1424,1432,1376
0,0,1194.2,0,0,2476.1,1790.5,1584.6,0,1742,1416.6,1691.8,1389.7
0,0,1057.7,0,0,2583.2,1554,1507.4,0,1653.5,1414.7,1692.1,1388.1
0,0,1014.9,0,0,2542.4,1494.1,1503.1,0,1598.5,1414.2,1936.9,1635.3
0,0,1023.9,0,0,2527.7,1894.6,1426.4,0,1651,1663.3,1921.3,1979.6
0,0,980.5,0,0,2277.5,2171,1177.9,0,1661,1736.7,1721.3,1957.3
0,0,855.3,0,0,1832.7,1824.8,1044.2,0,2107.3,1753.4,1805.3,1911.9
0,0,809.1,0,0,1322.2,1735.6,892.9,0,2135.1,1727.6,1692.8,1907.4
0,0,671.8,0,0,1077.2,1568,755.4,0,1909.5,1537.7,1675.2,1821.4
0,0,818,0,0,1048.8,1593.3,756.5,0,1944.5,1436.4,1461,1692.2
0,0,766.5,0,0,922.1,1676,939.5,0,1871.2,1404.6,1764.9,1458.2
0,0,960.4,0,0,856.4,1429.3,937.3,0,1870.2,1393.1,1718.3,1425.1
0,0,1043.2,0,0,1121.4,1332.8,990.8,0,1866.4,1401.1,1683.9,1367.7
0,0,1260.5,0,0,1453.8,1317.2,966.1,0,1642.5,1409,1816.3,1368.1
0,0,1867,0,0,1465.3,1085.3,1232.6,0,1461.3,1284.5,1850.2,1376.7
0,0,1791.4,0,0,1435.6,1056.1,1438.2,0,1551.5,1388.3,1977.8,1411.4
0,0,1788.8,0,0,1165.6,1068.1,1437.6,0,1550.1,1495.6,1802.4,1544.2
0,0,1790.2,0,0,1323.1,1256.7,1526.6,0,1684.6,1468,1641.8,1606.5
0,0,1794.3,0,0,1372.7,1343.4,1500.5,0,1646.1,1281.3,1575,1532.5
0,0,1803,0,0,1026.3,1484.4,1519.7,0,1537.4,1281.1,1570.2,1346.9
0,0,1783.3,0,0,1242.2,1663.8,1598.8,0,1743.4,1614,1499,1317.8
0,0,1763.5,0,0,1690.1,1866.8,1554,0,1875.5,1554.3,1349.6,1268.7
0,0,1240.7,0,0,1809.4,1863.5,1406.4,0,1648.5,1553.7,1267.7,1291.5
0,0,1116.9,0,0,1955.7,1767.8,1393.8,0,1493.3,1553.6,1199.1,1266.1
0,0,1131.8,0,0,1999.4,1768.3,1299,0,1428.8,1627,1258.3,1136.2
0,0,1261.2,0,0,1996.1,2318.5,1093.2,0,1284.3,1785.7,1298.2,1121.9
0,0,1259.7,0,0,1995.3,2228.2,898,0,1158,2019.7,1215,1371.5
