0,0,-11.6,0,0,-9.4,-9.2,-15.6,0,-8.8,-12.2,-14.2,-14
0,0,-11.2,0,0,-9.2,-9,-16,0,-8.8,-10.2,-14.2,-14.6
0,0,-11.4,0,0,-6.8,-8.2,-16.6,0,-10,-10,-14,-15.2
0,0,-11.6,0,0,-7,-5.4,-16.8,0,-10.4,-9.4,-13,-15.2
0,0,-10.6,0,0,-7.4,-5,-16.6,0,-11,-10.6,-13,-15
0,0,-10.2,0,0,-8,-4.8,-16.2,0,-10.6,-11.2,-13.4,-15
0,0,-10,0,0,-9.4,-5.2,-17,0,-8.4,-11.6,-13.6,-12.8
0,0,-8.8,0,0,-10.2,-5.4,-17,0,-8,-11.8,-14.2,-12.4
0,0,-8.2,0,0,-10.2,-5.4,-16.4,0,-8.2,-11.8,-14,-12.4
0,0,-7.6,0,0,-8.2,-7.2,-16.4,0,-7.8,-12.6,-14,-12.6
0,0,-7.4,0,0,-7.6,-8,-16.2,0,-7.4,-13,-13,-12.6
0,0,-9,0,0,-8,-10.2,-15,0,-7.4,-14,-12.2,-11.8
0,0,-7.8,0,0,-7.8,-10.6,-15.2,0,-8.4,-14,-12,-10.8
0,0,-8.6,0,0,-8.8,-11.2,-15.2,0,-8.2,-14,-11.8,-10.6
0,0,-9.2,0,0,-9.2,-12,-15.2,0,-9,-14,-12,-11.4
0,0,-10.2,0,0,-10,-12.2,-15.2,0,-9.4,-14.2,-12.4,-11.6
0,0,-10.2,0,0,-8.6,-12.6,-15,0,-8,-14,-13,-11.8
0,0,-10.4,0,0,-8.4,-12.8,-15,0,-8,-14,-13,-12.2
0,0,-10.2,0,0,-8.6,-12.4,-15.4,0,-7.8,-14,-13,-13.2
0,0,-10.4,0,0,-8.6,-9.2,-15.4,0,-8.6,-14.2,-13,-14.2
0,0,-9.8,0,0,-8.8,-7.6,-15.6,0,-8.6,-13.6,-11.2,-14.2
0,0,-10.4,0,0,-8.6,-7.4,-16.6,0,-8.8,-12.4,-11.4,-11.8
0,0,-10.4,0,0,-8,-7,-16.6,0,-8.8,-12.2,-12.6,-11.6
0,0,-10.4,0,0,-9,-6.8,-16.2,0,-9.8,-12.4,-13.2,-11.8
0,0,-10,0,0,-9.8,-5.6,-16,0,-10.2,-12,-13,-13
0,0,-10.2,0,0,-8.6,-5.2,-16,0,-10.6,-12,-13.4,-13.6
0,0,-11,0,0,-8.8,-6.6,-16,0,-10.6,-12,-13.8,-15.4
0,0,-11,0,0,-9.6,-7.2,-16.4,0,-11,-12,-14.4,-15.4
0,0,-9.6,0,0,-10,-7.8,-16.4,0,-11.2,-12,-14,-15.2
0,0,-9.6,0,0,-11,-8.6,-16.2,0,-11.4,-12.6,-14,-15.2
0,0,-8.6,0,0,-10.6,-8.8,-16.2,0,-11.4,-13.2,-13.8,-15.2
0,0,-8.2,0,0,-9.2,-10,-15.8,0,-11.4,-14,-13.8,-15.4
0,0,-8,0,0,-7.8,-10.8,-15,0,-10.4,-13.8,-14,-15.6
0,0,-8,0,0,-7.6,-11,-15,0,-10,-13.6,-13.8,-15.6
0,0,-8,0,0,-7.6,-11,-15,0,-10,-13.8,-13,-15.6
0,0,-8.8,0,0,-8.6,-11.4,-15.2,0,-9.8,-14.2,-12.8,-14
0,0,-9,0,0,-9.4,-11.2,-15,0,-9.8,-13.6,-13.4,-12.6
0,0,-9.8,0,0,-10.6,-10.8,-15.2,0,-9.6,-14,-13.6,-12.2
0,0,-9.8,0,0,-10.2,-10.8,-15.2,0,-7.8,-13.6,-13.2,-10.6
0,0,-10.4,0,0,-9.2,-11,-15,0,-7,-11.4,-13.8,-9.6
0,0,-10.4,0,0,-9.4,-10.8,-15,0,-7,-11.4,-12,-10.2
0,0,-10,0,0,-9,-10.2,-15.2,0,-7.2,-11,-11.4,-11
0,0,-10.2,0,0,-9.8,-9.4,-15,0,-7.2,-12.8,-11.8,-11.6
0,0,-10,0,0,-9,-8.6,-15.8,0,-6.8,-13.6,-11.2,-11.8
0,0,-10.2,0,0,-9.6,-6,-16.2,0,-7.4,-12.2,-10.8,-11.8
0,0,-11,0,0,-9.6,-5.8,-16,0,-8.8,-10.4,-11.6,-12.8
0,0,-10.8,0,0,-9.8,-6.6,-16,0,-9.4,-10.4,-12.4,-13.4
0,0,-10.6,0,0,-9.8,-7.8,-16,0,-10.4,-11.4,-12.8,-14.4
0,0,-11.2,0,0,-10.4,-8.8,-16,0,-10.4,-12,-13,-14.4
0,0,-11.2,0,0,-8.2,-9.4,-16.2,0,-10.6,-12.6,-13,-15.4
0,0,-10.2,0,0,-8.8,-9,-16.4,0,-10.6,-12.4,-13.2,-15.6
0,0,-9.6,0,0,-8.8,-9,-16,0,-10.6,-12.4,-13.8,-15.6
0,0,-9.6,0,0,-9.6,-9,-16,0,-10.6,-12,-13.8,-15.6
0,0,-9.6,0,0,-8.6,-9,-16.2,0,-9.2,-12,-13.8,-15.2
0,0,-9.2,0,0,-7.4,-10,-15.8,0,-9.2,-12.6,-14,-13
0,0,-9,0,0,-7.8,-10.2,-15.4,0,-9.2,-13.2,-14.6,-12.8
0,0,-7.6,0,0,-7.8,-8.4,-15.6,0,-9,-13.4,-14.4,-12.4
0,0,-7.8,0,0,-8.4,-8.2,-15.6,0,-9.2,-13.4,77.4,-12.2
0,0,-8,0,0,-9.2,-8.6,-15.4,0,-9.4,-13.6,-12.8,-13
0,0,-8.6,0,0,-10,-8.8,-15.6,0,-9.2,-13.6,-13,-13
0,0,-8.8,0,0,-10.4,-8.6,-15.6,0,-9.2,-14.2,-11.2,-11
0,0,-9.4,0,0,-8.2,-7.4,-15.6,0,-9.8,-14.4,-11,-11.6
0,0,-9.4,0,0,-8.8,-8,-15.4,0,-10.4,-14.2,-10.6,-12.2
0,0,-9.6,0,0,-8.8,-8.8,-15.4,0,-10.6,-14.2,-10.6,-13
0,0,-10,0,0,-9,-8.6,-15.8,0,-10.6,-14.2,-10.2,-13.2
0,0,-10,0,0,-9.8,-8.4,-15.6,0,-11,-14,-10.2,-13.8
0,0,-9.6,0,0,-9.8,-9,-16.2,0,-11,-14.2,-11.2,-14
0,0,-9.4,0,0,-10.4,-9.4,-16.6,0,-10.8,-14,-11.6,-14
0,0,-9.8,0,0,-10.2,-9,-16.6,0,-11.4,-13.8,-12.4,-14.6
0,0,-10.8,0,0,-10.4,-8.6,-16.4,0,-11,-13.2,-13,-15
0,0,-10.2,0,0,-11,-8.6,-16.2,0,-11.2,-12.4,-12.6,-15.2
0,0,-10.6,0,0,-10,-8.6,-16,0,-11.2,-12.6,-12.4,-15.6
0,0,-11,0,0,-8.8,-9,-16,0,-10.6,-12.8,-13.4,-16.2
0,0,-10.8,0,0,-9.2,-9,-16.2,0,-10.2,-12.8,-14,-16.2
0,0,-9.6,0,0,-9.2,-9.4,-16.2,0,-9.4,-12.8,-14.6,-16
0,0,-9.6,0,0,-8.8,-10.8,-16.2,0,-9.2,-12.8,-15,-16
0,0,-9.6,0,0,-6.2,-11,-17,0,-9,-13,-14.8,-15.8
0,0,-9.2,0,0,-7.4,-11,-15.4,0,-9.2,-12.8,-14.4,-16
0,0,-9.6,0,0,-7.8,-11.6,-15.2,0,-9.4,-13.6,-14.2,-16
0,0,-9.8,0,0,-8.2,-12.2,-14.8,0,-9.4,-14,-14.4,-15.2
0,0,-8.4,0,0,-9.4,-12,-14.8,0,-10,-14,-12.4,-15
0,0,-8.8,0,0,-10,-11.2,-14.4,0,-8.8,-14.2,-11.8,-15
0,0,-8.6,0,0,-10.6,-10.2,-14.4,0,-8.4,-14,-11.6,-15
0,0,-9.4,0,0,-10,-9.4,-14.4,0,-8.4,-13.8,-10.8,-14.8
0,0,-9.6,0,0,-8.8,-9.2,-14.6,0,-8.4,-13.4,-10.8,-14
0,0,-9.6,0,0,-8.8,-8.2,-14.8,0,-8.2,-13.8,-10.8,-13
0,0,-9.4,0,0,-9.2,-6.2,-15,0,-8.2,-12.2,-11.6,-13
0,0,-9.4,0,0,-10.4,-5.4,-15.6,0,-9,-11.8,-11.4,-13
0,0,-9.2,0,0,-10.4,-5.4,-16,0,-9.4,-11.8,-11.8,-12.8
0,0,-9.4,0,0,-10.6,-6.4,-15.8,0,-10,-12.6,-11.8,-13
0,0,-9.2,0,0,-10.6,-7.6,-15.6,0,-10,-13.2,-11.8,-13.4
0,0,-9.2,0,0,-10.8,-6.4,-15.8,0,-10.2,-14.2,-12.8,-13.8
0,0,-10,0,0,-11.2,-6.4,-16,0,-10.2,-14.2,-12.4,-14
0,0,-9.6,0,0,-11.4,-6.8,-16,0,-9.8,-14,-12.4,-14.2
0,0,-10,0,0,-10.6,-7,-15.8,0,-9.4,-12.4,-12.4,-14
0,0,-10.2,0,0,-9.6,-8,-15.6,0,-9.2,-12.4,-12.6,-12.2
0,0,-9.8,0,0,-9,-8.4,-16,0,-9.4,-12.2,-12.8,-12.2
0,0,-9.2,0,0,-8.2,-10,-15.8,0,-9.8,-12.6,-13,-12.8
0,0,-9,0,0,-6,-10.4,-16,0,-9.8,-10.8,-13.6,-13.6
0,0,-9.4,0,0,-6.2,-11,-15.2,0,-10,-10.2,-13.8,-14.6
0,0,-9,0,0,-6.8,-11.4,-14.6,0,-10.4,-9.8,-13,-14.8
0,0,-8.8,0,0,-7,-10.6,-14.8,0,-10.8,-10.8,-12.6,-13.2
0,0,-9,0,0,-8.2,-9.4,-15,0,-10.2,-11.8,-12,-13.4
0,0,-8,0,0,-8.6,-9.2,-15,0,-9.4,-13.2,-11.4,-13.6
0,0,-8,0,0,-9.4,-9.2,-14.8,0,-9.4,-13.6,-11.2,-13.2
0,0,-8.4,0,0,-10,-9.2,-15,0,-8.4,-14,-11.4,-13.2
0,0,-9.2,0,0,-8,-9.2,-14.8,0,-6.8,-13.6,-11.6,-10.8
0,0,-8.8,0,0,-8.6,-9.8,-15,0,-6.2,-13.6,-12,-11.4
0,0,-9,0,0,-8.6,-9.8,-15.4,0,-7,-14.2,-12.2,-11
0,0,-9.4,0,0,-8.8,-10.2,-16.2,0,-7.4,-14,-12.2,-11.4
0,0,-9.4,0,0,-10,-10,-16.2,0,-7.6,-14.2,-12,-10.4
0,0,-9.2,0,0,-10.6,-10.2,-16.2,0,-8.2,-14,-11.6,-11
0,0,-9.4,0,0,-10,-10.4,-16,0,-8.8,-14,-12.2,-12
0,0,-9.4,0,0,-9.6,-10.4,-15.8,0,-10,-14,-12.4,-13.2
0,0,-10.4,0,0,-9.8,-10.6,-16,0,-9.6,-14,-12.4,-13.8
0,0,-10.4,0,0,-10.2,-9.8,-16.2,0,-8.4,-13.4,-13,-14
0,0,-10.4,0,0,-10.4,-9.2,-16.4,0,-8.4,-12.4,-12.8,-15.2
0,0,-10.6,0,0,-8.6,-9.4,-16.2,0,-8.4,-12.6,-12.4,-15.6
0,0,-10.4,0,0,-7.4,-9.4,-16.4,0,-8.2,-12.6,-12.2,-15.4
0,0,-9.8,0,0,-7.6,-9.4,-17,0,-8.4,-12.6,-13,-15.4
0,0,-9.4,0,0,-6.2,-9,-17.2,0,-9.4,-12.6,-12,-15.2
0,0,-9.4,0,0,-6.6,-8.6,-15.8,0,-10,-13.2,-11.8,-14.6
0,0,-9,0,0,-7.2,-7.4,-15.6,0,-10.6,-13.2,-12.4,-13.6
0,0,-9,0,0,-7.8,-7.4,-15.6,0,-10,-13,-12.4,-13.2
0,0,-9,0,0,-8.8,-7.4,-15.6,0,-9.2,-13.8,-12,-13.2
0,0,-9.2,0,0,-9.8,-7.2,-15.8,0,-9,-13.8,-10.8,-13.2
0,0,-9.4,0,0,-10.4,-6.2,-15.4,0,-9.6,-14,-11,-14
0,0,-10.2,0,0,-11.2,-6.8,-15.8,0,-9.4,-14,-11.4,-14.4
0,0,-10,0,0,-9.4,-6.8,-16.2,0,-10.2,-14,-12.4,-13.8
0,0,-10,0,0,-8.8,-7.2,-16,0,-9.8,-14.2,-12.2,-13.8
0,0,-9.8,0,0,-8.6,-7,-15.8,0,-10.2,-14.2,-12,-13.4
0,0,-9.6,0,0,-8.8,-8.2,-15.8,0,-10.2,-13.8,-12,-13.4
0,0,-9.2,0,0,-9.4,-9.2,-16,0,-10.2,-14,-11.8,-13.6
0,0,-9.2,0,0,-10,-9.8,-16.2,0,-10.4,-14,-12.2,-13.2
0,0,-9,0,0,-9.2,-10,-17.2,0,-10.6,-14,-13,-13.6
0,0,-9.4,0,0,-9.4,-9.8,-16.8,0,-9.2,-14.2,-12.8,-13.4
0,0,-9.4,0,0,-9.4,-9.8,-17.4,0,-9.6,-14,-12.8,-12.4
0,0,-9.4,0,0,-9.6,-8.8,-16.4,0,-9.8,-13.4,-12.6,-12.8
0,0,-9.6,0,0,-10,-9.2,-16.4,0,-9.6,-12.6,-12.8,-13.2
0,0,-9.6,0,0,-8.8,-9.2,-16.4,0,-7.6,-12.4,-13.6,-11.4
0,0,-10,0,0,-6.8,-9,-16.6,0,-7.2,-12.8,-13.2,-11
0,0,-10.6,0,0,-6.8,-9,-16.4,0,-8.4,-12.8,-12.4,-12
0,0,-9.8,0,0,-5.2,-8.4,-16.2,0,-8.2,-12.6,-12.4,-12.4
0,0,-8.8,0,0,-4.8,-7.2,-16.2,0,-6.6,-12.6,-12.4,-11.6
0,0,-8.4,0,0,-5.6,-7,-16.2,0,-5.8,-12.2,-13.2,-11.2
0,0,-8.6,0,0,-6.8,-7.6,-15.6,0,-6.8,-12.6,-13,-12.2
0,0,-8.6,0,0,-8.4,-8,-15.8,0,-7.6,-12.2,-13,-13
0,0,-8.4,0,0,-9.6,-8.8,-15.4,0,-7.8,-12.4,-13,-14
0,0,-9.2,0,0,-10.8,-10,-15.4,0,-8.4,-13,-13.2,-14.6
0,0,-9.2,0,0,-10.6,-10.6,-15.4,0,-8.8,-12.8,-12.8,-15.2
0,0,-9.6,0,0,-9.6,-10,-15.6,0,-10,-12.6,-12.4,-14
0,0,-10.2,0,0,-8.4,-10.2,-15.8,0,-10,-12.4,-12.2,-14.2
0,0,-11,0,0,-8.6,-10,-15.8,0,-10.6,-13,-11.8,-14.2
0,0,-10.6,0,0,-8.4,-10,-15.6,0,-10.8,-13.2,-11.4,-14
0,0,-9.6,0,0,-9.2,-10.4,-15.6,0,-10.6,-13.2,-11.2,-12.6
0,0,-9,0,0,-10,-10.8,-15.6,0,-10.2,-13.2,-11.6,-12.2
0,0,-8.8,0,0,-10.6,-10.8,-16,0,-8.6,-13.2,-11.8,-12
0,0,-9.2,0,0,-10.6,-10.6,-16.4,0,-8.2,-13.2,-12.4,-12.8
0,0,-8.6,0,0,-10.8,-10.4,-16.8,0,-8,-13.2,-12.8,-13.2
0,0,-8.4,0,0,-10.8,-9.6,-16.8,0,-7.8,-11.4,-12.6,-14.8
0,0,-8.2,0,0,-10,-7.6,-17,0,-7.8,-11.6,-12.6,-14.8
0,0,-8.6,0,0,-10.2,-6.4,-17,0,-8.4,-11.4,-12.4,-14.4
0,0,-8.8,0,0,-9.2,-7,-17,0,-8.8,-11.4,-12.2,-13.6
0,0,-9,0,0,-8.2,-6.4,-17.2,0,-9,-11.4,-12.6,-13.6
0,0,-9,0,0,-8,-7,-17.8,0,-8.4,-11.2,-12.6,-13.6
0,0,-8.8,0,0,-7.8,-8.2,-17.8,0,-8.4,-11,-13.2,-12.2
0,0,-9.4,0,0,-5.2,-8.6,-18,0,-8.4,-11.2,-13.8,-12.4
0,0,-9.4,0,0,-5.2,-8.6,-17.6,0,-8.2,-11.8,-14,-13
0,0,-9.8,0,0,-5.8,-9.4,-17.2,0,-8.6,-12.6,-12.8,-13.6
0,0,-10.2,0,0,-8,-11,-16.6,0,-9,-13.2,-13.4,-14.6
0,0,-10,0,0,-9.6,-11.6,-15.6,0,-9.8,-13.2,-13.2,-14.8
0,0,-9.8,0,0,-10.4,-10,-15.6,0,-9.4,-11.2,-13,-14.2
0,0,-10,0,0,-10.4,-9.2,-15.6,0,-9,-10.6,-12.6,-14
0,0,-10.8,0,0,-8.2,-9,-15.6,0,-9,-8.2,-12.6,-14
0,0,-10.4,0,0,-8.4,-9,-15.6,0,-9,-7.6,-12,-13.8
0,0,-10.8,0,0,-8.4,-9,-15.8,0,-9,-7.8,-11.8,-13.8
0,0,-10.8,0,0,-8.6,-8.6,-15.8,0,-7.8,-9,-11.8,-13.4
0,0,-11,0,0,-10.2,-10,-15.8,0,-8,-10.8,-12.8,-13.4
0,0,-11,0,0,-10.4,-10.6,-15.8,0,-7.6,-11.8,-12.8,-12.8
0,0,-10.4,0,0,-10,-11,-15.8,0,-6.6,-12.6,-12.8,-11.4
0,0,-9.4,0,0,-9.6,-11,-16,0,-6.6,-12.8,-12.8,-12
0,0,-9.2,0,0,-9.4,-11,-15.4,0,-6.6,-12,-11.6,-12
0,0,-9.4,0,0,-7.4,-10.6,-15.8,0,-7.2,-11.4,-11.6,-12.2
0,0,-9.8,0,0,-7.8,-8.8,-15.8,0,-7.2,-11.4,-11.6,-12.4
0,0,-9.4,0,0,-8.2,-8.4,-16,0,-7.2,-11.4,-11.6,-13
0,0,-9,0,0,-6.6,-8.4,-16.2,0,-7.4,-11.4,-11.4,-13.8
0,0,-9.2,0,0,-5.8,-8.2,-16.2,0,-7.8,-11.6,-12.4,-14.6
0,0,-9.4,0,0,-5.8,-8.8,-16,0,-8.2,-11.6,-12.8,-13.2
0,0,-8.4,0,0,-6.2,-10,-16,0,-8.6,-12.2,-13.4,-13
0,0,-8,0,0,-8.6,-10.2,-16,0,-9.2,-12.6,-13,-13
0,0,-8.4,0,0,-7.6,-11,-16.2,0,-9.6,-13.6,-12.6,-13
0,0,-8.6,0,0,-8.4,-11.4,-15.8,0,-10,-13.6,-12.2,-13.8
0,0,-9,0,0,-8.2,-10.6,-15.8,0,-10,-13,-11.8,-13.4
0,0,-9.8,0,0,-8.4,-10.8,-16,0,-10.2,-13.2,-12,-13.4
0,0,-9.6,0,0,-9.6,-10.4,-15.4,0,-10.6,-13,-11.8,-14
0,0,-9.4,0,0,-8.8,-8,-15,0,-10.2,-13.2,-11.8,-13.6
0,0,-10.2,0,0,-8.6,-7.8,-14.8,0,-10,-13.2,-11.8,-13.8
0,0,-10.2,0,0,-8.6,-8,-15,0,-8.4,-12.2,-12,-13.4
0,0,-10.2,0,0,-8.4,-9,-15,0,-8.2,-12.2,-12.4,-13.4
0,0,-10.4,0,0,-9,-9.6,-14.8,0,-8.2,-12.6,-12.8,-13.4
0,0,-10.4,0,0,-9.8,-10.6,-15.4,0,-8.2,-12.2,-12.8,-11.6
0,0,-10.2,0,0,-10.6,-10.6,-15.2,0,-8.4,-12.2,-11.8,-12
0,0,-10.4,0,0,-10.6,-10.2,-15,0,-8.6,-11.8,-12,-12.4
0,0,-10.4,0,0,-9.2,-9.4,-14.8,0,-9,-10.6,-12,-13.6
0,0,-10.2,0,0,-8.8,-9,-15,0,-8.2,-11.4,-12.2,-14
0,0,-10.2,0,0,-8.6,-9,-15.6,0,-8.2,-11.2,-12,-14.4
0,0,-9,0,0,-8.6,-9,-15.4,0,-8.4,-11.2,-13.4,-14.8
0,0,-8.8,0,0,-10,-8.8,-16,0,-8.2,-11.2,-13.6,-14.8
0,0,-8.8,0,0,-10.2,-9.2,-16,0,-9,-11.4,-14,-14.8
0,0,-7.6,0,0,-10.6,-8.6,-16,0,-9.4,-12,-14,-14.4
0,0,-7.4,0,0,-10.2,-9.2,-16.4,0,-9.8,-12.4,-13.8,-13.4
0,0,-8,0,0,-10,-9.4,-16.4,0,-9.4,-12.6,-12.2,-13.6
0,0,-8,0,0,-9.6,-9.2,-16.4,0,-9.2,-12.2,-12,-14
0,0,-7.8,0,0,-9.6,-9.4,-16.2,0,-9.4,-12,-12,-14
0,0,-8.2,0,0,-9.6,-9.4,-16.2,0,-9.4,-12.6,-12,-13.6
0,0,-8.8,0,0,-8.4,-9.4,-16.4,0,-9.6,-12.4,-12,-13.8
0,0,-9,0,0,-7.2,-9.6,-16.4,0,-9.4,-12.8,-12.6,-13.6
0,0,-9.8,0,0,-5,-9,-15.8,0,-8.6,-12.8,-12.2,-13.6
0,0,-10.6,0,0,-5,-9,-14.6,0,-8.2,-13.2,-12.2,-13.6
0,0,-11,0,0,-5,-9.6,-14.4,0,-8.6,-13,-12.4,-14.2
0,0,-10.8,0,0,-5.4,-9.6,-14.4,0,-8.2,-13,-13.4,-14.6
0,0,-10.6,0,0,-7,-9.6,-14.4,0,-8.6,-13.4,-12.8,-14.8
0,0,-10.6,0,0,-8,-9.6,-14.4,0,-8.8,-13.2,-12,-15
0,0,-10,0,0,-9.4,-9,-14.4,0,-9,-13,-12,-16
0,0,-10.4,0,0,-10.2,-8.8,-15,0,-6.8,-12.2,-12.2,-14.4
0,0,-10.8,0,0,-10.4,-9.2,-15.8,0,-7.2,-12.2,-11.6,-13.8
0,0,-10.2,0,0,-9.4,-9,-15.4,0,-7,-12,-11.6,-13.6
0,0,-10.8,0,0,-8.8,-9.2,-15.2,0,-8,-12.2,-11.8,-14
0,0,-10.8,0,0,-9,-9.2,-15,0,-8.8,-12,-12.4,-14.6
0,0,-10.6,0,0,-9.2,-9,-15,0,-10.2,-12,-12.4,-16.4
0,0,-9.2,0,0,-10.4,-8.2,-15.4,0,-10.8,-12.4,-12.4,-15.8
0,0,-8.8,0,0,-10.4,-7.2,-15.4,0,-10,-13,-12.4,-15.6
0,0,-8.4,0,0,-9.4,-7.8,-15.8,0,-10.2,-13.4,-12,-15.6
0,0,-7.4,0,0,-9.4,-6.6,-16,0,-10.2,-11.2,-11.2,-16
0,0,-6.8,0,0,-9.6,-8,-15.6,0,-10.2,-10.8,-11.4,-14.2
0,0,-6.6,0,0,-9.6,-7,-15.6,0,-10.4,-11,-11.8,-14
0,0,-6.8,0,0,-10.4,-8.8,-15.4,0,-10.4,-12,-11.8,-13.8
0,0,-7,0,0,-10.6,-9,-15.8,0,-9.4,-12.6,-11.8,-13.8
0,0,-8.2,0,0,-11.6,-9.2,-15.8,0,-9.2,-13.4,-12,-13.8
0,0,-8.6,0,0,-11.2,-9,-15.2,0,-9.2,-13.6,-11.6,-13.8
0,0,-8.8,0,0,-11,-8.6,-15.2,0,-9,-13.2,-11.4,-14
0,0,-9,0,0,-11.4,-8.6,-16,0,-9,-13,-11.6,-13.2
0,0,-9.8,0,0,-11.4,-8.8,-16.2,0,-9,-13.4,-11.4,-13.4
0,0,-10,0,0,-11.6,-8.2,-16.2,0,-9.4,-13,-11.2,-13.8
0,0,-9.8,0,0,-9.6,-8.6,-15.8,0,-8.6,-13.2,-11.2,-13.6
0,0,-9.8,0,0,-8.8,-8.6,-15.8,0,-8.8,-12.6,-11.4,-13
0,0,-9.8,0,0,-6.4,-8.6,-15.2,0,-8.8,-11.8,-11.4,-11.8
0,0,-9.6,0,0,-6.4,-9,-15.2,0,-8.8,-12.2,-12.4,-12.8
0,0,-9.6,0,0,-7.6,-9,-15.6,0,-9.2,-12,-13,-13.6
0,0,-9.8,0,0,-6.4,-8.6,-15.4,0,-10,-12,-13.2,-15
0,0,-9.8,0,0,-6.2,-8.8,-15.2,0,-10.4,-11.8,-13.2,-15.8
0,0,-9.8,0,0,-7.6,-9.6,-15.2,0,-10.4,-12,-13.2,-16
0,0,-9.2,0,0,-6.8,-10.8,-15.6,0,-10.6,-12.8,-13.6,-16.2
0,0,-9.4,0,0,-8,-11.2,-15.6,0,-10.6,-13.8,-13.6,-16.2
0,0,-9.2,0,0,-9.2,-11.4,-15.8,0,-10.2,-14.2,-12.6,-15.8
0,0,-9.6,0,0,-9.4,-11.4,-15.8,0,-9,-14.2,-11.8,-15
0,0,-10.6,0,0,-10,-12,-15.8,0,-10,-14,-11.8,-15
0,0,-10.4,0,0,-10.8,-12.2,-16,0,-10,-14.4,-11.6,-15
0,0,-10.4,0,0,-11.2,-12.2,-16,0,-10.2,-14.4,-11.4,-14.8
0,0,-11.2,0,0,-11.6,-12,-16,0,-10.4,-14,-11.6,-15.2
0,0,-11.4,0,0,-11.8,-12,-16,0,-10.4,-14,-11.4,-15.4
0,0,-11.6,0,0,-11.4,-11.8,-16,0,-10.2,-13.8,-11.2,-15.4
0,0,-11.4,0,0,-11.4,-10.8,-15.8,0,-10.2,-13.6,-10.8,-16
0,0,-11.4,0,0,-11.2,-9.6,-15.6,0,-10.4,-13.6,-10.6,-16.8
0,0,-11,0,0,-10.2,-9.6,-15.8,0,-9.4,-13.6,-11,-16.6
0,0,-10.4,0,0,-8.4,-7,-16,0,-8.8,-13.6,-11,-15.8
0,0,-10.4,0,0,-10.6,-6.4,-15.6,0,-6.8,-12.6,-11,-13.8
0,0,-10.2,0,0,-11.2,-6.2,-15.4,0,-6.6,-12.2,-11.4,-13.4
0,0,-10.2,0,0,-11,-8.2,-15.6,0,-7,-12,-11.8,-16.4
0,0,-10.2,0,0,-11,-12,-15.6,0,-8.4,-12,-12.6,-17
0,0,-10.4,0,0,-10.8,-13.2,-15.8,0,-9.6,-12,-14.2,-16.6
0,0,-10.4,0,0,-10.6,-13.4,-15.6,0,-10.4,-12.8,-13.8,-16.4
0,0,-10.2,0,0,-8.6,-11.8,-15.2,0,-10.4,-13.2,-13.2,-15.8
0,0,-9.8,0,0,-7,-12.4,-15.4,0,-10.2,-13.6,-12.8,-15
0,0,-8.6,0,0,-5.8,-11.2,-15.8,0,-10.6,-11.2,-12.8,-14.8
0,0,-8.4,0,0,-5.6,-11.8,-16,0,-10.6,-13,-12.8,-13.8
0,0,-8.2,0,0,-11,-10.2,-16.4,0,-10.4,-16.2,-10.6,-13.4
0,0,-8.2,0,0,-11.2,-9.6,-17.2,0,-9.4,-27.6,-10.2,-13.8
0,0,-8.6,0,0,-9,-13.6,-18,0,-8.6,-27.6,-20.8,-12.8
0,0,-9,0,0,-9.8,-14,-18.2,0,-6.6,-29.4,-22.8,-12.8
0,0,-9.6,0,0,-10.4,-13.6,-18.4,0,-7.6,-30.6,-23.2,-10.8
0,0,-7.2,0,0,-11.6,-17,-19.4,0,-9.2,-35.8,-22.8,-10
0,0,-12.8,0,0,-11.8,-17.2,-19.2,0,-13.4,-23.6,-31.4,-8.8
0,0,-12,0,0,-17.4,-17.2,-18.8,0,-12.6,-22,-22,-9
0,0,-11,0,0,-22,-15.6,-16.8,0,-10.8,-20.6,-17.6,-8.2
0,0,-11.8,0,0,-18,-14.6,-16.2,0,-9.8,-18.2,-16.8,-7.8
0,0,-13.4,0,0,-13.4,-11.2,-26,0,-8.8,-16,-14.4,-6.6
0,0,-12.6,0,0,-11,-8.8,-28.8,0,-14.4,-25.8,-2.2,-6.6
0,0,-8.6,0,0,-7.8,-6.4,-27.2,0,-21.4,-24,-9.4,-5.8
0,0,-6.2,0,0,-7.4,-3.4,-25.4,0,-20.2,-25,-12.8,-4.6
0,0,-4.4,0,0,-5.8,1.73472E-16,-25,0,-19.2,-22.4,-9.2,-3.4
0,0,-2.8,0,0,-2.4,2,-19.6,0,-18,-20,-5.8,-2.6
0,0,-2.2,0,0,0.2,5.6,-14.6,0,-11.6,-7,-13.2,-2.4
0,0,-1.8,0,0,4.6,8.8,-13,0,-1.6,-4.6,-3.4,-0.4
0,0,0.6,0,0,7.8,11.2,-10.8,0,-1.38778E-15,-0.6,3,-0.2
0,0,0.6,0,0,10.6,15,-7.4,0,1.2,6.4,5.8,0.6
0,0,4.4,0,0,15.6,20.2,-10.4,0,3,11.2,14.2,5
0,0,7.2,0,0,19,22.4,-9.4,0,4.4,16,30.2,8.6
0,0,11.2,0,0,24,25.2,-5,0,-2.2,20.8,38.6,9
0,0,15.8,0,0,29.6,27.6,-2.6,0,2.8,22,43.4,12.4
0,0,19.4,0,0,34,36.2,2.6,0,6,27.6,46.8,19.8
0,0,23.6,0,0,36.4,42.8,13.8,0,11,33.2,53.4,25.6
0,0,27.4,0,0,43,46.8,18.8,0,14.4,33,60,29.8
0,0,32.2,0,0,48.2,48.4,21.2,0,22.2,37.8,62.4,32.8
0,0,37.4,0,0,55.4,51,23.6,0,29.4,46,64.4,35
0,0,41.8,0,0,63.8,63.2,34.2,0,33.4,51.4,72.4,39.4
0,0,47.4,0,0,72,72.4,38.6,0,37.8,56.6,78,42.4
0,0,54.6,0,0,85.8,79.2,42.2,0,41.4,64.4,77.6,42.8
0,0,61,0,0,89.2,87.2,49.4,0,48.4,71.4,85.2,43.4
0,0,64,0,0,90.2,93.4,53.2,0,49.4,80.2,90.4,47.2
0,0,72.4,0,0,94.2,105,57,0,54.2,84.6,92,52.4
0,0,78.2,0,0,99.8,114.8,54.4,0,57.2,87.6,101.8,57.6
0,0,85,0,0,105.8,120.4,49,0,59.4,91.4,104.8,62.6
0,0,94.6,0,0,109.8,128.6,52.4,0,61,100.6,107.6,67.8
0,0,97.8,0,0,117.4,134.8,60.6,0,68.8,101.8,111.4,72.4
0,0,98.8,0,0,136.2,144.2,73.6,0,73.4,102.6,114.6,75.2
0,0,109.8,0,0,138.8,154.4,84.2,0,80.8,111.2,123.4,82
0,0,117.4,0,0,141.4,157,93.6,0,92.4,126.8,129.8,88.2
0,0,124.4,0,0,145.2,163.2,107.4,0,99,137.8,136,96.8
0,0,127.2,0,0,154.8,176.2,105.4,0,103.6,136.8,152.8,101.8
0,0,134.4,0,0,163.2,189,104.2,0,115.4,141.8,161.8,109.8
0,0,144.2,0,0,168.4,200.2,108.2,0,128.2,149.8,170,116
0,0,149.2,0,0,166.8,210.6,115.6,0,134.6,157.2,179.8,121.8
0,0,156.6,0,0,173.4,214.8,128.8,0,134,154.2,193.4,125.2
0,0,169.8,0,0,186.8,217.2,132.2,0,141.6,154.4,208,134
0,0,188,0,0,191.8,222.8,131.8,0,154,158.4,219.8,144
0,0,196,0,0,198.4,225.4,135,0,163.4,167,229,151
0,0,204.4,0,0,211.6,235.2,152.4,0,163.8,173.8,231,162.4
0,0,224,0,0,215,240,158,0,171.4,179,231.6,173.2
0,0,238.6,0,0,217.2,247,178.8,0,180.6,190.4,240.2,183.4
0,0,247,0,0,225.6,257.8,192.4,0,184.6,223.4,250.8,187.4
0,0,265.6,0,0,231.6,265.2,188,0,196.4,228.8,257.8,201
0,0,271.4,0,0,239,264.8,183.4,0,210,241.2,256.8,213.4
0,0,268.6,0,0,246.2,275.6,188.4,0,210.4,245.8,265,221.8
0,0,275.8,0,0,255.4,288.8,188.6,0,211.4,259.2,271.2,230.4
0,0,279.8,0,0,257.4,289.6,199.8,0,217.4,269.4,274.6,240
0,0,285.6,0,0,262.4,293.2,225.4,0,220.2,291.2,280.2,244
0,0,299.8,0,0,270.8,294.4,245.6,0,228.4,303.6,292,255.8
0,0,303.4,0,0,284.2,297.2,248.6,0,226.8,300.4,312.2,272.6
0,0,308.6,0,0,292.4,309.8,241.2,0,229.4,304.2,320.8,278
0,0,312.2,0,0,303.6,312.4,245,0,232.4,309,320,286.8
0,0,315.2,0,0,315.4,322.4,266.2,0,249.4,328.8,322.8,294
0,0,317.4,0,0,328,328.2,301.4,0,265.4,339.6,336.6,292.8
0,0,322.2,0,0,336.6,341.4,317.6,0,288.4,357.8,348.2,299.8
0,0,335.4,0,0,347.4,347.4,334.2,0,312.4,378.4,358.6,303
0,0,339.8,0,0,358.4,362.6,351,0,316,404.8,371.2,311.6
0,0,343.6,0,0,374,374.8,354.2,0,323.4,412.8,381.4,320.8
0,0,361.4,0,0,376,373.2,372.8,0,341,438,395,330.6
0,0,366.4,0,0,383.2,382.4,380.6,0,345,433,382.4,337.4
0,0,362.4,0,0,404.4,392.6,348,0,344.2,413,394.6,335.4
0,0,367.2,0,0,413.6,397.6,359.2,0,362.2,417.6,390.2,343.2
0,0,381.4,0,0,415.2,394.4,368,0,384,417.4,389.6,352.6
0,0,385.4,0,0,420.6,399.2,399.4,0,394.2,453.2,399.2,353.8
0,0,383,0,0,445.4,406.4,439.4,0,402.2,487.2,402.8,356.8
0,0,391.6,0,0,457.2,407.2,459.2,0,401.2,487.6,417.8,368.6
0,0,386.8,0,0,451.4,412.6,477.4,0,416.4,498.8,444.6,378
0,0,390.4,0,0,458,420.2,457.6,0,430,500.2,463.2,387.2
0,0,417.6,0,0,442.4,433,461,0,437.6,505.2,463.2,398
0,0,441,0,0,452.4,436.4,457.4,0,449,510.2,457,413.4
0,0,440.6,0,0,472.6,421.6,470,0,455.4,513.6,470.8,420.6
0,0,463.8,0,0,478.6,442.6,512.2,0,453.2,532.4,484.6,422.4
0,0,502.4,0,0,483.6,473.2,515.6,0,451.2,558.4,514.8,429.2
0,0,503,0,0,522.8,483,481.6,0,445.8,521.8,525,437.2
0,0,525.8,0,0,554.2,491.6,505,0,453.4,529.2,524.8,438.6
0,0,499.4,0,0,561,477.4,541.6,0,459.2,555,539.2,442.2
0,0,553.8,0,0,574,513,580.6,0,472,569.4,566.6,455.4
0,0,558.2,0,0,561.4,529.6,588,0,485.4,574.8,591.6,468.2
0,0,564.2,0,0,591.2,564.6,598.4,0,499.2,605.8,608,465.8
0,0,576,0,0,611,545,614.4,0,506.6,634.2,636.4,477.4
0,0,556,0,0,633,552.8,632.2,0,521.2,641.4,611,489.8
0,0,584.2,0,0,660.4,569.6,663.2,0,541.8,683,618.6,499.6
0,0,581,0,0,691.4,590.6,702.2,0,559.8,701.8,623.6,514.2
0,0,621.2,0,0,715,619.6,673.2,0,573.4,663.8,656.6,531.4
0,0,653.8,0,0,718.6,621.6,721.2,0,598.8,658.4,652,531.8
0,0,657.6,0,0,752.4,637.8,753,0,613.2,718.6,682.8,533.4
0,0,651,0,0,781.4,639.8,790.8,0,609.2,755.8,654.4,545.2
0,0,645.8,0,0,757.4,655.6,800.6,0,615.2,726.2,660.6,556.8
0,0,661.4,0,0,745.2,656,808.8,0,639.6,728.8,652.6,570
0,0,648.6,0,0,789.8,663,807.6,0,652.8,782,679,569.8
0,0,697.6,0,0,770.6,686.6,805.2,0,666.6,805,712.8,583.4
0,0,698.4,0,0,807.8,720.4,880.8,0,684.4,855.6,727.8,596.8
0,0,693.4,0,0,844.4,730.2,890.2,0,682.6,853.8,733.2,615.4
0,0,684.6,0,0,857.6,742.4,887.6,0,693.6,849.2,735,645.4
0,0,747,0,0,813.4,784.8,864.6,0,709,853.4,742.8,650.4
0,0,781.6,0,0,860.2,819.4,834.4,0,733.2,871.4,756,687
0,0,806.2,0,0,911.4,824.8,830.2,0,738.8,917.4,760.2,676.6
0,0,845,0,0,919.2,852.8,871.6,0,760.2,965.6,823,721
0,0,849.8,0,0,936.8,903.4,912.4,0,787.4,995.4,794.4,740.6
0,0,860.2,0,0,976.8,955,941.8,0,818,1023,849.4,765.6
0,0,876.6,0,0,951,989.4,1015,0,824.4,953.2,911.8,780.6
0,0,882.6,0,0,1024.4,1024,982.6,0,838.2,1006.6,997.6,781.4
0,0,895.2,0,0,1021.8,1047.6,1023.4,0,866.6,1029,950.6,787
0,0,868,0,0,1068.2,1087.2,1010.8,0,903.4,1054.4,979.2,789.6
0,0,864.8,0,0,1133.6,1108.8,1035.4,0,924.6,1063.6,985,810.2
0,0,911.4,0,0,1106.8,1126.6,1052,0,952,1096.6,980,838.2
0,0,893.6,0,0,1094.6,1131.6,1104,0,966.6,1085.2,968.4,813.8
0,0,862.4,0,0,1112.4,1107,1126.2,0,970.6,1115.4,1001.8,789.4
0,0,870.8,0,0,1101.8,1098.2,1093.2,0,1014.2,1121.8,1002,829.6
0,0,906.6,0,0,1110,1090.4,1127.6,0,1069,1137.2,1084.2,845.8
0,0,918.8,0,0,1090.6,1129,1103.2,0,1123.4,1067.6,1117.2,827
0,0,930.8,0,0,1089.4,1133.4,1124.8,0,1150.2,1136.2,1128.4,878.4
0,0,1002.4,0,0,1119.6,1159.8,1240.2,0,1162.6,1180.4,1134,876
0,0,1057.2,0,0,1118.2,1170,1215.8,0,1142.8,1233.4,1177.2,918
0,0,1118.6,0,0,1076,1210.4,1274.6,0,1138.4,1285,1211.4,941.8
0,0,1154.4,0,0,1097.8,1258.6,1227.8,0,1178.2,1217.6,1174.6,957.6
0,0,1164.4,0,0,1187.6,1254,1198,0,1188,1164.8,1156,993.8
0,0,1254.6,0,0,1129.6,1280.2,1147.8,0,1181,1164.2,1183.2,1011.4
0,0,1209.4,0,0,1341.4,1310.4,1371.2,0,1196.8,1334.4,1317.8,1025
0,0,1222.6,0,0,1319.8,1336.6,1384.8,0,1188.2,1367.2,1354.2,1010
0,0,1266,0,0,1310.2,1332.6,1388,0,1183.6,1353.4,1375.8,1029.8
0,0,1277.2,0,0,1228.4,1348.2,1266.6,0,1217,1278.4,1284.2,1035.6
0,0,1268.8,0,0,1221.6,1359.4,1339.4,0,1238.8,1309.8,1257,1027.8
0,0,1283.6,0,0,1168.4,1354,1226.8,0,1227.8,1292.2,1198.2,999.8
0,0,1277.4,0,0,1245.2,1342.8,1377.6,0,1257,1229.6,1245.6,1043.8
0,0,1253.8,0,0,1224.2,1355.6,1339.2,0,1251.6,1260.6,1217,1050
0,0,1263.2,0,0,1366.2,1310.2,1431,0,1227.2,1302.2,1279.6,1044.4
0,0,1275.2,0,0,1258,1390.4,1369.6,0,1213.4,1294,1269.6,1059.6
0,0,1220.6,0,0,1317.8,1374.2,1472.4,0,1202.8,1362.4,1269.4,1065.2
0,0,1275.6,0,0,1316.8,1401.4,1454.6,0,1240.8,1250.6,1277,1085.8
0,0,1307.6,0,0,1299.4,1446.6,1425.6,0,1254.6,1243.8,1264.8,1103.6
0,0,1308,0,0,1267,1465.4,1377.8,0,1262.6,1272,1287,1102.2
0,0,1401.8,0,0,1364.4,1530.2,1540.4,0,1306.2,1312.6,1376,1123.6
0,0,1423,0,0,1373,1537.4,1657.6,0,1307.8,1285,1439.6,1141.6
0,0,1415.2,0,0,1333.4,1591,1608.4,0,1289.8,1290.6,1410.8,1132.8
0,0,1345.2,0,0,1362.8,1608,1550.6,0,1323.8,1308,1445,1130.8
0,0,1416,0,0,1401,1638,1580.8,0,1367.4,1392.2,1586,1089
0,0,1444.4,0,0,1371.4,1662,1679,0,1368.6,1477.2,1646,1208.6
0,0,1457.2,0,0,1427.6,1664.4,1662.2,0,1390.6,1481.2,1651.6,1102.2
0,0,1487.2,0,0,1522.4,1639,1774.8,0,1444,1658.2,1689,1208.6
0,0,1507.8,0,0,1540.4,1703.6,1843.8,0,1476.4,1693.8,1727.2,1310.6
0,0,1536.2,0,0,1557.6,1789.8,1715.6,0,1501,1628.4,1746.4,1350.6
0,0,1585.4,0,0,1543.8,1760,1608.8,0,1524,1674.6,1728.4,1331.8
0,0,1631.2,0,0,1590.8,1804,1865,0,1551.4,1759.2,1906.8,1395.2
0,0,1737.4,0,0,1603.2,1802.6,1852,0,1602.4,1693,1998,1466.8
0,0,1894.2,0,0,1579.2,1860.2,1746.8,0,1629.8,1597.2,1926,1472.6
0,0,1874,0,0,1566.2,1858.2,1788.6,0,1643.6,1773,1995.6,1585
0,0,1786.8,0,0,1697.8,1867.4,1926.4,0,1648.4,1746.4,2038.8,1634
0,0,1841.6,0,0,1761.6,1893.6,1939.8,0,1638,1658.4,2136,1638.6
0,0,1818.4,0,0,1628.4,1943.8,2152.6,0,1627.8,1676.2,2252,1649
0,0,1854.2,0,0,1749,1969.6,2128.6,0,1643.8,1743.6,2237.4,1664.6
0,0,1918,0,0,1744.8,1983,2179,0,1671.6,1661.8,2365,1687.8
0,0,1898.2,0,0,1789,1995.8,2174.4,0,1708,1644.2,2338.6,1707.8
0,0,1905.8,0,0,1866,2020.6,2175.2,0,1772.2,1781,2362.6,1756.8
0,0,2051.6,0,0,1874.6,1995.8,2119.8,0,1788,1758.4,2412,1758.6
0,0,2026.2,0,0,1919.6,2021.8,2215,0,1792,1870.8,2393.8,1738.4
0,0,2131.8,0,0,2026.2,2078.8,2231.8,0,1800.6,1749.2,2356.4,1788.6
0,0,2182,0,0,2134.6,2041.8,2200.8,0,1846.8,1742.6,2479.6,1835.8
0,0,2167.4,0,0,2321.8,2130.4,2383.2,0,1900.2,1861.4,2248.6,1863
0,0,2171.8,0,0,2242.8,2160.8,2404.4,0,1933.4,1865.8,2333.4,1826.2
0,0,2186.6,0,0,2113,2185.6,2305.2,0,1932.2,1880.8,2321.4,1880.2
0,0,2222.8,0,0,2286.8,2227.6,2391.8,0,2010.2,2015,2358.2,1895.4
0,0,2310.8,0,0,2351.2,2195,2483,0,1972.8,2046.4,2412.6,1888.6
0,0,2319.6,0,0,2380,2209.6,2521.6,0,1993.6,2194.2,2393.4,1874.8
0,0,2312.8,0,0,2346.2,2227.2,2453,0,2005.8,1945.4,2311.6,1873
0,0,2226.8,0,0,2328.2,2313.8,2367,0,2013.2,1989.2,2276.4,1853.2
0,0,2282.8,0,0,2331.6,2354.4,2443,0,2056.6,1996.6,2367.6,1884.2
0,0,2289.2,0,0,2362,2347,2478,0,2036.4,2276,2732.2,1963.6
0,0,2319.2,0,0,2442.8,2410.4,2544.4,0,2067.2,2177,2577.8,1844.2
0,0,2382.8,0,0,2503,2460.2,2561.4,0,2071.2,2299.8,2500.6,1980.4
0,0,2457.4,0,0,2497.2,2557.4,2616.6,0,2131.4,2532.8,2546.6,2112.8
0,0,2475,0,0,2543.2,2694,2657.2,0,2173.6,2570.8,2649.6,2138.8
0,0,2437,0,0,2564,2745,2683.2,0,2271.4,2542,2727.2,2158
0,0,2454,0,0,2594.4,2712.6,2770.6,0,2292.6,2703.2,2654.2,2059.4
0,0,2519,0,0,2589.2,2684,2770.6,0,2270.8,2616.8,2789.2,2100.6
0,0,2549.2,0,0,2619.8,2709.6,2953.2,0,2176,2653.2,2743.6,2048.2
0,0,2613,0,0,2633,2709.2,3052,0,2112.4,2716.6,2738.4,2022.4
0,0,2705.8,0,0,2569,2699.8,2857,0,2121.6,2436.6,2872.2,2012.8
0,0,2732.8,0,0,2566.6,2755.2,3061,0,2110.4,2766,2799.2,2014.2
0,0,2619.4,0,0,2635,2802.8,3034.8,0,2130.8,2862.2,2926.2,2028.8
0,0,2677.2,0,0,2621.4,2904.4,2874.8,0,2178.8,2762.4,3092,2023
0,0,2734.6,0,0,2608.6,2914.2,2960,0,2176.6,2768.8,3204.6,2025.2
0,0,2883,0,0,2731,2901.8,3114.2,0,2169,2929.4,3342.4,2060.2
0,0,2926,0,0,2638.8,2846.8,3024.2,0,2150.6,2881.6,3416.6,2043.4
0,0,3077.8,0,0,2731.8,2916,2921.4,0,2132.2,2658.8,3152.4,2066.4
0,0,3083.6,0,0,2792.4,2958.4,3266.2,0,2173.6,2722.2,3007.4,2072.8
0,0,3055.6,0,0,2700,3107,3206.4,0,2204.6,2679.4,3034.8,2101.4
0,0,2951.8,0,0,2734.8,3144.2,3053,0,2221.4,2731.4,3100.6,2154.2
0,0,2970,0,0,2781.2,3129,2968.4,0,2345.6,2535,3184.8,2178.4
0,0,3015.2,0,0,2784.8,3156.4,3043.8,0,2424.4,2547.6,3100.8,2173.2
0,0,3102.4,0,0,2675.8,3378.8,2999.4,0,2386,2392,3099.4,2200.6
0,0,3175.6,0,0,2744.8,3337.8,3061,0,2480.4,2729.6,3110,2153.8
0,0,3200.6,0,0,2786.2,3239,3110.6,0,2443.2,2582.2,3104.6,2269.8
0,0,3166.4,0,0,2658.8,3246.6,3194.4,0,2549,2595,3136.6,2299.8
0,0,3191,0,0,2606,3301.8,3223.6,0,2591.4,2568.8,3244.2,2315.8
0,0,3238.8,0,0,2647.6,3407.8,3213,0,2592.2,2644.2,3230.6,2314.6
0,0,3235.6,0,0,2641.6,3441.4,3240.2,0,2607.4,2703.4,3208.4,2459.8
0,0,3222.6,0,0,2630.8,3501.6,3152.4,0,2566,2727.8,3214,2478.6
0,0,3218.4,0,0,2851.8,3408.6,3286.8,0,2546.4,2975.8,3568,2520.8
0,0,3245,0,0,2887.6,3424.6,3223,0,2688.4,3057.6,3738.2,2504.4
0,0,3288,0,0,2985.4,3541.2,3347.4,0,2772.6,3025.6,3711,2553.8
0,0,3269.4,0,0,3001.8,3304,3142.2,0,2644.4,3088.6,3691.4,2539.2
0,0,3337,0,0,3044.8,3241.2,3415.8,0,2677.4,3136.4,3179,2498
0,0,3237,0,0,3022,3339,3469.2,0,2776.4,2911.4,3133.6,2521.8
0,0,3172.2,0,0,2973,3411,3362.6,0,2589.4,3017,3191.6,2451.6
0,0,3111.2,0,0,2976.4,3392,3381,0,2578.4,3231.8,3431,2334.2
0,0,3102.4,0,0,2967.8,3429.2,3444.8,0,2557.8,2944.6,3555,2289
0,0,3223.4,0,0,3056.2,3486.4,3342.4,0,2561.8,3070.4,3522.6,2325.4
0,0,3397.2,0,0,3393.2,3525.4,3560,0,2605.2,3002.4,3550.6,2404.2
0,0,3544.4,0,0,3426.6,3509.6,3442.8,0,2622.2,3186,3606.8,2416.2
0,0,3566.4,0,0,3488.4,3538.6,3503.2,0,2610.8,3220.2,3710.2,2465
0,0,3486.2,0,0,3620.2,3523.2,3581,0,2674.4,3554.6,3766.2,2554
0,0,3346.6,0,0,3659.8,3545.2,3383.6,0,2731.4,3679.6,3714.8,2641
0,0,3362.8,0,0,3627.6,3585.4,3430.2,0,2818.2,3467,3828.2,2753.4
0,0,3275,0,0,3625,3599.4,3570.8,0,2913.8,3468.8,3755.8,2690.6
0,0,3246.4,0,0,3621.2,3626.2,3617.8,0,2940.6,3535.2,3657,2631
0,0,3169.2,0,0,3591,3678.6,3638.4,0,2969,3685,3602.4,2605.8
0,0,3166.2,0,0,3648,3744.6,3626.2,0,2899.2,3645.4,3660.6,2549.6
0,0,3232,0,0,3623.8,3735,3685,0,2898.6,3680.4,3641.2,2540
0,0,3278.2,0,0,3703.2,3708,3751,0,2911.8,3446.2,3647.4,2512
0,0,3279.8,0,0,3753.4,3740.2,3879.4,0,2905,3547.8,3674.4,2480.4
0,0,3247.6,0,0,3807,3611,3881,0,2981,3824.6,3665.4,2471
0,0,3255.2,0,0,3466.4,3746.8,3866.4,0,2972.6,3875,3654.6,2448
0,0,3210.6,0,0,3663.2,3882.8,4012.2,0,2993,3859.6,3616.2,2450.4
0,0,3194.6,0,0,3840.6,3828.8,3861.4,0,3030.2,3678.6,3601,2463.8
0,0,3255.8,0,0,3888.6,3907.8,3638.6,0,3042.6,3809.6,3634.4,2506.8
0,0,3405.4,0,0,3914.2,3973.8,3799.6,0,3088,3832.2,3663.6,2563.2
0,0,3506.8,0,0,3850.6,3994.8,3900.6,0,3184,3907,3718.2,2619
0,0,3541.6,0,0,3985.8,4021.4,3896.2,0,3130.6,3927.2,3906,2697.4
0,0,3747.2,0,0,3897,3957,3941.2,0,3203.8,3887.6,4038.8,2739.8
0,0,3781.4,0,0,4039.4,4130.4,3963.6,0,3200,4014.4,4086.4,2793.6
0,0,3718.6,0,0,4034.4,4135.2,3832.4,0,3164.2,4069.2,4231.2,2778.6
0,0,3572.2,0,0,4183,3911.6,3952.4,0,3192.4,4116,4221.6,2774.4
0,0,3543.4,0,0,4084.4,3949.2,4004.8,0,3195,3982.4,4307.4,2767.2
0,0,3461.8,0,0,4186,4115.2,4041.6,0,3253.2,4046.2,4163.8,2793.2
0,0,3481.2,0,0,4150.6,4070.6,3948.6,0,3252.2,4198,3695.4,2744.6
0,0,3692.6,0,0,3980,4129.6,3998.2,0,3247.4,4216.2,3979.4,2755.6
0,0,3803.6,0,0,4004,4345.2,4169,0,3337,4233.2,4298.2,2806.6
0,0,3906,0,0,4145.6,4300.4,4132.2,0,3293.4,4259.2,4389.6,2858.2
0,0,3886.2,0,0,4168.2,4322.6,4163,0,3262,4292,4369.2,2938.2
0,0,3845.6,0,0,4008.2,4325,4242.8,0,3266.4,4352.4,4446.6,3007.2
0,0,3762.8,0,0,4061.2,4426.2,4338.8,0,3312.2,4410.6,4397.2,3053.6
0,0,3797,0,0,4138.2,4442.2,4374.8,0,3362.4,4431.4,4297.6,3041.8
0,0,3851.4,0,0,4193.2,4629.8,4384.6,0,3415.4,4501.8,4281.6,3025.8
0,0,4084.8,0,0,4180.2,4771.8,4373.6,0,3466.2,4487.2,4122,3100
0,0,4259.6,0,0,4334.6,4686,4345.8,0,3655.2,4604.6,4161,3299.4
0,0,4284,0,0,4344.6,4632.8,4178.8,0,3649.8,4521.8,4569.2,3423.8
0,0,4402.2,0,0,4421,4533,4285.8,0,3692,4243.6,4806.8,3506
0,0,4288.4,0,0,4386.4,4273.4,4229.8,0,3905,4376,4741.2,3528.6
0,0,4197.6,0,0,4747.8,4660.8,4490,0,3931,4423,4673.8,3388.2
0,0,4188.6,0,0,4918.4,4706.8,4536.2,0,3880.2,4676.4,4697.8,3566.6
0,0,4169.6,0,0,4522.8,4693,4551.8,0,3892,4546.8,4453,3406.8
0,0,3965.4,0,0,4365.8,4491,4622.8,0,3876.2,4761.6,4517.6,3407
0,0,3889,0,0,4374.6,4475.2,4574.8,0,3923.6,4748.6,4660.8,3469
0,0,3898.4,0,0,4550.6,4627.8,4651,0,3852,4816.6,4602,3382.2
0,0,3832.4,0,0,4616.8,4682,4608.8,0,3848,4928,4388.6,3518.2
0,0,3688.2,0,0,4259.6,4535,4598.4,0,3877,4959.2,4480.8,3486.2
0,0,3960.6,0,0,3879.6,4783.4,4440.6,0,3953.8,4937.4,4444.4,3533.2
0,0,4046.8,0,0,3864.8,5009.4,4392.8,0,4037.6,4991,4463.2,3586.4
0,0,3896.2,0,0,4278,5028.6,4562.6,0,4138,4852.4,4495.8,3638
0,0,3925.2,0,0,4466.6,5111.6,4718.8,0,4118.6,4906,4633.2,3593.2
0,0,4338.6,0,0,4683.4,5293.6,4864.6,0,4215.4,4823.4,4613.8,3415.2
0,0,4396.2,0,0,4407.6,5522.2,4835.4,0,4311,4888.6,4548.6,3411
0,0,4315,0,0,4888.6,5566.6,4900,0,4279.4,4924.8,4782.6,3463.8
0,0,4307,0,0,5205.6,5512,5015.8,0,4454.4,4974.4,4871.2,3602.8
0,0,4365.2,0,0,4658.6,5794.4,4978.8,0,4586.2,5002,4721.6,3588
0,0,4324,0,0,4516.8,5286.6,5081.6,0,4582.4,4868.8,4691.4,3758.6
0,0,4476.2,0,0,4949.6,4813.4,5128.2,0,4627,5032.4,4700.6,3836.4
0,0,4663,0,0,4504.8,4522,5159.4,0,4739,5104.2,4691.8,3925.4
0,0,4519,0,0,4660.8,4571.8,4863.4,0,4537.2,5000.8,4845.6,3993
0,0,4584.2,0,0,4756.2,4881.6,4829.8,0,4394.4,5033,5026.2,4018
0,0,4790.4,0,0,4898.8,5069,4864,0,4375.2,5154.6,5145.6,4210.8
0,0,4576.2,0,0,4854.6,5124.2,4937.6,0,4374.8,5216.4,5135,4204.8
0,0,4530.6,0,0,5361.8,4960.2,4962.2,0,4355.2,5135.8,5153.2,4026.8
0,0,4529.4,0,0,5281.4,4998.6,4907.4,0,4449.2,5183,5048.4,4042.6
0,0,4601.2,0,0,5183,4946.2,4911.4,0,4619.2,5105.2,4906.2,3936.4
0,0,4516.6,0,0,4897.4,4988.2,4873.2,0,4502.8,5239.4,4775.4,3821.2
0,0,4589.8,0,0,4823.2,5025.8,4236.6,0,4300.2,5032.8,4992,3935.4
0,0,4671,0,0,4871.6,5017.6,4595.8,0,4355,5293.8,5034,4080
0,0,4621.2,0,0,5008,5033.4,4411,0,4372,5214.2,4973.6,4025
0,0,4857.8,0,0,4932.8,5140.4,5134.4,0,4175.4,5408.6,4995.4,3885
0,0,5150.8,0,0,5003.6,5531.8,5019.2,0,3972,5328,5003.6,3736.8
0,0,5223.6,0,0,5121,5438.2,5163.4,0,4306.8,5210.2,5031.6,3553.4
0,0,5113.4,0,0,5056.8,5534.4,5097.4,0,4297.4,5110.4,5256,3521.8
0,0,5212.8,0,0,5033.2,5618.8,5147.6,0,4450,5247.4,5390.2,3368.2
0,0,5182.2,0,0,5152.2,5506.2,5257.4,0,4428,5477,5401.4,3363.8
0,0,5054.4,0,0,5162.6,4921.8,5415.6,0,4401.6,5502.4,5344,3495
0,0,4975,0,0,5149.8,5049.8,5637,0,4636,5545,5362,3646.6
0,0,5129.2,0,0,5225,5299.6,5448.6,0,4588.2,5547.4,5186.8,3788.6
0,0,5448.4,0,0,5187.8,5146.8,4853.4,0,4309,5250.2,5041.8,3716.2
0,0,5353.8,0,0,5169.4,5449,5069.4,0,4415.2,5163.4,5189.8,3687.6
0,0,5279,0,0,5370.2,5901.4,5173.8,0,4542.8,5237.6,5152.6,3596.6
0,0,4877.8,0,0,5267.2,6123.2,5046.4,0,4554.4,5299,5234,3686
0,0,4710.6,0,0,5114.8,6264.6,5330.8,0,4631.6,5640,5450.2,3794
0,0,4831,0,0,5180,6211.8,5373.6,0,4826,5649.4,4994,3904.6
0,0,4949.2,0,0,4921.6,6316.2,5522.4,0,4927.2,5350.2,4873.8,4196.4
0,0,5057.6,0,0,5054.4,6222.2,5522.8,0,4903.6,5322,5061.6,4280.8
0,0,5085,0,0,5331.4,6086.4,5692.6,0,4951,5437.8,5221.4,4407.2
0,0,5018.4,0,0,5420.2,6063.6,5680.8,0,5032.6,5378,5346.2,4568.6
0,0,4901.4,0,0,5149,6198.6,5602.8,0,5052.8,5616.4,5206.6,4509.4
0,0,4992.4,0,0,5140.6,5979.4,5662.4,0,5036.8,5773,5053.2,4267.4
0,0,4960,0,0,5082.6,5909.4,5580.4,0,5035,5792.2,4953.4,4295.6
0,0,4876.8,0,0,5063.2,6213,5254.8,0,5048.6,5512.8,5018,4454.6
0,0,4949,0,0,4964.4,6149.8,5383.8,0,5030.8,5573.4,5067.6,4451.2
0,0,5271.2,0,0,5039.2,6189.4,5501.2,0,4922.4,5790.2,5096,4396.4
0,0,5300.4,0,0,5215.2,6248.2,5533.6,0,4879,5862.6,5145.8,4168
0,0,5327.6,0,0,5133.8,6251.4,5519.4,0,4783.8,5793.6,5376.4,4047.6
0,0,5247.4,0,0,5257.2,6309.6,5598.6,0,4849,5895.6,5516.8,4134.4
0,0,5237,0,0,5161,6272.4,5655.2,0,4919,5751.8,5508,4162.2
0,0,5257.6,0,0,5239.8,6227.6,5587.6,0,4903.6,5519.6,5492,4221.8
0,0,5248,0,0,5059.4,6260,5742.8,0,4879.4,5994.8,5435.2,4258.2
0,0,5221.6,0,0,4751.8,6317.8,5901.4,0,4874.2,5835,5425.6,4009.2
0,0,5252.8,0,0,4621.4,6277,5895.8,0,4886,5742,5381,4052.4
0,0,5195.2,0,0,4680,6298.2,5880.2,0,4872.2,6048.4,5381.4,4091.6
0,0,5209.2,0,0,5075,6332,5926.8,0,4888.2,6132.6,5386.4,4002.2
0,0,5032.4,0,0,5232.8,6315.2,5645.6,0,4968.6,5909.8,5482.4,4049.8
0,0,5047.8,0,0,5257.6,6286.2,5451.8,0,4969.4,5611,5500.4,3993
0,0,4973.8,0,0,5317.2,6459.2,5632.2,0,4932.8,5625.2,5541.8,3982.8
0,0,5014.2,0,0,5431.8,6531.4,5650.8,0,5024.4,5262,5473.8,3933.4
0,0,4997.8,0,0,5331.4,6502.8,5915.2,0,5097.2,5428.2,5422,3938.8
0,0,5023,0,0,5337.2,6721,5805.6,0,4929.8,5488.4,5498.8,3788.2
0,0,5029.2,0,0,5872.4,6744.8,5438.2,0,4923.2,5168.8,5466.6,3789.4
0,0,5035.6,0,0,5954,6654.6,5373.8,0,4937,5139.2,5615.4,3777
0,0,5223.4,0,0,5247.4,6761.2,5108.8,0,4943.2,4888.2,5612.6,3814.6
0,0,5240.4,0,0,5634.4,6781.4,5228.8,0,5015.2,5461.6,5436.6,3879.6
0,0,5332.8,0,0,5551.6,6615.8,5690.2,0,5084.8,5739.2,5879,4014.6
0,0,5747.8,0,0,5626.8,6526.8,5765.4,0,5098.8,6024.6,6127,4211
0,0,6010.4,0,0,6106,6480,5777.8,0,5270.4,6121,5779.6,4440.8
0,0,5776.2,0,0,6177.8,6491.4,5817.6,0,5202.2,6274.2,5609.2,4259.4
0,0,5348.4,0,0,6260.4,6512.4,5809.6,0,5164.2,6293.4,5740.2,4415.4
0,0,5386.2,0,0,6177.6,6544.4,5834.2,0,5190.6,6296.6,5783.4,4427.4
0,0,5529.6,0,0,5552.4,6570,5943.4,0,5248.8,6304.2,5488.2,4413
0,0,5506.2,0,0,5272.8,6540.4,6110.4,0,5292.6,6262.6,5504,4418.4
0,0,5286.4,0,0,5943.6,6531.8,6249,0,5315.8,6178.2,5619.8,4389.8
0,0,5455.4,0,0,5805.6,6559,6016.4,0,5268.4,6167.2,5697.8,4323.8
0,0,5656.8,0,0,5726.2,6628.6,5693.6,0,5113.8,6375.8,5694.4,4455
0,0,5895.6,0,0,5523.8,6624,6277.6,0,5289.2,6334.4,5648,4381.6
0,0,5854.8,0,0,5437.6,6626.8,6282.2,0,5120.4,6244.2,5756.2,4262.2
0,0,5431.4,0,0,6209.6,6620.4,6391.6,0,5302.2,6351.6,5723.6,4098.2
0,0,5652.2,0,0,6247.8,6558.4,6280.8,0,5268.6,6352.6,5768.6,4290.4
0,0,5867,0,0,6114.4,6503,6034.6,0,5196.2,6199.4,5724.4,4321.2
0,0,6158.2,0,0,6016.6,6572.2,5748.8,0,5120.2,5611.6,5675.2,4131.6
0,0,6118.8,0,0,6161.4,6652,5574,0,5053.8,5365.6,5705.6,4445.6
0,0,5783.6,0,0,6272.4,6675.6,5883,0,5065,5735.6,5778.4,4313.4
0,0,5535.8,0,0,6233.2,6695.4,5908,0,5010,5948.4,6005,4467.6
0,0,5849.8,0,0,5952.8,6754.4,5854,0,4981,6273.6,5855.2,4037.8
0,0,5885.6,0,0,5798.4,6790.4,6002.6,0,4945.2,6377.4,5397.6,4384.6
0,0,6059.6,0,0,5805.6,6807.6,6283.4,0,4943.4,6299.4,5723.6,4286.2
0,0,6015.4,0,0,5769,6849.4,6029.6,0,5009.8,6327.8,5813,4276.6
0,0,6066.2,0,0,5782.8,6888.8,6063.4,0,5056.6,6352.6,5733.2,4240.8
0,0,5958.4,0,0,6035.4,6910.8,6178,0,5001,6126.2,6095.4,4323.6
0,0,5742.4,0,0,6014.8,6915.8,5905,0,5082.4,6070,6094.2,4293.4
0,0,6162.8,0,0,6448.2,6892.6,6096.4,0,5143.4,6256.4,6093.8,4405.6
0,0,5963.2,0,0,6522.8,6920.4,6073.4,0,5285,6077.4,5880.2,4108.8
0,0,5829.4,0,0,6401.4,6930.4,6301.6,0,5176.6,6427.2,6012.6,3935.2
0,0,5646.2,0,0,6509,6932.6,6417.6,0,5407.8,6618,6206.6,4044.6
0,0,5558.2,0,0,6619.2,6929.8,6470.2,0,5312,6660,5948.6,4516.8
0,0,5686.6,0,0,6039.6,6948.4,6005.2,0,5358.2,5983.2,5829.6,4864.4
0,0,5895.2,0,0,5943.4,6986,6032.8,0,5508.4,6072.4,5327.4,4539
0,0,5716.2,0,0,5622.8,6982.6,4956.6,0,4995.4,5827.4,4840.8,4617.6
0,0,5774.4,0,0,5879.2,6955.6,6456.8,0,5680.6,6528.8,5819.2,4931.8
0,0,5674.6,0,0,6029.8,6839.8,6384.4,0,5818.6,6120.8,5869,4892.4
0,0,5597.4,0,0,6068.6,7111.8,6135.4,0,5532,6433.6,5560.6,4965.2
0,0,5558.4,0,0,6144.4,7207.2,6756,0,5459.6,6067.4,5597.2,4377
0,0,5560,0,0,6595.8,7247.8,6330.2,0,5631.4,6454,5760.2,4176.4
0,0,5646.8,0,0,6643.2,7178.2,6312,0,5699,6432.4,5893,4097.6
0,0,5634.8,0,0,6322.4,7157.8,6350.2,0,5615.6,6606,5961.6,4130.4
0,0,5580.6,0,0,6397.4,7157.2,6459,0,5508.6,6839.6,5904,4052.6
0,0,5517.2,0,0,6549,7146.2,6214.6,0,5464.4,6663.6,5862.8,4143.8
0,0,5697.6,0,0,6302.6,7126.2,6283.6,0,5408.4,6776.4,5768.8,4288.2
0,0,5703.6,0,0,6187,7130.4,5733.2,0,5417.8,6402.4,5404.2,4304.4
0,0,5606,0,0,6615,7192.6,6073.8,0,5461.4,6847,5679.8,4264
0,0,5652.8,0,0,6700,7190.8,6160.4,0,5506.2,6787.6,5469.8,4421.4
0,0,5772.4,0,0,6670.8,7170.6,6083.6,0,5489.2,6848.4,5441.6,4503.6
0,0,5749.4,0,0,6521,7160.8,6147.8,0,5499.4,6820.6,5681.8,4573.4
0,0,5702.4,0,0,6613.6,7162.2,6233.8,0,5376.2,6814.6,6072.8,4105.2
0,0,5636.4,0,0,6725.6,6880.2,6371.4,0,5254.6,6330.2,5485.4,4224.2
0,0,5691.8,0,0,6765.8,6508.4,6237.2,0,5253.2,6210,5990.6,4509.4
0,0,5881.4,0,0,6630.2,6667.8,6354.6,0,5255,6606,5939.2,4602.2
0,0,6036.4,0,0,6283,7073.4,6288.4,0,5221.6,6347.6,5411.6,4613
0,0,6066.2,0,0,6220.4,6835.4,6345.4,0,5277,6616,5574.6,4484
0,0,5862,0,0,6069.4,6942.2,6401.2,0,5610.8,7083.6,6272.8,4491.4
0,0,5827,0,0,6270.8,7201.8,6549.2,0,5538.8,6959.6,5641.6,4681.6
0,0,6021.2,0,0,6822.6,6679.2,6708.8,0,5301.2,6567.2,5330.6,4330.6
0,0,6045.2,0,0,6251.6,6592.8,6834.4,0,5165.4,7044.4,5185,4247
0,0,6099.4,0,0,6102.4,6883.6,5689.6,0,4355,6896.2,4705.2,4135.2
0,0,6001.2,0,0,5937.8,6562.8,5712.4,0,4566.4,6412,5149,3950.4
0,0,5899.8,0,0,5627,6509,5626.6,0,4761.8,6528.2,5500.2,3914.4
0,0,5925.6,0,0,6191.6,6480,6096.2,0,5142.2,6555.4,6173.8,4004.2
0,0,5978,0,0,6275.8,6514.8,6050.2,0,5245.8,6398,6171.4,4256.4
0,0,5940.2,0,0,5975.4,6787.4,6194.2,0,5413.8,6900.4,6112.2,4395.4
0,0,5962.4,0,0,6463,7286.2,6385.2,0,5493.4,7112.4,6133.4,4027.2
0,0,5940,0,0,6229,7308.2,6360.8,0,5353.6,7126.6,6162.4,3876.8
0,0,5984.6,0,0,6167.6,7334.4,6332.8,0,5618.6,7120.8,6101.2,4009.2
0,0,6010.4,0,0,5786.8,7189.6,6423,0,5538.6,7095.6,6081.6,3972.4
0,0,6076.4,0,0,6106.6,6999.2,6455.4,0,5488.8,6873.6,6109.6,4073.4
0,0,6095.2,0,0,6350.8,7281.4,6256.6,0,5584.8,6889.8,5679,4161.2
0,0,6185.2,0,0,6476.8,7318.8,6191,0,5590.4,6930.8,5829.6,4197.4
0,0,6278,0,0,6407.4,7296.2,5960.6,0,5511.2,7191.6,6267.4,4247.2
0,0,6364.6,0,0,6385,7357.8,5920.2,0,5254.4,7234.2,6193,4340
0,0,6332.4,0,0,5895.2,7365.2,6351.6,0,5270.4,7219.4,6145,4163.6
0,0,6051,0,0,5797.8,7297.8,6393.2,0,5280.8,7209.8,6072.6,4261
0,0,5980,0,0,5896.2,7294,6384.8,0,5408.2,7220.4,6072.4,4255
0,0,5890.8,0,0,5701,7275.6,6416.4,0,5497.2,7201.6,5893,4415
0,0,5789.2,0,0,6378.2,7271,6455.4,0,5485.8,7281.8,5892,4138.2
0,0,5778.4,0,0,6792,7204.8,6647.2,0,5351.4,7298.2,5892,4002.6
0,0,5744,0,0,6684.6,7241.6,5905.8,0,5022.8,7207.8,5254.6,4086.2
0,0,5800.4,0,0,6414.6,7178.2,6122.4,0,5109.2,6806.6,5618.8,4252.4
0,0,5838.8,0,0,6376,7184,6364.2,0,5324.4,6399.4,5928.6,4000.4
0,0,5872.4,0,0,6266.8,7243.4,6272.6,0,5409.6,6417.2,5892,3958
0,0,6058.6,0,0,6177.2,7323.6,6166.4,0,5436.4,6321.6,5938.6,4340.6
0,0,6171.8,0,0,6325.8,7357.2,5916.8,0,5499.6,6426.6,5899.4,4255.6
0,0,6131.8,0,0,6300.8,7346.4,5946.4,0,5546.4,6670,5828.4,4264.6
0,0,5932.4,0,0,7002.4,7337.2,6591.6,0,5619,7277.2,6040.4,3931
0,0,6116.4,0,0,6977.6,7317.8,5955.6,0,5109.6,6867.6,5533.2,4057
0,0,5979.6,0,0,6577.8,7305.4,5814.6,0,4603.4,7010.8,5292.8,3911.4
0,0,5851,0,0,6508,7285.2,5813.6,0,4841.4,6915.8,5169.2,3884.6
0,0,5856.6,0,0,6801.6,7265.4,5772.4,0,4418.4,6919,5037.2,3954.8
0,0,5922.8,0,0,6814.4,7280.2,5312.6,0,4534.8,6514,5135.2,4131.2
0,0,5925.4,0,0,6834.6,7252.2,5052.8,0,4848,6650.6,5057.6,4237
0,0,6082.8,0,0,6508,7210.4,6168.6,0,5453.6,6847,5646,4392.4
0,0,6319.4,0,0,6182.6,7312.2,6463,0,5419,6700.4,5966.4,4356.4
0,0,5867.8,0,0,6179.4,7348.8,6678,0,5545.4,6774.2,6128.8,4589
0,0,5514.2,0,0,6216.2,7368.2,6662.2,0,5629.4,6929.6,6122.2,4666
0,0,5469.2,0,0,6168,7376.8,6576.8,0,5627.2,6585.4,6133.8,4713.2
0,0,5392.2,0,0,5934.6,7315,6399.8,0,5562.2,6677,5794.8,4679.2
0,0,5371.4,0,0,5907.8,7333.6,6444.4,0,5431.8,6601.8,5720,4447.6
0,0,5352.2,0,0,6023.4,7334.8,6004.2,0,5472,6850.8,5686.8,4327.8
0,0,5370,0,0,6290.6,7341.2,5582.6,0,5413,6848.2,5698,4313
0,0,5428.4,0,0,6866.8,7376,4842.4,0,4984,6920.8,5268.8,4323.8
0,0,5403.6,0,0,6969.8,7395.8,5183,0,5018.8,7198.6,5426,4291
0,0,5397.4,0,0,6872,7393.2,5650.2,0,5080.6,7253.8,5549.8,4287
0,0,5353.8,0,0,6786.8,7392.2,5985.2,0,5246.6,7201.2,5617.2,4291.4
0,0,5338.4,0,0,6820,7429.2,5621.2,0,4972.2,7146.8,5196,4308.8
0,0,5345,0,0,6992.4,7476.4,6031.8,0,5537,6716,5717.4,4279.6
0,0,5325.8,0,0,7094.2,7550.4,5783,0,5538.2,6661,5717.4,4248.2
0,0,5483,0,0,7150.4,7689.4,5989.2,0,5526.2,6985.6,5738,4220.4
0,0,5256,0,0,7049.8,7663.2,6112.2,0,5503.4,7451.6,5788.2,4263.6
0,0,5454.6,0,0,7012.4,7551.8,6185.2,0,5502.8,7434.4,5838.4,4273.8
0,0,5586.8,0,0,7018.2,7139.2,6103,0,5266.2,7378.4,5800.4,4285.2
0,0,5408.8,0,0,7045.8,7234.4,6194.8,0,5508.2,7354.2,5956,4421.2
0,0,5558.6,0,0,6989.4,7289,6051.4,0,5670.8,7265.6,5876.8,4332.6
0,0,5734.4,0,0,7054.6,7348,5693.4,0,5606,7188.2,5609.8,4358.6
0,0,5762.4,0,0,7184.8,7583.2,5918.4,0,5442.6,7287.8,5709,4337.6
0,0,5765.6,0,0,6979,7549.8,6009.4,0,5450,7258.8,5824,4340.6
0,0,5708,0,0,6724.4,7109,5852.8,0,5435,7018.6,5831.4,4481.4
0,0,5257.2,0,0,6553.6,6914.4,5773.8,0,5525.2,6877.8,5957.4,4526.8
0,0,5744.4,0,0,6548.4,7183,5896,0,5464,6785.2,6068.8,4592.2
0,0,5921.4,0,0,6428.6,7516,5629.2,0,5713.2,6723.4,6253.4,4685
0,0,6058.4,0,0,6325.8,7400.6,5463.4,0,5630,6792.6,5957.2,4501
0,0,5878.4,0,0,6497.4,7498.2,5928,0,5681.4,6860.8,6075.6,4914.6
0,0,6175.6,0,0,6778.8,7175.4,6290.4,0,5360.8,6989.2,6318.4,4664.8
0,0,6139.2,0,0,6717.4,7073.2,6069.8,0,4801.8,7112.6,5723.2,4598
0,0,6050.8,0,0,6887.6,6683.2,5806.2,0,4449,7195.8,5512,4604.2
0,0,6086.2,0,0,6889.6,7205,5839.6,0,4573.2,7177,5552.6,4450.8
0,0,5973.6,0,0,6862,6477.6,5904.4,0,5266,6756.6,5917.4,4608.4
0,0,5900.4,0,0,6822.2,6282.6,5787.6,0,5258,6809.6,5685.4,4605.8
0,0,5999.2,0,0,6864.4,7108.8,6296.4,0,5408.6,6812.6,5698.8,4563.2
0,0,5889.4,0,0,6845.4,6506.2,5746.6,0,5216.6,6847.2,5535.2,4551.8
0,0,5706,0,0,6793,6457.2,6450.2,0,4944.4,7356.8,5729.4,4554.2
0,0,5695.8,0,0,6119.6,6646,6393.2,0,5154,7301.6,5567.4,4553.8
0,0,5705.2,0,0,6151.6,6452,6356.6,0,5132.8,7407,5839.2,4545.8
0,0,5659,0,0,6822,6617,6141,0,5016.6,6891,5848.4,4542
0,0,5749.6,0,0,6758.4,6296.4,5548.4,0,5006.2,6776.8,5897,4544.4
0,0,6002.8,0,0,6606,6732,5987,0,5021.2,7140,5855.6,4554
0,0,5886.8,0,0,6473,7154.4,6128.2,0,4835,7099.6,5937.6,4611
0,0,5595.8,0,0,5973.8,7168,6168.2,0,4682.2,6925.4,5705.2,4715
0,0,5964,0,0,5997.8,6901.2,6077.4,0,4696.8,6951,6064.6,4727.8
0,0,6062.8,0,0,6775.2,7129.6,6040,0,5245.2,6516.6,6179.4,4898
0,0,6133.2,0,0,6923,7225,5750.4,0,5511.2,6232.2,6254,4874.8
0,0,6103.4,0,0,6603.6,7576.8,5782,0,5135.8,6832.4,6212,4772.8
0,0,6193.6,0,0,6935.8,7780,6586.2,0,5178.4,6984,6206.8,4913.4
0,0,6307.4,0,0,6897,7514.6,6538,0,5206.6,6933,6057.4,5053
0,0,6342.8,0,0,6836.6,6880.4,6530.6,0,5708.8,6847.2,6141.6,5198.6
0,0,6145.8,0,0,6971.2,6174.4,6686,0,5783.2,6816.8,6054.6,5209.4
0,0,5993,0,0,7009.6,6497.4,7004.8,0,5639,6869.4,6143.4,5322.6
0,0,5937.4,0,0,6845.6,6713,6296,0,5736,6730.2,5829.6,5090
0,0,6132.4,0,0,6714,6759.6,6384.4,0,5458.4,6714,5561.8,5232
0,0,6121,0,0,6658.2,7645.8,6334.4,0,5766.4,6407.6,5799.6,5244.8
0,0,5980,0,0,6575,7840.2,6354.6,0,5374,6660,6184.2,5261.6
0,0,5911.4,0,0,6225.8,7779.8,6422,0,5916.2,6418,6252.4,5326.8
0,0,5934,0,0,6078.8,7718.2,6747,0,5837,6205.2,6135.8,5377.6
0,0,5872.6,0,0,6224.6,7124.6,6660.2,0,6017.2,6402.4,6173.4,5140.8
0,0,5957.8,0,0,6398,7453.2,6287.6,0,5426.4,6540.2,5702.2,5232.6
0,0,6035.2,0,0,6647.6,7050,5991.2,0,5239.2,6559.4,5485,5151.6
0,0,6001,0,0,6459,6966.6,6367.2,0,5403,6643,5390.4,5319
0,0,5996.2,0,0,6555.4,6909.4,6588.4,0,5863.2,6458.6,5642.6,5411.2
0,0,5967.8,0,0,6475.4,6924.6,6430.2,0,5797.2,6578.6,5598.2,5423
0,0,5922.6,0,0,6584.4,7094.4,6261.2,0,5641.6,6607,5644.8,5361.4
0,0,5956.4,0,0,6622.8,7361.8,6384,0,5588.8,6234.6,5626.2,5330
0,0,6097,0,0,6642.8,6733.4,6231.2,0,5481,6346.6,5338.2,5337.6
0,0,6244.2,0,0,6671,6747.4,6457,0,5326.8,6461.4,5313.6,5385.2
0,0,6294.6,0,0,6583.4,6816.2,6598.2,0,5398,6394.6,5560,5380.4
0,0,6325.4,0,0,6629.4,6831.8,6414.6,0,5287.4,6575.8,5692.8,5381
0,0,6366.2,0,0,6991.6,6759.2,6464.6,0,5438.6,6489.2,5854,5383.2
0,0,6432.8,0,0,7029.8,6916.8,6159,0,5619.8,6499.6,5894,5488.6
0,0,6437.4,0,0,7033.8,6970,6073.8,0,5630.6,6720,5889.8,5329.8
0,0,6060,0,0,6881.6,6939,6169,0,5614.8,6698.8,6498.2,5389.6
0,0,5903.6,0,0,6460.8,6775.4,6356.2,0,5572,6581,6439.8,5671
0,0,6009.4,0,0,6379.6,6733.2,6328.8,0,5770.2,6468.2,6420.2,5686.2
0,0,6223,0,0,6483.2,6857.8,6243.8,0,5972,6605.6,6223,5648.8
0,0,6029.8,0,0,6800,6651,6295.8,0,6234.6,7137.6,5999.8,5827.4
0,0,6277.6,0,0,7038.4,6641.6,6255.6,0,6450.8,7267.2,5994.2,6024
0,0,6147.4,0,0,6453.6,6987.6,6038.8,0,6282.4,7288.6,6164.8,5278.6
0,0,6308.4,0,0,6183.6,7408,6053.6,0,5981.2,7273,6271.8,5603.4
0,0,6367.2,0,0,6073,7412.8,6148.4,0,6199,7124.2,5554.8,5461
0,0,6304.2,0,0,5917,7435.4,6317.8,0,6378.6,6971,5626.2,5059.4
0,0,6280.6,0,0,5994.2,7360.6,6408.4,0,6506.4,6743,5702.4,5058.8
0,0,6256.4,0,0,6378.2,7153.8,6681.4,0,6437.2,6885.4,6044.2,5449.2
0,0,6247.2,0,0,6685.2,6967.6,6627.4,0,5870.2,6753.8,6216.4,5659
0,0,6201.4,0,0,6718.6,6756.2,6536,0,6130.6,6652.4,6278.6,5702.4
0,0,6231.2,0,0,6638.8,6491,6509.6,0,5961.8,6698,5829,5845.6
0,0,6245.6,0,0,6550.8,6827.4,6510.6,0,5859.2,6830.4,5810.4,5751.2
0,0,6285.4,0,0,6516.8,6731.2,5936.4,0,5694.8,6403.4,5505.6,5731.8
0,0,6368,0,0,6570,6686.2,6431.6,0,5594.2,6680.8,5653,5749.2
0,0,6548.6,0,0,6662,6635.2,6308,0,5961.8,6554.2,5676.6,5847.2
0,0,6665.8,0,0,6550.4,6688,6257.6,0,5689.6,6616.2,5421.4,6039.4
0,0,6756.8,0,0,6436.4,6638.2,6149.2,0,5382,6378.8,5561.2,5793.4
0,0,6789.8,0,0,6469.2,6643.2,5932.4,0,4992.2,6232.2,5828.2,5491.8
0,0,6605,0,0,6416,6619,5800.6,0,5225.2,6275.2,5930.4,5283.8
0,0,6063,0,0,6675.6,6055.6,5752.4,0,5541,6256.8,5942.2,5294.8
0,0,6378,0,0,6504.2,6094.6,5831.6,0,5856.8,6332.4,6191.6,5555.4
0,0,6884.2,0,0,6291.4,6251.4,6122,0,5504.2,6163.4,6297.8,5929.6
0,0,6950.4,0,0,6492.4,6426.4,6515.8,0,5692,6152.6,6199.6,6016.2
0,0,6899,0,0,5815.4,6184,6549.6,0,5241,5501.8,6575.6,5724.2
0,0,6861.2,0,0,6483.4,6568.2,6513.6,0,5250,6102.4,6518,4989.8
0,0,6714,0,0,6489.8,6726,6326.6,0,5288.4,6336,6566.6,4923.8
0,0,6330,0,0,6460,6584.4,6247.2,0,5147.8,6386.4,6491,5206.4
0,0,6390.4,0,0,6395.8,6272,6227.6,0,5326.6,6673.6,6437.2,5664.4
0,0,6881.8,0,0,6373.4,6556.4,6192.8,0,5558,6747.6,6081.4,5966.2
0,0,6744.2,0,0,6204.8,7290.2,6207.6,0,5880.4,6726,5966,6304.8
0,0,6483.8,0,0,6034.6,7352,5776.2,0,5723.8,6738.6,6151.6,6130.8
0,0,6368.2,0,0,6142.4,7282.6,5518.2,0,5802,6700.6,6235.6,5891.4
0,0,6464.4,0,0,6250.6,7252.2,5764.8,0,5734.4,6616,6252.6,5796.4
0,0,6497.4,0,0,6389.6,7336.2,5986,0,5797,6657,6189.4,5909.6
0,0,6464.6,0,0,6374.8,7319.2,6152.8,0,5819,6679.2,6044.2,5911.4
0,0,6361.2,0,0,6253.6,6960.2,6118.6,0,5828,6563.8,5946.6,5853.6
0,0,6235.6,0,0,6120.6,6966.6,6208.8,0,5774.8,6618.6,6005.2,5752.4
0,0,5988,0,0,5688.8,6825,6162,0,5646.2,6518.8,6023.2,5692.8
0,0,5411.8,0,0,5853.4,6291.8,6115.2,0,5527.6,6323.8,5975,5708
0,0,6127.2,0,0,6140.8,6579.2,5684.4,0,5808.4,6344,5760,5682
0,0,6023.8,0,0,6111.2,6938.4,5822,0,5640,6299.8,5981,5634.8
0,0,5872.2,0,0,6065.6,6349,5897.4,0,5418.6,6393.2,5960,5421.4
0,0,5732,0,0,6032.4,6042.8,5813.4,0,5052.6,6030.8,5913.6,5109.2
0,0,6007.8,0,0,5930.6,6495.4,5705.8,0,4947.6,6233,5719.8,4658.8
0,0,6020.2,0,0,5982.4,6985.2,5474.8,0,4953.4,6020.4,5432.4,4525.4
0,0,5982.2,0,0,5932.2,6665.8,5278.4,0,5154,6360.8,5567.2,4632.8
0,0,5958,0,0,5956,6532.6,5240.2,0,4925,6370.8,5595.8,5040
0,0,5856.8,0,0,5768.8,6508.2,5351.4,0,5419.6,6356.2,5614.2,5150
0,0,5314.2,0,0,5999.8,5957.4,5439,0,5490.4,6363.8,5563.4,5485.6
0,0,5275.8,0,0,6016.4,5886,5699.8,0,5501.8,6297,5556.2,5485.6
0,0,5386.6,0,0,5786,6015.6,5686.8,0,5194.4,6421.2,5563,5104.4
0,0,5914.4,0,0,5547.8,6579.4,5801.4,0,4937,6478.4,5538.6,4370.8
0,0,5895.4,0,0,5753.8,6378.2,5706.6,0,4991.4,6519.2,5506.4,4183.8
0,0,5855.8,0,0,6299.6,6062.8,5681.4,0,4924,6525.8,5485.2,4435.2
0,0,5834.8,0,0,6358.8,6006,5758.6,0,4842.2,6606.8,5447.4,4264.4
0,0,5789.8,0,0,6320.8,5827.4,5831.4,0,4755.6,6665.6,5502.6,4352.6
0,0,5784.2,0,0,6213.6,5394.6,5709,0,4868.2,6696.6,5466.6,4262.4
0,0,5728.4,0,0,5976.6,5354.8,5427.2,0,4839,6493.8,5480,4201.6
0,0,5673.6,0,0,5686.6,5433.2,5724.2,0,4738.6,6380.2,5432.2,4168.6
0,0,5390.2,0,0,5982.6,5830,4997.2,0,4744.6,5877,5297.4,4145.4
0,0,5486.8,0,0,6091.2,5963.4,4704,0,4538.6,6055.4,5003.4,4125.4
0,0,5566.4,0,0,6284.4,5848,5155.2,0,4586.4,6426,5176.6,4093
0,0,5579,0,0,6320.2,6599.2,5379.6,0,4530.2,6607.8,5283.6,3789
0,0,5543.4,0,0,5991.2,6472.4,5079.2,0,4514.4,6535.8,5272.6,3932.4
0,0,5240,0,0,5913.6,6427,4911,0,4515.2,6536.6,5310,3763.8
0,0,4809,0,0,6159.8,5461.6,5039.4,0,4353.4,6633.6,5382.4,3789.2
0,0,4943.6,0,0,6166.2,5211.4,5423.6,0,4450.2,6617.8,5233.6,3858.6
0,0,5073.4,0,0,5798,5302,5681,0,4791.2,6602.4,5126.6,4041.6
0,0,5183,0,0,5792.6,6044.8,5313.2,0,4774.4,6556.4,5132.6,4089.8
0,0,5529.2,0,0,5849.6,6487.4,4660.2,0,4700.6,6589.2,5309.8,4254.6
0,0,5590.6,0,0,6189.6,6323.4,4625.8,0,4633.8,6306.2,5284.4,4304.6
0,0,5848,0,0,6299.2,6671,5317,0,4616.4,6144.4,5196.8,4311.4
0,0,5792.6,0,0,6040.8,6642.6,5916.2,0,4791.6,6342,5338.8,4355.4
0,0,5607.2,0,0,5777,6584.6,5526.2,0,5358.8,5885,5073.6,4534
0,0,5613.4,0,0,5735.8,6546.8,5480.4,0,5684.2,5891.2,5035.8,4877.2
0,0,5729.8,0,0,5693,6541.2,5517.6,0,5572.2,5917.4,4931.4,4847
0,0,5713.8,0,0,5592.4,6510,5671.8,0,5601,6368.6,4871,4959.6
0,0,5658.4,0,0,5262.8,6109,5951.2,0,5539.6,6504.8,4954.4,5086
0,0,5566.8,0,0,5666.8,6370.6,5959.6,0,5221.8,6488.4,5228.6,4840
0,0,5296.2,0,0,5543.2,6098.6,5478.4,0,4981.6,6275.8,5266,4702.6
0,0,4948.8,0,0,5185.6,5829.8,5593.8,0,4963.8,6045.6,5254.4,4529.2
0,0,5019.2,0,0,5104.4,5756.4,5836.2,0,4959.6,6426.8,5246.2,4236.2
0,0,5168,0,0,5414,5913.6,5641.4,0,4916.8,6082.4,5188,4221.6
0,0,5610.4,0,0,5165.8,6325.8,5497,0,4922.4,6105.8,4971,4326.4
0,0,5631.4,0,0,5121.8,6140.4,5488.4,0,5333.6,6296.2,5112,4614.6
0,0,5633.6,0,0,5610.8,5917.2,5583,0,5217.4,5975.8,5158.4,4722.6
0,0,5609.6,0,0,5729.2,6066.4,5476,0,5255,5758.8,4991.4,4871.6
0,0,5613.8,0,0,5521.8,6232.4,5186.8,0,5242.4,5819.4,5068.4,4879.2
0,0,5622.4,0,0,5393,6244.8,5617.2,0,5077.2,6155.8,5077.2,4862
0,0,5511,0,0,5274.2,6257.6,5843.6,0,4841.2,6241,5095.6,4727.8
0,0,5130.2,0,0,5377.6,6170.8,5723.6,0,5148.6,6165.2,5028,4615
0,0,5068.4,0,0,5218.4,5962.6,5618.4,0,5291.6,6022.4,5103.2,4920.4
0,0,5111.6,0,0,5150,5392,5566.4,0,5283.2,6267.8,5128.2,5012
0,0,5064.2,0,0,5140.8,5205.2,5743.2,0,4996.8,6237.4,5061.8,4734.2
0,0,5003.4,0,0,5106.2,5390.8,5618.4,0,4701,6021.2,5023.4,4688.8
0,0,4960.4,0,0,5069.2,5480.2,5150,0,4682.6,5784.4,4851.4,4479.8
0,0,4918.2,0,0,5073.4,5090.4,5091,0,4727,5960.4,4977,4289.6
0,0,4861.2,0,0,5086.6,5033.6,5144,0,4587.8,6006.6,4958.6,4182.4
0,0,4399.6,0,0,5073.4,4581,5052,0,4985.2,5758.4,4818.2,4452.2
0,0,4351.4,0,0,5042.8,5059.6,4716.6,0,5115.4,5670.8,4718.6,4672.4
0,0,4357.4,0,0,5079,5504.8,4879,0,4842.2,5956.6,4749.8,4723.4
0,0,4317.2,0,0,4911.8,5479.2,4946.6,0,4789.8,6079.2,4774.8,4899.4
0,0,4430.4,0,0,4779.8,5376.2,5063,0,4738.8,6055.6,4730,4861
0,0,4877.4,0,0,4978.2,5171.6,5347.2,0,4818.6,6049.2,4692.4,4803.8
0,0,4598.2,0,0,4676,5295.8,5338.4,0,5248.8,6051.2,4659.6,4750
0,0,4554,0,0,5193.8,5494.4,5264.2,0,5257.8,6047.2,4619.8,4726
0,0,4571.4,0,0,5591.6,5431,5108.8,0,5185.6,6025.6,4345.4,4712
0,0,4467.8,0,0,5302.2,5376.6,5252.6,0,5146.2,5880.8,4298.2,4483
0,0,4770,0,0,5182.8,5713.4,5061.4,0,4997.6,5535.4,4500.6,4422
0,0,5015,0,0,5141.4,5721.8,4860.8,0,4817.4,5257.6,4397,4128
0,0,5108.8,0,0,5454.8,5670.6,4543.6,0,4771.4,4904.8,4257.4,4184.8
0,0,5157.2,0,0,5668,5653.6,3899.8,0,4727,4687.8,4002.8,4612.6
0,0,5050.6,0,0,5623.2,5670.2,4552.6,0,4702.8,5123.8,4310.4,4649.4
0,0,4970.2,0,0,5585.4,5596.6,4975.2,0,4643.4,5737,4282.4,4597.2
0,0,4799,0,0,5544.6,5497.4,5164.8,0,4531.8,5653.6,4268.8,4564.8
0,0,4585.8,0,0,5411.2,5285.2,4782.8,0,4381.2,5107.8,4127.8,4487.4
0,0,4793.8,0,0,5375.4,5485,4803.2,0,4390.8,5162.4,4211.8,3831.8
0,0,4614.4,0,0,5056.2,5236.2,4732.2,0,4320.6,4638.4,4220.8,3583.8
0,0,4386.2,0,0,5307,4983.6,4418.8,0,4378,4765.8,4084.4,3516.8
0,0,4373.8,0,0,5122.8,4983,4609.2,0,4644,5001,4163.6,3753.8
0,0,4410.6,0,0,4732,5020.2,4582.6,0,4476,4629.4,4232.6,3644.4
0,0,4545.8,0,0,4878.2,5142.6,4329,0,4146.2,4402.2,4136.8,3511.4
0,0,4793.8,0,0,4786,5353.4,4698,0,4120.2,4821,4266.2,3580.6
0,0,4771.6,0,0,5020.6,5322,4820.6,0,4549.4,5093.2,4254.6,4015.6
0,0,4518.4,0,0,5156.8,5069.4,4705,0,4619,5270,4200.6,4365.2
0,0,4318.6,0,0,5152.2,4766.6,4875,0,4643,5303.6,4128.6,4378
0,0,4269.8,0,0,5136.2,4790.8,4921.2,0,4547.4,5349.4,4082,4377.2
0,0,4225.4,0,0,4701,4785.2,4968.4,0,4470.2,5178.2,4060.8,4359.4
0,0,4209.6,0,0,4639.6,4737.8,4950,0,4424.8,5037,4036.6,4325.8
0,0,4442.2,0,0,4578.6,4938.4,4899.2,0,4416.2,4769.6,4024.8,4269.8
0,0,4572.6,0,0,4538.8,5004.8,4701.6,0,4204.6,4590.4,4029.4,4075.8
0,0,4623.4,0,0,4636.4,5018,4604.4,0,4438.6,4417.8,4006.2,4275
0,0,4643.6,0,0,4871.2,5001.4,4514,0,4488.8,4613.6,3992.4,4271.8
0,0,4642.8,0,0,4981.6,4867,4633.4,0,4365,4797.4,3955.4,4188.2
0,0,4627.8,0,0,4947.6,4556.4,4803.6,0,4249.8,5161.8,3949.2,4059.4
0,0,4602,0,0,4913.8,4522,4721.4,0,4332.4,5209.8,3999.6,4154.4
0,0,4639,0,0,4879.8,4871.2,4598.4,0,4121.4,4922.2,4026.8,4055
0,0,4664,0,0,4863.2,4930.6,4483.2,0,4188.6,5036.8,4027.4,4098.6
0,0,4764.8,0,0,4851.6,4925.8,4152.8,0,4140.8,4758.4,4059.6,3995.4
0,0,4925.8,0,0,4813.8,4896.8,4193.6,0,4149.2,5001.4,4131,4078.6
0,0,4920.2,0,0,4763.4,4864.4,4393,0,4084.8,5069,4076.8,4009.4
0,0,4825,0,0,4746.6,4813.2,4425.6,0,4037.6,4833,4022.6,3970.4
0,0,4616.8,0,0,4721.8,4720.8,4347.2,0,4045.8,4665,3983,3851.4
0,0,4365.4,0,0,4696.2,4498.4,4247.4,0,4011.6,4681.6,3912.6,3842.4
0,0,4349.6,0,0,4500.4,4421.4,4544.2,0,3986,4735.8,3874.2,3852.6
0,0,4328,0,0,4129.8,4411,4269,0,3987.2,5073.6,3808.6,3887.4
0,0,4361.4,0,0,4096.8,4486.6,4117.6,0,3973.4,5012.8,3729,3859.2
0,0,4521.4,0,0,4057.8,4686.4,4064.4,0,3910.6,4974.8,3625.6,3834.2
0,0,4440.4,0,0,4059,4655.8,4015.4,0,3858.8,5021,3538.6,3767.4
0,0,3977.8,0,0,4065.8,4631.6,4023.8,0,3795.4,4933,3458.8,3681.4
0,0,4090.4,0,0,4422,4596.4,4048,0,3722,4662.6,3425.4,3602.8
0,0,4192.4,0,0,4494.2,4539.2,3954.6,0,3673.2,4540,3399.6,3557
0,0,4149.2,0,0,4408.2,4478.6,3889.2,0,3648.8,4214.8,3351.4,3534.2
0,0,4089.8,0,0,4439.4,4431.2,3679.6,0,3624.6,4585,3323.2,3506.2
0,0,4039.8,0,0,4411.8,4352.4,3851,0,3595.6,4843.2,3287,3472.8
0,0,3835.6,0,0,4335.2,4130.8,3785.6,0,3543.2,4518.2,3252.4,3444
0,0,3828.4,0,0,3998.8,4136.6,3543,0,3495.2,4372.6,3131.2,3409.6
0,0,3821.6,0,0,3806,4134.8,3404.4,0,2958.8,4161.6,3055.6,2904.6
0,0,3756.8,0,0,3687.8,4027.4,3452.8,0,3337.8,4294.2,3125.6,3010.6
0,0,3895,0,0,3863,4106,3450.8,0,3316.6,4541.2,3033.4,3341
0,0,3990.6,0,0,3850.6,4182.4,3207.2,0,3164.4,4273.4,2901.2,3344.4
0,0,4002.6,0,0,3912.8,4153,3312.8,0,3276.2,4318.8,2990,3340.4
0,0,4001.6,0,0,4231.8,4123.8,3434.8,0,3419,4478.6,3093.4,3320.6
0,0,4004,0,0,4211.8,4095.8,3282,0,3301,4420,2970.6,3304.4
0,0,3994.6,0,0,4201.4,4047.8,3206,0,3264.6,4367.6,2883.8,3290.6
0,0,3982,0,0,4129.2,3986.6,3107.6,0,3052.6,4303.6,2796,3258.8
0,0,3989.4,0,0,4082,3962.4,3095.2,0,3127.4,4327.6,2744.8,3247.4
0,0,3953.6,0,0,4117.6,3926,3107.6,0,3163.4,4290.8,2717.2,3207.6
0,0,3896.4,0,0,4100.6,3894.4,3031.6,0,3039.6,4216.6,2640.4,3115.6
0,0,3874.2,0,0,4101,3875.4,3029,0,2962,4159.6,2625.4,3037
0,0,3856.4,0,0,4096.2,3856.8,2984.6,0,3124.8,4063.8,2598.6,3057.8
0,0,3802.6,0,0,4071,3823.2,2935.6,0,2747.8,3998.6,2487.2,2891.8
0,0,3749.4,0,0,3986.6,3776.2,2792,0,2799.2,3855,2359,2828
0,0,3694.4,0,0,3603,3724.4,2824.8,0,3020.4,4010,2233.4,3171.2
0,0,3608.4,0,0,3813,3585,2881.8,0,2757.2,3824,2371.4,2920.8
0,0,3540.8,0,0,3808.6,3508,2559.8,0,2865,3822,2306,3033.8
0,0,3575.8,0,0,3716,3565.8,2525,0,3019.2,3819.6,2292.8,3122.6
0,0,3448.6,0,0,3722.4,3462.2,2759.4,0,3165.2,3692,2398.2,3114.4
0,0,3437.2,0,0,3802.2,3470.6,2755.2,0,3070.8,3853.6,2381.4,3087.4
0,0,3432.2,0,0,3709.4,3444,2900.4,0,2920.6,3821.4,2348.6,3050.6
0,0,3448.8,0,0,3487.6,3427.6,2934.2,0,3054.8,3795.6,2327.6,2981.8
0,0,3465.2,0,0,3310.4,3413.2,2916.8,0,2849.8,3767,2287.8,2736.4
0,0,3480.4,0,0,3428,3390.2,2726.4,0,2820.6,3606.6,2271,2686.8
0,0,3478.6,0,0,3528.4,3362.6,2638,0,2802.2,3656.2,2216,2506
0,0,3449.6,0,0,3608,3338.8,2729.4,0,2773,3596.4,2167.8,2543
0,0,3414,0,0,3584.8,3312.6,2683,0,2560.2,3550.4,2093.4,2564.8
0,0,3374,0,0,3429.6,3277.2,2687.2,0,2699.8,3441.6,2059,2464
0,0,3331.8,0,0,3233.2,3239.6,2630.2,0,2698.4,3389.8,2009,2401.2
0,0,3284.6,0,0,3140.2,3202.8,2731.6,0,2666.8,3370.6,1984.8,2399
0,0,3179.2,0,0,3274.2,3163,2682.2,0,2659,3210.6,1972,2386.6
0,0,3043.8,0,0,3360,3116.2,2385,0,2657.8,3169.2,1958.2,2367.6
0,0,3013.4,0,0,3226.2,3105.6,2308.8,0,2632.6,3156.6,1942,2324
0,0,2994,0,0,3115.2,3077,2669.4,0,2357.2,3326.6,1909.6,2294.2
0,0,2732.2,0,0,3108,3038.4,2596,0,2199.6,3471.8,1885.8,2310
0,0,2883,0,0,3067.6,2978.2,2463.2,0,2400.4,3497,1903.4,2478.2
0,0,2858.2,0,0,2862.8,2892.4,2754,0,2781.8,3456.8,1861.4,2504.6
0,0,2864.6,0,0,2769.2,2695.6,2757.8,0,2754.6,3416.6,1825.4,2554.2
0,0,2819.6,0,0,2682.6,2612.4,2738.2,0,2591,3371.4,1767.8,2565.8
0,0,2784.2,0,0,2634.8,2599,2705,0,2587.6,3273.4,1729,2566.6
0,0,2708.4,0,0,2589.2,2719.8,2465,0,2626.4,2874.8,1686.6,2581.6
0,0,2605.6,0,0,2653.4,2739.6,2251.8,0,2377,2873.4,1612.2,2402.8
0,0,2616.4,0,0,2688.8,2750.6,2216.6,0,2451.8,2768.6,1631,2441.2
0,0,2589.2,0,0,2558.6,2727.6,2218.4,0,2374.2,2870,1543.4,2371.6
0,0,2522,0,0,2795.8,2677.6,2424.2,0,2190,3029,1531.4,2278.6
0,0,2464,0,0,2858.2,2619.6,2394.6,0,2105,3046.4,1476.8,2280.8
0,0,2468.8,0,0,2895.4,2647,2384,0,1952.4,3087.2,1424.6,2195
0,0,2479.6,0,0,2634.6,2662,2398.8,0,2119,3081.6,1417.6,2092.8
0,0,2467,0,0,2496.2,2640.4,2336.4,0,2164,3059.4,1361.6,2026
0,0,2459.2,0,0,2906,2619,2278.8,0,2261.2,2940.4,1330.8,1993.6
0,0,2426.6,0,0,2812.6,2597.4,2006.2,0,2384.2,2752.2,1308,2145
0,0,2402.6,0,0,2609,2584.6,2192.4,0,2450.2,2820.6,1274.8,2261.6
0,0,2332.4,0,0,2622.8,2521.4,2194.6,0,2436.2,2831.4,1248.8,2310.4
0,0,2255.8,0,0,2742.4,2460.4,2017,0,2287.6,2630,1282.6,2335.2
0,0,2218.2,0,0,2743,2261,1924.8,0,2125.4,2667.6,1265.2,2246.8
0,0,2239.4,0,0,2342,2183.2,1932.8,0,2191.6,2869.8,1220.2,2113.8
0,0,2184.2,0,0,2264.4,2133.4,2029.4,0,1989.8,2842.6,1203.4,2066.2
0,0,2145.2,0,0,2329.8,2262.8,2141.8,0,1972,2803.6,1179.2,2101.6
0,0,2110.4,0,0,2438.2,2267.6,2082,0,1919,2765.8,1155,2147.4
0,0,2019.4,0,0,2392.8,1997.2,2084.2,0,2070.8,2731,1138.8,2157.4
0,0,1851.6,0,0,2288.2,1958,2063,0,2107.6,2679.6,1122,2055.2
0,0,1981.2,0,0,1963.2,1923.8,2029.4,0,2025,2584.6,1101,2010.6
0,0,1958.8,0,0,1778,1991.8,1988.8,0,1961.2,2565.6,1083.2,1909
0,0,1925,0,0,1809.2,2096.6,1962.4,0,1949.6,2589.4,1093,1891.4
0,0,1900.4,0,0,2147.8,2052.4,1734,0,1906.4,2482,1057.8,1845.4
0,0,1908.2,0,0,2100.4,2042.6,1616,0,1876,2442,1039.4,1823.2
0,0,1871.4,0,0,1965.4,2015.8,1737.8,0,1808.6,2506.4,1020.8,1785
0,0,1847.6,0,0,2168.4,1914.6,1876.8,0,1731,2491.6,1010.8,1742.6
0,0,1798.8,0,0,2198,1747.6,1879,0,1544.2,2441,1018.2,1736.2
0,0,1782.2,0,0,2193,1753.8,1843,0,1626.4,2389.6,1001.8,1708.2
0,0,1749.6,0,0,2207.8,1640.8,1815.4,0,1810.2,2331.2,980,1671.2
0,0,1726.8,0,0,2152.8,1609.6,1759.8,0,1500.8,2305.8,959.6,1352.8
0,0,1708.2,0,0,2112.6,1577.4,1688.8,0,1451,2267.4,938.8,1337.8
0,0,1683.8,0,0,2077.2,1524.8,1664.4,0,1409.4,2233.2,923,1324.8
0,0,1655,0,0,2047.6,1455.2,1665.6,0,1393.2,2208.2,907.2,1340.6
0,0,1622.2,0,0,2001.6,1521.4,1655,0,1391,2167.6,886.6,1336.8
0,0,1598.8,0,0,1983,1591,1628.4,0,1354.4,2136,870.4,1269.6
0,0,1570.2,0,0,1936,1476.2,1590.2,0,1303,2107.6,854.4,1249
0,0,1535.2,0,0,1829.6,1479.6,1556,0,1263.6,2084.6,831.6,1222.8
0,0,1501.8,0,0,1875.4,1524.8,1550.8,0,1217,2067.4,818.8,1191.6
0,0,1470.2,0,0,1898.4,1498,1536.4,0,1162.4,2036.2,804.2,1148.4
0,0,1437.2,0,0,1889.6,1454.6,1503.8,0,1143.2,2010.2,786.8,1136.4
0,0,1401.4,0,0,1872.2,1416.4,1478.2,0,1126.2,1988.8,768.4,1110.6
0,0,1371.8,0,0,1841.4,1391,1435.2,0,1098.2,1968.4,750.8,1107
0,0,1344,0,0,1797.6,1330,1408.6,0,1080,1933.8,741.4,1123.6
0,0,1323.2,0,0,1738.8,1232,1361.4,0,1071.6,1887.2,723.8,1135.6
0,0,1299.6,0,0,1679.6,1152.6,1346,0,1042,1834.4,707.6,1121.6
0,0,1260.6,0,0,1632.2,1105.8,1305.2,0,987.8,1784.2,692,1106.2
0,0,1232.6,0,0,1570.4,1091.4,1234.4,0,915.8,1736,687.8,1086.6
0,0,1204.4,0,0,1385.4,1078.2,1153,0,850.8,1706.8,676.6,1063.8
0,0,1151.2,0,0,1363.6,1066.4,1104,0,822,1690.8,666.6,1042.4
0,0,1075.6,0,0,1372.2,1051,1064.6,0,791.4,1663.2,653,1001.4
0,0,1045.2,0,0,1404.2,1025.2,1038.8,0,758.6,1672.2,634.6,959.2
0,0,1018,0,0,1505.2,1000.8,1022.6,0,736.8,1639.6,617.2,926.4
0,0,987.2,0,0,1499.4,978.4,1031.4,0,729,1604,609,909.4
0,0,965.4,0,0,1470.2,958,999.6,0,724,1586,594,905
0,0,969.6,0,0,1430.8,933.2,849.8,0,713.8,1557.8,577.6,887.8
0,0,978,0,0,1400.4,915.6,811.6,0,749.6,1518,566.6,857
0,0,977,0,0,1368.8,900.8,788.6,0,732.4,1479,554.6,853.2
0,0,958,0,0,1327.8,884.4,751.4,0,739.8,1345.6,542.6,861.2
0,0,916.6,0,0,1297.2,866.2,703.2,0,722.8,1407.6,531,846.8
0,0,859.4,0,0,1272,843.4,715.2,0,685.2,1370.6,519.6,831.4
0,0,810,0,0,1249,824.6,721.2,0,648.6,1348,504.2,811.8
0,0,759.8,0,0,1238.2,809.8,761,0,657.2,1305.6,490.4,791
0,0,729.4,0,0,1232.2,792.4,778.8,0,629.8,1276.2,479.2,770.4
0,0,692.8,0,0,1213,759.2,776,0,562,1262.4,465.2,752.2
0,0,653.4,0,0,1187.4,729.6,777,0,531,1248.8,450.2,730.8
0,0,620,0,0,1163.2,709.4,794.4,0,534.4,1224.6,435,708
0,0,590.6,0,0,1122.8,688.4,798,0,523.8,1178.8,416.8,681.4
0,0,549.8,0,0,994.2,666.8,784.8,0,516,1141.6,393.4,656
0,0,495.6,0,0,967.8,651.6,759.2,0,503.6,1111.6,369.2,619.8
0,0,460,0,0,938.2,635.8,715.8,0,479.4,1061.2,356.8,582.8
0,0,445,0,0,896.6,615.6,682.8,0,452.8,1001.2,347,553.8
0,0,433.4,0,0,859.4,601.4,642.6,0,423.2,920.8,333.8,536.2
0,0,421.4,0,0,834,584.2,591.4,0,419,872.6,323.6,535
0,0,402,0,0,809,572.4,522,0,414.6,832.8,307.4,517.6
0,0,383.2,0,0,768.2,543.8,489.4,0,381,792.4,276.4,499.6
0,0,356.8,0,0,731.8,515.6,468.6,0,317.8,756.2,246,482.4
0,0,338.6,0,0,705.8,491,457,0,287,713.6,226.8,465
0,0,319.2,0,0,694.4,476.4,442.2,0,268,673.4,209.4,449.4
0,0,309.4,0,0,674.2,462.6,419.4,0,254.4,646,200.8,428.2
0,0,308.2,0,0,661.6,445.6,387.4,0,250.4,626.4,194,408
0,0,300.8,0,0,641.6,428.2,359.6,0,246.2,632,187.6,392.2
0,0,289,0,0,620.2,412.8,349.8,0,240,641.8,172.2,374.4
0,0,274,0,0,593.2,394.2,348.2,0,220.2,614.6,157.4,354.2
0,0,255.4,0,0,563.8,380.2,343.6,0,215.6,557.4,149,336.6
0,0,234.6,0,0,528.4,365.8,327.4,0,211.2,512.2,140,320.4
0,0,224,0,0,479.2,350,309,0,218.6,485.6,135.8,303.2
0,0,211.4,0,0,465.2,334.6,290.2,0,226.2,461.6,129,281.4
0,0,199.8,0,0,462.8,317.2,270,0,219.8,436.4,125.6,260.8
0,0,191.6,0,0,438.2,301,254.8,0,206.2,399.4,118,242.2
0,0,179.2,0,0,409.4,286.4,236,0,191.6,365.8,109.8,225
0,0,165.8,0,0,381.8,272.2,214,0,184.2,339.8,99.6,209
0,0,155,0,0,348.8,256.4,192.2,0,176.8,300,84.6,194.4
0,0,145,0,0,319.4,236.2,170.6,0,159.2,257,78.6,180.2
0,0,135,0,0,297.2,220.2,148.6,0,140.2,239.8,70.4,165
0,0,126.4,0,0,276.6,205.8,133,0,128.2,227.8,62,153.4
0,0,118.6,0,0,257.4,191.6,120.2,0,120.6,209,56.6,140.8
0,0,110.6,0,0,238,177.4,106.2,0,111.8,187,56.6,127.4
0,0,102.8,0,0,220.2,164.2,92.2,0,102.6,169.8,57.2,114.2
0,0,92.8,0,0,202.8,151.4,82,0,91.8,157.4,53,100.8
0,0,81.4,0,0,185.4,138.2,74.2,0,83.4,148.8,49.2,87.4
0,0,70,0,0,170.2,121.6,66.4,0,75.2,140,44.8,77
0,0,61.8,0,0,155,106.8,60.4,0,67,127.4,39.6,67
0,0,54.2,0,0,138.8,97.4,63.2,0,60.2,113.8,27.2,58.6
0,0,45.6,0,0,122.6,90.2,58.4,0,54.2,99.8,21,49.8
0,0,38.6,0,0,106.4,82.6,50.2,0,48,87.4,21.2,41.2
0,0,31.8,0,0,93.2,73.6,44.2,0,35.2,76,18,32.8
0,0,25.6,0,0,76.4,64.4,36.8,0,26,70.2,11.8,25.4
0,0,20.4,0,0,57,48.8,28.8,0,20,62.2,11.8,20.4
0,0,13.8,0,0,44.8,47.6,22.2,0,14.4,55.6,9.8,14.4
0,0,7.6,0,0,36,37.8,17.4,0,9.6,50.2,9.6,9.4
0,0,2.8,0,0,27.2,35.4,12.4,0,11.2,44.4,11.4,4.2
0,0,-0.6,0,0,20.8,30.4,2.2,0,11.8,32.6,15.2,0
0,0,-4.6,0,0,14.6,26.6,-13,0,8.2,21.4,28.2,-1.6
0,0,-8.2,0,0,8.2,28.4,-15.8,0,6.2,15.6,30,-6.6
0,0,-11.2,0,0,2.6,27.4,-20.4,0,5,13.4,30.8,-7.2
0,0,-12.6,0,0,-1.4,27.2,-25.8,0,3.8,10.4,30.2,-10.8
0,0,-15.2,0,0,-3.4,26.4,-28.2,0,1.4,12.6,28,-13.2
0,0,-17.4,0,0,-5,24,-17.6,0,-1,17.2,12.8,-15.4
0,0,-19.6,0,0,-9.4,23.4,-20.4,0,-1.8,12.6,7.8,-16.8
0,0,-21.2,0,0,-13.2,19.8,-21.6,0,-2.4,9.2,2.2,-18.6
0,0,-21.4,0,0,-17.2,15,-21.4,0,-4.8,6,-5.6,-15.6
0,0,-21,0,0,-20.2,9.6,-23.6,0,-8.2,3.8,-15,-15.2
0,0,-21.8,0,0,-21.6,3.8,-25.4,0,-12.4,0.2,-24.6,-15.4
0,0,-23.6,0,0,-20.8,-3.4,-24.4,0,-17.2,-7,-29,-15.6
0,0,-23.4,0,0,-22,-12.6,-24.4,0,-20.6,-13.8,-33.4,-17.8
0,0,-23.8,0,0,-25.8,-20.4,-21.2,0,-23.4,-19,-35.4,-18.2
0,0,-23.8,0,0,-29.2,-26,-19.2,0,-26.4,-24.4,-35.2,-18.8
0,0,-24,0,0,-32.6,-30.2,-17.4,0,-28,-26.6,-18.4,-17.8
0,0,-24.2,0,0,-34.8,-31.4,-17.6,0,-27.8,-26.2,-14.2,-19.8
0,0,-25.6,0,0,-35.8,-32,-16.8,0,-28.2,-24.6,-13.8,-18
0,0,-26.4,0,0,-36.2,-32.2,-14.6,0,-26.6,-26.4,-16,-17.6
0,0,-29.4,0,0,-33.2,-31.8,-15,0,-27.2,-26.4,-17.6,-18.2
0,0,-24.8,0,0,-30.4,-32.4,-14.8,0,-28,-26.6,-19,-17
0,0,-20.2,0,0,-30.6,-32.8,-14.4,0,-29,-24.4,-20.2,-15.6
0,0,-20,0,0,-31,-29,-14.2,0,-30,-26.2,-20.4,-16.6
0,0,-20,0,0,-31.4,-25.8,-14.4,0,-31,-27,-20.8,-17.8
0,0,-20,0,0,-31.8,-24,-14.4,0,-32.4,-27.8,-21,-18.6
0,0,-20.6,0,0,-28.4,-25.2,-14.2,0,-29.6,-27,-21.8,-19.8
0,0,-20.2,0,0,-25,-26.2,-13.6,0,-28,-27.4,-22,-19.6
0,0,-21,0,0,-18,-22.8,-13,0,-20.2,-27.6,-23,-17
0,0,-17.4,0,0,-8.6,-21.6,-13.4,0,-15.8,-27.4,-23.4,-17.2
0,0,-16.8,0,0,-9.2,-18.4,-13.6,0,-9.6,-27.4,-22.6,-17.6
0,0,-17.6,0,0,-10.2,-16.4,-14.2,0,-9.6,-27.6,-20.6,-18.6
0,0,-10.2,0,0,-11.6,-13.4,-14.4,0,-9.4,-27.6,-16,-18.4
0,0,-7.8,0,0,-11.6,-10,-14.4,0,-9.2,-26.6,-12.6,-17.4
0,0,-7.6,0,0,-11.6,-10,-14.4,0,-9.4,-26.6,-12.6,-17.2
0,0,-7.8,0,0,-12,-7.6,-14.6,0,-6.8,-18.8,-13.2,-17.6
0,0,-8,0,0,-9.4,-3,-14.6,0,-7.4,-10.8,-13.2,-19
0,0,-8,0,0,-4.4,-1.8,-14.8,0,-8.2,-10.4,-13.2,-17.4
0,0,-12.2,0,0,-4.4,-2.8,-14.8,0,-8.6,-10.6,-12.8,-15.8
0,0,-13.8,0,0,-5.6,-3.2,-14.8,0,-8.2,-10.8,-13.2,-10.8
0,0,-11.6,0,0,-6.2,-3.2,-15,0,-7.6,-11,-13.4,-7.8
0,0,-10.6,0,0,-7.6,-3.2,-14.6,0,-6.2,-10.6,-11.8,-8
0,0,-10.4,0,0,-6.6,-3.2,-14.6,0,-7.6,-10,-11.6,-8
0,0,-9.8,0,0,-5.2,-2.8,-15.2,0,-8,-9.4,-11.4,-8.8
0,0,-10.6,0,0,-4.8,-3.4,-15,0,-8.4,-10.2,-12,-9
0,0,-10,0,0,-4.6,-5.4,-14.8,0,-8.4,-11,-12,-9.2
0,0,-9.4,0,0,-4.4,-7.2,-14.8,0,-9.4,-9.8,-12.4,-10
0,0,-10,0,0,-4.4,-7.8,-14.4,0,-9.8,-9.6,-12.2,-10.8
0,0,-10.8,0,0,-5,-8,-14.2,0,-10.6,-9.8,-11.8,-12
0,0,-10.6,0,0,-5.2,-8.2,-14.6,0,-9,-9.6,-12.2,-10.4
0,0,-9.8,0,0,-5.4,-8,-14.4,0,-7.8,-9.4,-12.2,-9.6
0,0,-9,0,0,-4,-8.2,-15,0,-7.8,-9.4,-12.8,-9.6
0,0,-9.4,0,0,-2.8,-8.6,-15,0,-8.2,-9.4,-13.2,-9
0,0,-9.6,0,0,-3.4,-8.8,-14.6,0,-6.8,-9.8,-13.2,-8.2
0,0,-9.6,0,0,-4.8,-8.8,-14.6,0,-6.6,-10.8,-13,-8
0,0,-9.6,0,0,-5.4,-8.8,-14,0,-6.8,-11.6,-16.8,-7.8
0,0,-10.6,0,0,-5.8,-8.4,-14.8,0,-7.6,-11.6,-17.8,-9.2
0,0,-11,0,0,-6,-6.4,-14.6,0,-8.2,-10.2,-18.2,-9.8
0,0,-10.8,0,0,-6.2,-6,-14.8,0,-8.4,-9.6,-14.4,-10.6
0,0,-10.8,0,0,-5.6,-4.8,-14.4,0,-8.4,-8.8,-13.4,-11
0,0,-10.6,0,0,-6,-2.8,-14.8,0,-8.6,-8.4,-16.2,-8.2
0,0,-8.8,0,0,-5.6,-3.2,-14.8,0,-6.6,-8.8,-18,-9
0,0,-8.2,0,0,-6,-2.8,-14.4,0,-7,-9.6,-17.8,-9.6
0,0,-6.8,0,0,-6,-2.6,-14.8,0,-6.8,-10.4,-14.8,-10.8
0,0,-7.2,0,0,-6.6,-4.2,-15,0,-6.8,-12.4,-12.4,-10.8
0,0,-8.2,0,0,-5.4,-4.2,-15,0,-6.6,-13.6,-15.8,-10.8
0,0,-9.4,0,0,-4,-4.4,-15.2,0,-6.6,-12.8,-16.4,-10.6
0,0,-9,0,0,-2.6,-4.2,-15.2,0,-7.2,-12.8,-16.4,-10.6
0,0,-9,0,0,-2.6,-5.2,-15.2,0,-7.6,-13.2,-11.8,-11
0,0,-8.4,0,0,-3.4,-6.4,-15.4,0,-8.8,-12.8,-12,-11
0,0,-6.8,0,0,-4.2,-7,-15.4,0,-6.8,-13,-15.4,-9.6
0,0,-6,0,0,-4.6,-7,-15.4,0,-7.4,-12,-15.6,-15
0,0,-7,0,0,-4.4,-6.4,-15.8,0,-7.8,-10.2,-14.2,-15
0,0,-8.2,0,0,-4.4,-7,-15.8,0,-8,-10.8,-12,-13.8
0,0,-8.6,0,0,-4.4,-6.8,-15.8,0,-8.2,-10,-12.2,-12.8
0,0,-8,0,0,-3.8,-7,-15.2,0,-8.4,-8.8,-12.2,-9.4
0,0,-7.6,0,0,-5.2,-7.6,-15.4,0,-9.6,-8.6,-12.2,-10
0,0,-7.4,0,0,-5.8,-6.6,-15.2,0,-10.2,-9,-12.8,-10.6
0,0,-7.2,0,0,-5.8,-5,-15,0,-10.2,-7.8,-12,-10.8
0,0,-7.4,0,0,-6,-5,-15.2,0,-8.8,-8.8,-11.4,-10.8
0,0,-7.2,0,0,-6,-6.6,-15.2,0,-8.4,-9.2,-11.8,-10.2
0,0,-7.4,0,0,-5.8,-4.6,-15,0,-8.8,-9,-12.4,-8.4
0,0,-7.6,0,0,-5.8,-3,-14.2,0,-7.6,-8.8,-12.2,-8.2
0,0,-7.8,0,0,-6.2,-1.8,-14.2,0,-7.4,-9.4,-12.6,-8.6
0,0,-7.2,0,0,-5.8,-3,-14.2,0,-7.4,-10.4,-12.4,-9
0,0,-7.4,0,0,-5.4,-3,-14.6,0,-7.2,-11.2,-10.8,-9.6
0,0,-7.4,0,0,-6,-3.4,-14.4,0,-7,-11.6,-10.2,-9.8
0,0,-7.6,0,0,-7.4,-3.4,-14.6,0,-7,-11.8,-10.6,-11
0,0,-8,0,0,-5.2,-3,-14.6,0,-8.6,-11.6,-10.2,-11.2
0,0,-8,0,0,-3.4,-3,-14.6,0,-7.4,-11.8,-10.2,-11.6
0,0,-8,0,0,-4,-3.6,-14.6,0,-6.6,-11.6,-10.6,-11.2
0,0,-7.8,0,0,-4.2,-4.2,-15,0,-6.4,-11.6,-11.2,-10.4
0,0,-7.8,0,0,-4.4,-4,-15.2,0,-7,-10.4,-11.4,-10.6
0,0,-7.6,0,0,-4.6,-4.4,-15,0,-8,-8.8,-12.4,-10.4
0,0,-7.6,0,0,-4.6,-4.4,-15,0,-8.4,-8.6,-12.6,-10.2
0,0,-7.6,0,0,-4.4,-4.4,-15.6,0,-8.6,-9.4,-12,-10.2
0,0,-7.6,0,0,-4.8,-4.8,-15.4,0,-9.6,-9.8,-12.6,-11.6
0,0,-8,0,0,-3.8,-4.6,-14.8,0,-10,-10.6,-12.6,-12.2
0,0,-8.8,0,0,-4,-2,-14.8,0,-11,-8.2,-12.2,-13
0,0,-9.4,0,0,-6.2,-2,-15.2,0,-10.6,-8.4,-12.4,-13
0,0,-9.6,0,0,-5.2,-1.6,-15.6,0,-10.6,-9.2,-12.8,-13.2
0,0,-9.2,0,0,-5.8,-2,-15.4,0,-10.6,-10.2,-13,-9.4
0,0,-9,0,0,-5.8,-2.8,-15.8,0,-10.4,-10.4,-12.6,-8
0,0,-9,0,0,-5.6,-1.6,-14.8,0,-9.2,-12,-12.4,-8
0,0,-9.4,0,0,-5.6,-2.8,-14.6,0,-9,-12.8,-12.2,-8
0,0,-9.4,0,0,-5.4,-5.4,-14.8,0,-8.6,-13,-11.8,-7.8
0,0,-9.6,0,0,-5,-6.8,-14.6,0,-8,-12.4,-10,-7.8
0,0,-9.6,0,0,-5.2,-7,-14.8,0,-8,-12.4,-10,-7.8
0,0,-9,0,0,-6.2,-7.4,-14.6,0,-8,-12.8,-9.6,-8
0,0,-8.4,0,0,-7.4,-7.4,-14.6,0,-8,-12.6,-10,-9
0,0,-6.8,0,0,-6.8,-8,-15.2,0,-8.2,-12.8,-10.2,-10.6
0,0,-7,0,0,-5,-9,-14.8,0,-7.4,-12.4,-10.6,-12.6
0,0,-7,0,0,-4.8,-9.8,-16,0,-6.4,-12.4,-10,-13
0,0,-7.4,0,0,-5,-9,-19,0,-7,-12.4,-11,-13.8
0,0,-7.6,0,0,-5,-8.4,-16,0,-7.4,-12.4,-11.4,-12.2
0,0,-7.8,0,0,-5,-7.8,-16,0,-7.6,-12.2,-12,-11.2
0,0,-7.4,0,0,-4.8,-8,-15.8,0,-8.6,-12,-12,-12.2
0,0,-7.8,0,0,-5.2,-8.6,-15.8,0,-9,-10.6,-12,-12.4
0,0,-7,0,0,-5,-6.4,-16,0,-9.8,-7.2,-12,-13.4
0,0,-6.6,0,0,-4.8,-5.8,-15.8,0,-9.4,-6.8,-11.8,-13.8
0,0,-7.4,0,0,-5.6,-6,-15.8,0,-9.8,-7.6,-12,-13.8
0,0,-7.2,0,0,-6,-6.2,-15.4,0,-10.2,-8.2,-12.6,-13.6
0,0,-7.8,0,0,-6.8,-6.8,-15.2,0,-10.6,-8.6,-13.4,-11.4
0,0,-7.8,0,0,-6.2,-6.8,-15,0,-10.4,-9.8,-13.8,-11.4
0,0,-7.8,0,0,-6,-5.4,-15,0,-10.4,-10.4,-14,-11
0,0,-7.6,0,0,-6.4,-4.6,-15,0,-9.4,-10.8,-14,-10.8
0,0,-7.6,0,0,-6.6,-5,-14.8,0,-8.8,-11.2,-13.6,-11
0,0,-7.4,0,0,-8,-6,-15,0,-8.6,-12.6,-13.8,-11.4
0,0,-7.2,0,0,-8,-6.4,-14.6,0,-8.6,-13.6,-12.6,-11.6
0,0,-7.4,0,0,-8.4,-6.4,-14.8,0,-9,-13.8,-12.8,-12.2
0,0,-7.8,0,0,-8.4,-6.2,-15,0,-7.8,-14,-13,-11.2
0,0,-7.2,0,0,-8.2,-7.4,-15,0,-7.6,-14,-12.4,-11.4
0,0,-7.2,0,0,-7,-7.8,-15.4,0,-6.6,-12.8,-12.4,-10.2
0,0,-7.6,0,0,-8,-8,-15.8,0,-6,-12.8,-11.8,-8.8
0,0,-8,0,0,-7,-7.6,-15.8,0,-6.8,-12.8,-11.4,-9
0,0,-8.4,0,0,-6.4,-7.2,-15.8,0,-7.4,-12.8,-10.8,-9
0,0,-9,0,0,-6.6,-7,-16,0,-7.6,-12.8,-11.6,-9
0,0,-9.8,0,0,-6.6,-6.8,-15.8,0,-8,-12.6,-12,-10
0,0,-10.2,0,0,-6.8,-5.4,-16.2,0,-9,-11,-12.2,-11
0,0,-9.6,0,0,-7.6,-4.4,-16.2,0,-9.4,-9.8,-12.2,-11.6
0,0,-9,0,0,-6.2,-4.6,-16.2,0,-9.4,-7.8,-12.2,-11.6
0,0,-8.4,0,0,-6.6,-4.6,-16,0,-10,-7.2,-12.4,-9
0,0,-8,0,0,-6.6,-4.2,-16,0,-10.6,-7,-12.2,-8.2
0,0,-8,0,0,-6,-4,-16,0,-10.8,-7.4,-11.8,-8.2
0,0,-8,0,0,-5.8,-4.8,-16,0,-10.6,-7.4,-12,-8.4
0,0,-7.8,0,0,-7.2,-4.2,-15.8,0,-10.2,-8.6,-13.6,-8.4
0,0,-7.6,0,0,-7,-4,-15.2,0,-9.8,-10.6,-13.8,-8.6
0,0,-7.2,0,0,-7.8,-4.8,-15,0,-7.8,-12.4,-13.8,-10.4
0,0,-7.8,0,0,-8.8,-6,-15,0,-7.8,-14.4,-13.2,-12
0,0,-7.6,0,0,-10,-6.2,-15,0,-8,-14.4,-13.2,-13.2
0,0,-8,0,0,-10.4,-6.2,-15,0,-8.6,-14.4,-13.2,-13.4
0,0,-6,0,0,-9,-6.2,-15,0,-8.6,-14.4,-13,-13.6
0,0,-5.2,0,0,-8.2,-7,-14.8,0,-9.2,-14.2,-13,-12.8
0,0,-5.2,0,0,-6,-7.4,-15,0,-9.2,-14.2,-13.2,-10.4
0,0,-5,0,0,-6.2,-8.6,-15,0,-9.2,-14,-12.8,-9.2
0,0,-5.2,0,0,-6.6,-9,-15,0,-8.2,-14,-12.8,-8.8
0,0,-5.6,0,0,-7.2,-8.8,-14.6,0,-6.8,-14,-13,-7.2
0,0,-6,0,0,-8.6,-8,-14.4,0,-7.2,-13.4,-13.4,-7.2
0,0,-8.2,0,0,-8.4,-7.8,-14.6,0,-6.8,-12.8,-13.6,-7
0,0,-9.2,0,0,-7.8,-5.2,-15.2,0,289.2,-10.2,-14,289.2
0,0,-9.2,0,0,-6.2,-5.2,-15.4,0,280.6,-10,-14.2,281.2
0,0,-8.8,0,0,-6.2,-5,-15.6,0,279.2,-9.8,-14,280
0,0,-9,0,0,-6.4,-5,-15.4,0,273.8,-7.4,-14.2,276.6
0,0,-9,0,0,-6.2,-5.2,-15.2,0,271.6,-7.6,-14,275.8
0,0,-9.2,0,0,-6,-6.6,-15,0,263.6,-9,-14,267.2
0,0,-9,0,0,-6,-7.8,-15,0,255.6,-9.4,-14,260.2
0,0,-9,0,0,-6,-8.4,-15,0,250.4,-11.2,-14,254.8
0,0,-8.6,0,0,-6,-6.6,-14.8,0,247.4,-11.8,-14.4,251.8
0,0,-7.8,0,0,-5.8,-6.6,-15.2,0,246.8,-12.6,-13.6,249.4
0,0,-7.8,0,0,-7,-6.8,-15.4,0,245,-13,-12.8,245.8
0,0,-8.4,0,0,-8.2,-7.2,-15.6,0,241.8,-13.8,-12.6,239.6
0,0,-9,0,0,-9,-7,-15.8,0,237.6,-14.4,-12.4,235.6
0,0,-9.6,0,0,-10,-6.8,-15.8,0,232,-14.6,-12.4,229.4
0,0,-10.2,0,0,-9.8,-7.8,-16.2,0,227.6,-14,-12.4,224.4
0,0,-9.8,0,0,-6.6,-8.4,-15.8,0,221.8,-14,-13,219
0,0,-8.8,0,0,-5.8,-8.4,-16,0,215,-13.8,-13.6,212.6
0,0,-8.2,0,0,-6,-8.4,-16,0,209.4,-13.8,-14.2,207.2
0,0,-8.6,0,0,-5.8,-8.6,-15.8,0,207.2,-13.8,-14.8,204.4
0,0,-8.6,0,0,-6.4,-7.2,-16.2,0,205.6,-13.8,-14.8,202.4
0,0,-8,0,0,-7,-5.4,-16,0,202,-11.6,-14.6,198.6
0,0,-8,0,0,-9.2,-5,-15.8,0,197.8,-11.2,-14.2,194.6
0,0,-8.6,0,0,-10,-5.4,-15,0,193.8,-11,-13.4,191
0,0,-9.2,0,0,-8.6,-5.2,-14.6,0,191.2,-9.8,-13.6,188
0,0,-9,0,0,-8.4,-5.6,-15,0,187.2,-8.4,-13,185
0,0,-9,0,0,-8.2,-6.4,-14.8,0,181.4,-7.8,-13,181.4
0,0,-9.2,0,0,-6.8,-7,-14.8,0,178.2,-8.4,-12.6,179
0,0,-9.2,0,0,-6.2,-8.4,-15.4,0,174.2,-9.4,-13.4,175
0,0,-9.4,0,0,-6.4,-9,-15.6,0,171,-10.2,-13.6,171.2
0,0,-8.6,0,0,-6.4,-8,-16.2,0,166.4,-11,-13.4,167
0,0,-9.6,0,0,-6.8,-6.6,-15.8,0,162.2,-12.2,-12.8,161.6
0,0,-9.6,0,0,-6.8,-6.4,-15.8,0,158.8,-12.4,-13,157
0,0,-6.4,0,0,-8.2,-6.6,-16,0,157.2,-12.4,-13,154.4
0,0,-5,0,0,-8.6,-6.6,-15.6,0,153.6,-12.8,-13,150.6
0,0,-5.2,0,0,-9.4,-6.6,-15.2,0,148,-13.6,-12.8,145
0,0,-5.2,0,0,-9.6,-7.6,-15.4,0,142.8,-13.8,-13,140
0,0,-5.2,0,0,-7,-8.4,-15.4,0,137.6,-14.2,-13.4,134.4
0,0,-5,0,0,-7.2,-9.2,-14.8,0,133.8,-14,-13.6,129.4
0,0,-5.2,0,0,-7.2,-9.4,-14.6,0,132.4,-13.8,-14,128.2
0,0,-5.4,0,0,-7.6,-8.6,-14.6,0,128.4,-13.4,-13.8,125
0,0,-5.4,0,0,-6.8,-7.4,-14.6,0,125,-13.6,-13.6,121.4
0,0,-5,0,0,-6.4,-5.4,-15,0,122.2,-11.2,-13.8,118
0,0,-5,0,0,-7.6,-5.8,-15,0,118.4,-11.2,-13.8,114.2
0,0,-4.4,0,0,-8.4,-5.8,-15,0,115.4,-11.4,-13.6,110.6
0,0,-5,0,0,-9,-5.4,-15.2,0,111.8,-11.2,-13.2,107
0,0,-5.4,0,0,-7.6,-5.8,-15.4,0,106.4,-9.6,-13.2,101.8
0,0,-6.2,0,0,-8.4,-7.2,-15.2,0,100.8,-8.8,-13.4,97.2
0,0,-6.2,0,0,-8.6,-7.6,-15.6,0,96,-9.2,-13.4,93.8
0,0,-7,0,0,-8.6,-8.8,-15.4,0,92,-9.8,-13.4,89.8
0,0,-7.4,0,0,-8.4,-9.2,-15.8,0,88,-10.4,-13.4,86.2
0,0,-7.2,0,0,-8.8,-9.4,-16.2,0,83.4,-11.2,-13.4,83.6
0,0,-7.4,0,0,-7.2,-8.2,-16.6,0,78.8,-12.4,-11.8,79.6
0,0,-8.2,0,0,-6.2,-7,-16.6,0,75.6,-12.6,-11.8,77
0,0,-8.2,0,0,-7.4,-6.2,-16.4,0,72.6,-12.2,-12.4,74.2
0,0,-8.4,0,0,-8.2,-6,-16.6,0,69.4,-12,-12.8,70
0,0,-8,0,0,-9.2,-6,-16,0,65.8,-12.4,-13,66.6
0,0,-6,0,0,-9.6,-6.6,-15.8,0,61.8,-13.2,-12.8,62.8
0,0,-5.4,0,0,-8.6,-7.6,-15.8,0,60.4,-13.2,-13.2,60
0,0,-5.6,0,0,-6.6,-8.2,-15.8,0,56.6,-14,-13.6,54.6
0,0,-5.4,0,0,-7.6,-8.4,-15,0,53.2,-13.6,-14.4,51.2
0,0,-8.4,0,0,-6.6,-7.8,-15,0,49.4,-13.8,-14.2,47.4
0,0,-8.4,0,0,-7.8,-5.8,-14.8,0,44.2,-11.8,-14.2,43
0,0,-8.2,0,0,-7.6,-5.2,-15,0,39.4,-11.4,-13.8,38.8
0,0,-8,0,0,-8.6,-5,-15,0,36.8,-11.4,-13.6,35
0,0,-7.8,0,0,-9.2,-4.6,-14.8,0,34.2,-11.2,-13.6,32
0,0,-7.6,0,0,-10.2,-4.4,-14.8,0,30.2,-11,-13.4,28
0,0,-7.4,0,0,-7.2,-4.8,-15.2,0,26.8,-7.8,-13.4,24.6
0,0,-8.6,0,0,-6.6,-5.6,-15,0,23.6,-7.2,-13.4,21.2
0,0,-9,0,0,-7.2,-5.8,-15.2,0,-6.4,-7.2,-13.4,-8.4
0,0,-9,0,0,-7.2,-6.8,-15.6,0,-6.4,-7.2,-13,-6.6
0,0,-9.2,0,0,-8.6,-8.2,-16.2,0,-7.4,-8.4,-12.8,-5.6
0,0,-9.2,0,0,-9.2,-8.8,-16.4,0,-7.8,-9.4,-12.8,-4
0,0,-9.2,0,0,-9.8,-9,-16.6,0,-8.4,-9.6,-11.8,-4.6
0,0,-9.4,0,0,-9.2,-8,-16.8,0,-9.4,-10.4,-11.8,-6.4
0,0,-9.2,0,0,-10,-7.4,-16.6,0,-9.6,-11,-11.4,-7.8
0,0,-9.8,0,0,-10.4,-9,-16,0,-9,-12.4,-12.2,-9.6
0,0,-9.8,0,0,-11.2,-6.8,-15.8,0,-8.8,-13,-12.2,-11
0,0,-9.6,0,0,-9,-7.2,-15.4,0,-8.4,-13.2,-12,-13.4
0,0,-9.2,0,0,-8.6,-7.2,-15.2,0,-8.4,-13.8,-12.8,-13.4
0,0,-9,0,0,-8.2,-7.2,-15.4,0,-8.2,-14,-13.2,-14
0,0,-7.6,0,0,-8.2,-8,-15.8,0,-8.4,-14,-14,-13.8
0,0,-8.2,0,0,-5.8,-6.2,-16,0,-8.8,-12.4,-14.6,-14.2
0,0,-8,0,0,-6,-4.2,-15.8,0,-10.2,-11.6,-14.6,-14
0,0,-8.2,0,0,-5.8,-4,-15,0,-10,-11.6,-14.8,-13.8
0,0,-8,0,0,-4.8,-3.6,-15.2,0,-9.2,-11,-14.4,-13.8
0,0,-8.8,0,0,-4.6,-3.8,-15,0,-9.2,-11.2,-14.2,-14
0,0,-9,0,0,-7.2,-3.6,-15.2,0,-9.8,-10.8,-14,-14.2
0,0,-9,0,0,-6.2,-3.6,-14.8,0,-9.4,-8.6,-13.8,-14.6
0,0,-9.2,0,0,-6.6,-4.2,-15,0,-10,-7.6,-13.8,-14.8
0,0,-9.2,0,0,-6.6,-5.6,-15,0,-10.2,-8.2,-14,-14.8
0,0,-9,0,0,-6.8,-7.2,-15,0,-9.8,-9,-13.2,-13.4
0,0,-8.8,0,0,-7,-8.4,-15,0,-8.6,-9.8,-13.4,-8.6
0,0,-8.8,0,0,-7,-10,-15,0,-8.2,-9.8,-12.8,-9.2
0,0,-9,0,0,-7,-10.6,-15.8,0,-8.2,-9.6,-11.8,-9
0,0,-9,0,0,-7.2,-10.6,-16.6,0,-8.4,-11.2,-12.2,-8.6
0,0,-9,0,0,-8.4,-10.6,-16.4,0,-8.2,-11.4,-12.2,-8.6
0,0,-9.2,0,0,-9.2,-10,-16.4,0,-7.4,-12,-12.6,-8.8
0,0,-9.2,0,0,-10.8,-8.2,-16.6,0,-7.2,-12.2,-12.4,-10
0,0,-9.6,0,0,-12,-8.2,-16.4,0,-8,-13.2,-13,-11
0,0,-10.4,0,0,-12,-7.8,-16.4,0,-8.6,-14.2,-13.6,-13.4
0,0,-10.4,0,0,-11.8,-7.4,-16.4,0,-8.6,-14.4,-13.6,-13.8
0,0,-10.6,0,0,-11.2,-7.4,-16.2,0,-8.8,-14.4,-13.8,-13.4
0,0,-9.8,0,0,-11,-8.6,-15.6,0,-9.6,-14.4,-13.6,-13.2
0,0,-9.4,0,0,-10.2,-7.2,-15.6,0,-9.6,-12.2,-14,-13.4
0,0,-9.6,0,0,-8.4,-5.4,-15.2,0,-9.2,-12,-13.2,-13.6
0,0,-9.4,0,0,-6.6,-5.4,-15.2,0,-8.4,-12.4,-13.4,-13.2
0,0,-8.8,0,0,-6.4,-5.4,-14.4,0,-8.6,-12,-13.4,-13.4
0,0,-9.6,0,0,-6.4,-5.4,-14.4,0,-9.2,-12,-13.2,-13.8
0,0,-10,0,0,-5.2,-5.6,-13.8,0,-9.4,-11.6,-13.4,-13.6
0,0,-9.6,0,0,-4.8,-6,-14.2,0,-9.6,-11.4,-13.4,-13.4
0,0,-9.6,0,0,-3.2,-6.2,-14.4,0,-9.6,-10.2,-13.6,-13.2
0,0,-9.4,0,0,-3.4,-7.6,-14.2,0,-10.2,-11.2,-13.2,-14
0,0,-10.2,0,0,-5.2,-8.8,-14.6,0,-10.8,-9.6,-12.8,-13.4
0,0,-10.6,0,0,-7,-9,-14.6,0,-11.2,-9.8,-12.2,-12.8
0,0,-11,0,0,-7.4,-9.4,-14.4,0,-8.2,-9.8,-12.2,-11.2
0,0,-10.2,0,0,-7,-9.6,-14.2,0,-7,-10,-11.8,-10.6
0,0,-9.6,0,0,-7.2,-9.2,-14,0,-7,-10.6,-11.8,-8.8
0,0,-9.6,0,0,-7.8,-9.8,-15.2,0,-7.2,-11.2,-12,-8.2
0,0,-9.8,0,0,-9.4,-8.6,-15.6,0,-7,-12.6,-12.4,-8.6
0,0,-9.2,0,0,-10.2,-7.2,-16,0,-7,-13.4,-12.4,-8.4
0,0,-9.2,0,0,-10.4,-7.2,-15.8,0,-7.4,-13.6,-13.2,-9.2
0,0,-9.4,0,0,-9.4,-7.2,-15.8,0,-8.2,-14,-13.8,-10.2
0,0,-9.6,0,0,-9.8,-7.2,-15.6,0,-9.6,-13.6,-14.2,-11
0,0,-9.4,0,0,-10,-8.4,-16,0,-10.2,-13.6,-14.4,-11.2
0,0,-8.4,0,0,-10.4,-8.4,-16,0,-10.8,-13.6,-14.6,-12.4
0,0,-8.6,0,0,-10.4,-9.2,-15.8,0,-11,-13.6,-14.8,-13.2
0,0,-8.8,0,0,-11,-8.4,-15.4,0,-10.8,-14,-15.4,-14.2
0,0,-8.6,0,0,-10.8,-7.6,-15.2,0,-9.6,-13.8,-15.8,-14.8
0,0,-8.6,0,0,-10.6,-6.2,-15.4,0,-9.6,-12.8,-15.8,-14.8
0,0,-9.2,0,0,-9.8,-5,-14.2,0,-9.6,-11.4,-15.4,-14.4
0,0,-9.4,0,0,-7,-5,-14.4,0,-9.6,-11.6,-15,-13.8
0,0,-10.2,0,0,-6.8,-5.4,-14.6,0,-9.2,-10.4,-15,-13.8
0,0,-9.6,0,0,-5,-5.6,-14,0,-9.4,-10.2,-14.8,-13.8
0,0,-10.2,0,0,-4.8,-6.4,-14,0,-9.8,-10.2,-14.6,-13.8
0,0,-10.8,0,0,-4.8,-7.4,-14.2,0,-10.2,-10.2,-13.2,-13
0,0,-11.6,0,0,-4.8,-8.6,-14.2,0,-10.2,-10.2,-12.8,-12.4
0,0,-11.6,0,0,-4.8,-9.4,-14.2,0,-10,-11.2,-11.8,-12.4
0,0,-11.6,0,0,-5.4,-10.4,-14.8,0,-9.2,-11.8,-12,-12.4
0,0,-11.2,0,0,-7.2,-11.6,-15.2,0,-9.4,-12.8,-12,-12.6
0,0,-10.6,0,0,-7.2,-11.4,-16.2,0,-9.4,-11.2,-12,-12.6
0,0,-10.4,0,0,-8,-11.4,-16.2,0,-9.4,-11,-13,-13.4
0,0,-9.6,0,0,-8.2,-9,-16.2,0,-9.4,-11.4,-13.2,-13.8
0,0,-9.4,0,0,-6.4,-8.6,-16.4,0,-9.8,-12,-13.4,-14.4
0,0,-9.4,0,0,-5,-8.2,-16.2,0,-8.6,-12.8,-13.4,-10.8
0,0,-9.6,0,0,-5.2,-7.4,-16.4,0,-8,-14,-12.8,-9.8
0,0,-9.8,0,0,-5.6,-8,-16.2,0,-8.4,-13.8,-12.6,-9.8
0,0,-8.8,0,0,-6,-8.8,-16,0,-9,-13.6,-12.8,-11
0,0,-8.2,0,0,-7,-10,-16.2,0,-10,-13.6,-13.4,-12.8
0,0,-8.4,0,0,-8,-9.4,-16,0,-10.8,-13.6,-14,-14.4
0,0,-8.6,0,0,-8.2,-8,-15.8,0,-10.2,-13.6,-15.2,-14.8
0,0,-9,0,0,-7,-7.4,-15.8,0,-10,-13.8,-14.4,-14.8
0,0,-9.8,0,0,-5.6,-7.4,-15,0,-9.6,-14.2,-14.6,-14.8
0,0,-10,0,0,-5.6,-7.6,-15,0,-9.6,-13.2,-14.8,-14.6
0,0,-10.2,0,0,-6.8,-8,-14.8,0,-9.2,-12.6,-14.8,-14.8
0,0,-10.4,0,0,-5.2,-8.2,-14.8,0,-10.2,-12.8,-15.2,-15.2
0,0,-10.6,0,0,-5.6,-8.2,-14.8,0,-10.6,-12.8,-15.2,-15.2
0,0,-11.2,0,0,-5.6,-9,-15,0,-11.2,-12.8,-13.8,-13.6
0,0,-11.4,0,0,-5.6,-7.4,-14.2,0,-10.8,-10.6,-13,-12.6
0,0,-11.8,0,0,-7,-7.8,-14.4,0,-10.6,-10,-13.2,-12.6
0,0,-11.4,0,0,-7.4,-7.8,-14.4,0,-10,-10.6,-11.6,-12.6
0,0,-11.2,0,0,-8.6,-7.6,-14.6,0,-9.8,-10.8,-11.2,-12.6
0,0,-11.4,0,0,-9,-8.8,-15.2,0,-9.2,-12.2,-11.2,-12.8
0,0,-11.2,0,0,-9,-9.8,-15.2,0,-9.2,-13.4,-11.8,-13.6
0,0,-11.2,0,0,-8.6,-8,-16,0,-8.8,-13.8,-12.6,-14.2
0,0,-11.4,0,0,-8.4,-7.4,-15.6,0,-9,-13.8,-12.6,-14.2
0,0,-11.8,0,0,-5.8,-7.2,-16,0,-9,-13.6,-12.8,-14
0,0,-12,0,0,-3.6,-7.2,-15.6,0,-9.4,-14,-13,-14
0,0,-11,0,0,-3.8,-8.4,-16,0,-10.2,-14,-12.8,-14.4
0,0,-10.8,0,0,-3.8,-9,-16.4,0,-10.6,-12.6,-13,-12.8
0,0,-10.6,0,0,-5.6,-9.4,-16.2,0,-10.8,-11.2,-13.2,-12.2
0,0,-10.6,0,0,-5.2,-9.6,-16.4,0,-10,-11.4,-13.8,-12.8
0,0,-10.6,0,0,-5,-8.8,-16.2,0,-9.4,-11.4,-14.6,-13.6
0,0,-10.6,0,0,-7.2,-8.4,-15.4,0,-9.4,-12,-14.6,-14.8
0,0,-10.2,0,0,-7.2,-8.6,-15,0,-9.4,-11.2,-14.6,-15.2
0,0,-10.4,0,0,-8.4,-8.8,-14.8,0,-9.6,-12.4,-14.6,112
0,0,-10.8,0,0,-9.2,-8.6,-15,0,-10,-12.2,-14.2,-15.6
0,0,-11.2,0,0,-7.6,-8.8,-15,0,-10.4,-12.2,-14.2,-15.4
0,0,-11.2,0,0,-7.2,-9,-14.4,0,-11.2,-12.6,-14.2,-15.4
0,0,-11.2,0,0,-7,-9.6,-14.2,0,-11.2,-12.8,-12.8,-15.2
0,0,-11,0,0,-7,-10.4,-14.2,0,-11.2,-12.6,-12,-14
